{"type": "FeatureCollection", "features": [{"type": "Feature", "properties": {"region_name": "EST"}, "geometry": {"type": "Polygon", "coordinates": [[[5.2759250637615, 46.4481213263], [5.2545935888787, 46.454117831184], [5.2468319237306, 46.459403653865], [5.2350290009581, 46.457948870166], [5.2255477233319, 46.468273543404], [5.2150628404089, 46.468359298393], [5.2130427939332, 46.481261974235], [5.2066353369633, 46.48639795185], [5.2011399666188, 46.508211405762], [5.1815968667213, 46.509758803783], [5.1667923612572, 46.514674866375], [5.1664495124354, 46.505590616989], [5.141950046447, 46.508357328146], [5.1152051358154, 46.494069043579], [5.10737201939, 46.491919458253], [5.0989387475854, 46.497166675779], [5.0700061667722, 46.485667291269], [5.0523715346281, 46.484873791529], [5.0141793460298, 46.500587565063], [5.011007749262, 46.510294840159], [4.9835496952255, 46.515392507897], [4.9645994700407, 46.513175985923], [4.9491021767105, 46.501380502462], [4.9400218107181, 46.517199374492], [4.9314208893674, 46.509211481378], [4.9257189717408, 46.497441604339], [4.9155507621799, 46.488939443669], [4.9157805036687, 46.465413333501], [4.9111172894635, 46.457732635494], [4.8992958191725, 46.450123277325], [4.8918151434404, 46.439918009678], [4.8882101486247, 46.402977057782], [4.873839273104, 46.384668143424], [4.8585287407096, 46.368018459572], [4.8514544831808, 46.356271094403], [4.8534210199043, 46.32990123356], [4.8332136171616, 46.300145048773], [4.8259515552341, 46.274785814873], [4.8109975376095, 46.259923276174], [4.8115552603184, 46.249932664612], [4.8077505003904, 46.236972415214], [4.7945859355866, 46.218311767171], [4.7933904888672, 46.204700104778], [4.7802430578135, 46.189052363162], [4.7802082627383, 46.176676203678], [4.7608053446831, 46.175968780182], [4.7597597705914, 46.172840600415], [4.7305257874621, 46.178368585861], [4.7243706747794, 46.184304976244], [4.72266470068, 46.202320489849], [4.7356928657613, 46.211923783014], [4.7206237625559, 46.222390986056], [4.7326605831699, 46.227019799221], [4.7357666167041, 46.234244688808], [4.7028290155173, 46.251330439429], [4.6883618181605, 46.25011389523], [4.6795502516132, 46.258666565339], [4.6878811178807, 46.265311972919], [4.7076872577415, 46.269647917424], [4.7075411259083, 46.284660070276], [4.694515991108, 46.292672565821], [4.6931098569714, 46.302197476983], [4.6794340760587, 46.303994122044], [4.6693820675804, 46.297910092985], [4.6546591822967, 46.303484822155], [4.6352614072065, 46.299289507242], [4.6314517777677, 46.289015276562], [4.6183224944202, 46.282440402941], [4.6220235259619, 46.270079226484], [4.6185580580588, 46.264793895574], [4.5865068000033, 46.268694622582], [4.5726687726239, 46.277139335718], [4.5698487572768, 46.293352201901], [4.5577956308141, 46.294551640092], [4.5480762222411, 46.282864938182], [4.5464477974735, 46.27391839397], [4.5372643385622, 46.269911483268], [4.5039940949336, 46.267132463094], [4.488465816487, 46.287994462282], [4.4765696377244, 46.284237867232], [4.4583704273073, 46.296976724079], [4.4397213287914, 46.293184568466], [4.4272337977412, 46.302730717527], [4.4218715520166, 46.294954263085], [4.4058135314858, 46.296057806589], [4.3920466116785, 46.263026545141], [4.388291015925, 46.247956431405], [4.3880744564659, 46.219790380732], [4.3893979878582, 46.213601360996], [4.3774743279046, 46.21020246009], [4.3631781812533, 46.200537276046], [4.3706868166882, 46.191620039558], [4.3648481141165, 46.183579311067], [4.3450682105084, 46.187441862916], [4.3357117653558, 46.181398292861], [4.3270887031684, 46.184790131282], [4.3157416420975, 46.172029804364], [4.3035807058325, 46.17426655994], [4.2952828837852, 46.172250410112], [4.2824944900944, 46.156946471815], [4.2520302327293, 46.157916681311], [4.2518988744775, 46.167097935374], [4.2610250986037, 46.178754364444], [4.2525000565082, 46.187922148658], [4.2423584224526, 46.188830459357], [4.2335294499164, 46.180026926884], [4.2246872961743, 46.177995338767], [4.207903434232, 46.194833150686], [4.1854551738783, 46.190162130834], [4.1884438149961, 46.175128955988], [4.1660889760454, 46.172928033288], [4.1324158349304, 46.177826358374], [4.1040867377072, 46.198391359055], [4.0908839436933, 46.192837097346], [4.0716672927165, 46.18807123789], [4.0614051962048, 46.188789802443], [4.051960198465, 46.181690186415], [4.0308840440337, 46.171882539683], [3.9887880883959, 46.169805261207], [3.9817823975359, 46.17634098728], [3.9728332574833, 46.193862543845], [3.9725466394127, 46.202707514639], [3.933514918779, 46.206414377073], [3.9179891232598, 46.202853033545], [3.9135693350409, 46.206918558033], [3.890130972164, 46.214487049905], [3.8981917464837, 46.226659321125], [3.8966112073781, 46.2371189424], [3.9076581109201, 46.242456213516], [3.908821904601, 46.260346940334], [3.9055127902449, 46.271596707683], [3.899538631706, 46.275908099459], [3.8912386850317, 46.28524616424], [3.8974208259956, 46.291460834216], [3.9135709840696, 46.296680727045], [3.9300977722843, 46.295820251472], [3.942781911555, 46.298925500612], [3.9477193967384, 46.303444864233], [3.9481286581435, 46.31979164002], [3.9866271252361, 46.319195576966], [3.9974052217542, 46.323291087799], [3.9847410554074, 46.32973022678], [3.9886640376734, 46.360561403255], [3.9916043062641, 46.369630419679], [3.9842615206377, 46.378286038678], [3.9772206054151, 46.399220047306], [3.9886970251491, 46.408772224942], [3.9844480228975, 46.416663389961], [3.9956151474212, 46.4286940195], [3.9881422985694, 46.435461575775], [4.0055701432229, 46.443531306791], [3.997444424826, 46.450264670788], [4.0015415164833, 46.458618151559], [3.9980402829299, 46.465463980924], [3.9730562040646, 46.477457398934], [3.9565931687991, 46.47688226209], [3.9520867242123, 46.481423383561], [3.9579376111726, 46.489753821104], [3.9496133283036, 46.492478893726], [3.9375764836594, 46.49076190287], [3.9189702450008, 46.496061208045], [3.9013529089878, 46.490636303507], [3.896985633842, 46.481471942919], [3.8904665810402, 46.481246458453], [3.8649127119961, 46.489736338385], [3.860387224324, 46.495601253328], [3.8646271424558, 46.509717077517], [3.8600251576626, 46.515222323315], [3.8494709455035, 46.513023833485], [3.8397556873666, 46.517562051932], [3.8464630176371, 46.524356398489], [3.8340033360184, 46.531134997034], [3.8176755382384, 46.525229454055], [3.8113440515561, 46.520138117834], [3.8017563839321, 46.519902255804], [3.7878963661806, 46.528042650186], [3.7656008328403, 46.537908481562], [3.7546629110025, 46.536019887064], [3.7418443310505, 46.539508443385], [3.73154117491, 46.549578224034], [3.7406549316466, 46.559049395025], [3.7432893129951, 46.567565263244], [3.7323776901235, 46.604907119963], [3.7176467323502, 46.605806262315], [3.7138737202882, 46.613995279712], [3.7230250098493, 46.622072726143], [3.7227091007956, 46.627609885471], [3.7121523238188, 46.633631635674], [3.699679505, 46.651867135799], [3.6969575528098, 46.660583034448], [3.6801004977635, 46.66852089269], [3.6554716665381, 46.687748401639], [3.6513931816228, 46.70282167235], [3.637895263919, 46.707205199291], [3.6381391050479, 46.722723829214], [3.6353341554133, 46.728514790806], [3.6225898833129, 46.740130866568], [3.6294223422648, 46.749456328005], [3.6201072037828, 46.754059565827], [3.6020398798222, 46.751247280578], [3.5977490685569, 46.76202889412], [3.5910525816638, 46.762426406979], [3.5806709648764, 46.752741235279], [3.5845515939144, 46.739382605418], [3.5971876767747, 46.728401657187], [3.598000652576, 46.723983498355], [3.5773137335153, 46.714852724197], [3.5503869458917, 46.715861095646], [3.548207507912, 46.706166654281], [3.5555591963708, 46.695741177165], [3.5543959772727, 46.684731744078], [3.5464728563281, 46.678292894912], [3.5300363962253, 46.688813284083], [3.5174930194471, 46.683185185586], [3.4871533162964, 46.658256156349], [3.4865354798384, 46.65380880583], [3.4572892729042, 46.651760006926], [3.4473385862025, 46.663554460402], [3.4535963621348, 46.681987883569], [3.4513122938683, 46.689900877873], [3.4329783660003, 46.693340026098], [3.4295672938027, 46.702504791218], [3.4341396009475, 46.711907843672], [3.4074108289121, 46.711510582242], [3.3877581200663, 46.714818365449], [3.3787310431309, 46.71134766179], [3.3754269760827, 46.699410803841], [3.3664449691016, 46.691259477216], [3.3467035850706, 46.684418162056], [3.3139651835149, 46.688751611332], [3.2988329664362, 46.713590484885], [3.2697959512206, 46.71674181988], [3.2551640362648, 46.706289026218], [3.2330363473519, 46.697017662903], [3.2155446436111, 46.682892755029], [3.1972601846791, 46.679928148065], [3.1631524413883, 46.693541123032], [3.1297797354937, 46.727201530755], [3.0839336875931, 46.737632194007], [3.0610780913415, 46.749849808096], [3.0490666680714, 46.758080742151], [3.0361449719957, 46.776351034743], [3.0368385012729, 46.784399457513], [3.0320629441459, 46.794909389217], [3.0374707304721, 46.807786953663], [3.0593510744061, 46.827263935532], [3.0545889127264, 46.838765097797], [3.0671018851119, 46.847818120893], [3.0680961068914, 46.877680332057], [3.0609590858964, 46.898148846497], [3.0514016137092, 46.904955777225], [3.0502954877584, 46.910631265703], [3.062210755789, 46.927739529848], [3.0648978058646, 46.937079267447], [3.0793324170792, 46.955115150499], [3.0717062160523, 46.964340639457], [3.0629299477088, 46.981085018578], [3.0655821306108, 46.997351832387], [3.0757442612943, 47.019148176465], [3.0748375004401, 47.029815006019], [3.0627453140392, 47.04527634615], [3.034525000237, 47.056291089581], [3.0232191913817, 47.062612371142], [3.0187160021753, 47.070780884737], [3.0211804845643, 47.078232382085], [3.0313737475376, 47.092475725697], [3.0280905152523, 47.129064982977], [3.0211980869457, 47.136438093682], [3.0159484799111, 47.159093918463], [3.0092852008476, 47.179914660937], [2.9972827962038, 47.20166393803], [2.9816886133559, 47.221993356801], [2.9779552353597, 47.235552508643], [2.9834001334309, 47.259765880582], [2.9739389096142, 47.269804660206], [2.9378619912637, 47.287719383722], [2.9264805753113, 47.298618271978], [2.907768482234, 47.310991294935], [2.8848764388062, 47.316364164149], [2.8765423657559, 47.321934350315], [2.8699481463917, 47.338248316569], [2.8734919391537, 47.348396860493], [2.8952492319567, 47.372177057081], [2.9008159931543, 47.385192680229], [2.9184549974743, 47.405524882196], [2.9198859465078, 47.42134952529], [2.930733371753, 47.431324302158], [2.9288970093188, 47.444564932191], [2.9209883066832, 47.455435821811], [2.9140606551793, 47.470896834824], [2.8980184987491, 47.485252401408], [2.8884586332585, 47.50943098545], [2.8746305174837, 47.520424918568], [2.8489012329621, 47.53754134151], [2.8451871650071, 47.544932948997], [2.8574859883322, 47.552839253284], [2.8661248696402, 47.546368484983], [2.8738950692802, 47.55280954087], [2.8907714985755, 47.553102008094], [2.9093721909559, 47.559160555497], [2.9142961197082, 47.565971982014], [2.9586515837228, 47.55737826151], [2.9643142632036, 47.564408371297], [2.9765353538906, 47.569424295927], [2.9622680864494, 47.576787199846], [2.9644517577136, 47.581632358212], [2.954982923175, 47.590408879602], [2.9480691732296, 47.590534725553], [2.9379937136807, 47.598885605034], [2.9452166853722, 47.608449329011], [2.9357687458876, 47.619831796752], [2.9362905168585, 47.636648702788], [2.9542289513333, 47.64577418642], [2.9369444627222, 47.659131595543], [2.926238261078, 47.660085723292], [2.9181562549963, 47.669794968987], [2.9231151407358, 47.680558801908], [2.9037123946566, 47.695095946597], [2.8829409210413, 47.702615088236], [2.8841930930896, 47.714211876689], [2.8765799552305, 47.719081526808], [2.8585167014012, 47.711991090287], [2.8489690050712, 47.716844895991], [2.8487899744432, 47.725884864654], [2.8581457165416, 47.745650029901], [2.8566700654285, 47.760929175798], [2.8701769520741, 47.764868196886], [2.893986958474, 47.764757164259], [2.9093762293739, 47.769314365231], [2.9350564314568, 47.763249875579], [2.988226602321, 47.78603448946], [3.0237994278176, 47.786550178612], [3.0281204473987, 47.800645366032], [3.0229373322912, 47.812772400995], [3.0154699273932, 47.813535934414], [3.0125313015817, 47.834373232486], [3.0310783842835, 47.837952684286], [3.0338278605646, 47.843872107669], [3.0241574870815, 47.860432544378], [3.0053590366439, 47.864049253797], [3.0020156817175, 47.86910456894], [3.0113128689564, 47.874942218413], [3.0072263096695, 47.895290955742], [3.0102886119028, 47.904716972369], [3.0251429746145, 47.905395103831], [3.0369085970173, 47.910046599044], [3.0501029428736, 47.911450149596], [3.049851715745, 47.917612271733], [3.0646126208988, 47.930516710244], [3.0784762596905, 47.93141901745], [3.0813886854655, 47.938303435109], [3.0959562152001, 47.94648282966], [3.1052652915151, 47.946939230434], [3.1177801945629, 47.964978280792], [3.1284487900515, 47.970976841524], [3.1215086124269, 47.99508051279], [3.1245523220345, 48.006031052733], [3.1154271480689, 48.012966036779], [3.1040912941224, 48.013541749122], [3.1031098748357, 48.024050754331], [3.120444753158, 48.027237026667], [3.1242571374888, 48.031123310866], [3.0973362166793, 48.039371853532], [3.0883164489307, 48.053931896432], [3.0668426687001, 48.062700948945], [3.0504714242752, 48.072334131135], [3.0498894899541, 48.088838788782], [3.0383144426538, 48.101542780839], [3.035285259367, 48.115994375619], [3.0158768007648, 48.115703437492], [3.0294681734995, 48.133204471839], [3.0067845221623, 48.145250368304], [2.9939835469666, 48.142265686487], [2.9908854951697, 48.152489288025], [2.9636115856187, 48.152952836191], [2.9532706975673, 48.165012141792], [2.9363157566366, 48.163391744884], [2.9347445709406, 48.178820824383], [2.9507427471906, 48.190202971569], [2.9695465243882, 48.193835497978], [2.9744704228122, 48.205550154363], [2.9889655342085, 48.209014778073], [3.0051596957479, 48.207665501246], [3.0189243879447, 48.231774581507], [3.0185660113854, 48.235192866522], [3.0314619630164, 48.248879164003], [3.047565503762, 48.249696163103], [3.0436326434308, 48.272020556142], [3.0249639004196, 48.27600913901], [3.0297705668286, 48.285841287403], [3.0204148507047, 48.293439730003], [3.0272557445779, 48.300368070976], [3.0158983096866, 48.307897241414], [3.0365741164856, 48.326028248436], [3.0374902381586, 48.343151149375], [3.0495229427782, 48.360116755131], [3.0605482162395, 48.357442256262], [3.0878411046476, 48.358744110403], [3.1034153439925, 48.349510589018], [3.1182555596676, 48.366787852825], [3.1398647131279, 48.372599662445], [3.1677335139977, 48.371858146235], [3.1796714598679, 48.375720974057], [3.184946555144, 48.368130335436], [3.2018505500023, 48.364015470529], [3.2328491246009, 48.370332895515], [3.254386262298, 48.36502005161], [3.2647767822592, 48.374621237382], [3.2823921646024, 48.377519839785], [3.3051586355523, 48.372876819681], [3.3093216217612, 48.376980286994], [3.3301099431753, 48.372120787109], [3.3651606301927, 48.372282482296], [3.3627847824483, 48.382576787133], [3.3672130286667, 48.394317453742], [3.3833174045242, 48.39970411104], [3.4020328168494, 48.389706108674], [3.4147888224632, 48.390268550005], [3.4220792964886, 48.413341016525], [3.4136232739227, 48.414339744235], [3.4118359218741, 48.421315638566], [3.3919585015834, 48.424317659764], [3.3969885214937, 48.434567766893], [3.40356672054, 48.438738834692], [3.4064837519344, 48.45245201333], [3.3964392758484, 48.463728690957], [3.3883584814447, 48.480409204068], [3.4203545971629, 48.491547248944], [3.4346387383078, 48.490251682592], [3.4239142947726, 48.514360214193], [3.4053967325678, 48.528014902933], [3.4142391071512, 48.533468273095], [3.4234477695307, 48.533559074894], [3.4382278519026, 48.52833381057], [3.4591848626137, 48.530740265696], [3.4796007670225, 48.544709319952], [3.4797700428722, 48.550623337178], [3.4722961348839, 48.564913176785], [3.4655215727904, 48.570484758136], [3.4733827141903, 48.576873863934], [3.4852747034173, 48.580426868353], [3.4975057114927, 48.589954752513], [3.5158639136582, 48.589782150903], [3.5038548704771, 48.604807329745], [3.5346181421224, 48.61035282902], [3.555613758785, 48.620285576065], [3.54590310832, 48.62806547987], [3.5190643678345, 48.633470112339], [3.517498400146, 48.643365240313], [3.5031842529874, 48.645682506087], [3.4881941587649, 48.644795887875], [3.4765733783329, 48.637329365265], [3.4531162175594, 48.633955984329], [3.4604317354595, 48.653009078358], [3.4408489379625, 48.66307286353], [3.442691260176, 48.672503410154], [3.4545564374114, 48.682119139778], [3.4658318000834, 48.68619250912], [3.4769690535178, 48.699355347111], [3.4643082791983, 48.707378088042], [3.4674670222781, 48.735224220894], [3.440606129229, 48.738701946832], [3.4358103469779, 48.753571711386], [3.4256695187547, 48.755689536249], [3.4129613380945, 48.753902050854], [3.398657955437, 48.755599281994], [3.4008409030783, 48.767256400859], [3.4094228096892, 48.783835572028], [3.4282111529646, 48.77948500421], [3.442160723333, 48.784353883555], [3.4412895824977, 48.800919300185], [3.4104778884203, 48.803943061752], [3.4041649646308, 48.80927626878], [3.4166176467147, 48.817828781451], [3.4321664968613, 48.812257770946], [3.4544121814945, 48.813840024336], [3.4703815627087, 48.8208976637], [3.4809287140503, 48.81218578416], [3.4872017702391, 48.815190371551], [3.4849684486637, 48.825009748881], [3.4895742506519, 48.839868156733], [3.4851833721947, 48.851910309574], [3.4824053162481, 48.864936735752], [3.5021501743028, 48.871150830362], [3.5130610888281, 48.894727857657], [3.5285709402165, 48.912136556763], [3.5600217013966, 48.917012631384], [3.5698140355022, 48.914705628852], [3.5738483617762, 48.921481440361], [3.5744445323994, 48.939019123403], [3.5888878773911, 48.943911238057], [3.6015957850168, 48.944073853473], [3.599065082592, 48.953591820396], [3.5915529898914, 48.960375393399], [3.5991756397826, 48.964609029368], [3.6206544521613, 48.965944000018], [3.6245368960791, 48.983751500727], [3.6398926774554, 49.00408594583], [3.6651641207485, 49.00563190452], [3.6749656325958, 49.01172340253], [3.6774822917619, 49.019164672527], [3.6639547486924, 49.037308063462], [3.6463115589695, 49.040590166906], [3.6168408971943, 49.03648384631], [3.6150194069679, 49.033500653248], [3.5866997575834, 49.035795925017], [3.5877081614204, 49.059394624683], [3.6121535124357, 49.073560405492], [3.6237954864751, 49.07086508435], [3.6328719662821, 49.072789507462], [3.6390507423115, 49.081304273735], [3.6323412082709, 49.086509017267], [3.6200761430148, 49.107193914382], [3.6000114843908, 49.120690012831], [3.6103949951775, 49.127543924136], [3.6222521277141, 49.151105463129], [3.6468735208387, 49.149122623512], [3.6718043158638, 49.150635019402], [3.6838376358892, 49.154490943481], [3.6980322212385, 49.149827639227], [3.7016210668145, 49.143083232127], [3.717012841182, 49.147040324959], [3.7395699991233, 49.156933396134], [3.7487678456403, 49.157085133246], [3.7511423125744, 49.177699202357], [3.7372236091373, 49.177961424911], [3.7254385553209, 49.173515978138], [3.7043892552675, 49.181369443488], [3.7005485386662, 49.187713241443], [3.7048747423107, 49.198590103722], [3.6971034744514, 49.205472659609], [3.6839084510227, 49.197534060825], [3.6817942876508, 49.205339977618], [3.6584058277856, 49.211000985544], [3.6516085786612, 49.221427253663], [3.6650221926501, 49.223221302369], [3.6763725147129, 49.23836076616], [3.6707785326799, 49.239600299061], [3.6637955993399, 49.253525125811], [3.6552490233788, 49.262847772673], [3.665132135016, 49.269657535247], [3.6516094181931, 49.278360707849], [3.65731758003, 49.291021541771], [3.642801871342, 49.296041342828], [3.6383343630554, 49.301354552133], [3.646957318637, 49.315152582535], [3.6601616875884, 49.318370386543], [3.6703327730544, 49.325093317382], [3.6891002697559, 49.326851228803], [3.7012926310034, 49.332508221298], [3.7216167324835, 49.335726303503], [3.7422206958499, 49.336511221485], [3.7410811711412, 49.347585887018], [3.757818074306, 49.347604354229], [3.7744622374234, 49.354639933222], [3.7824442652216, 49.352774492617], [3.8015158122099, 49.358931233427], [3.8237576514434, 49.356987454563], [3.832778633819, 49.350261851859], [3.852156449301, 49.344654924149], [3.858709482185, 49.353737278746], [3.847475808218, 49.364589335554], [3.8573468410854, 49.369945638107], [3.8591446800636, 49.381351797144], [3.8787822154646, 49.385857165921], [3.9150740342564, 49.399385348956], [3.9244391664348, 49.406179032892], [3.9318314213659, 49.403084958448], [3.9424137621592, 49.391461051265], [3.9613104389204, 49.377346727516], [3.9913652648133, 49.378222344205], [4.0051087823761, 49.369208523497], [4.0127326189721, 49.358302701884], [4.0354977852679, 49.359905945249], [4.0399063933123, 49.397393331324], [4.047974391829, 49.405644080344], [4.0502747365168, 49.412260783575], [4.0422957368009, 49.416650795955], [4.0431448752397, 49.429325986342], [4.0376689955921, 49.438263004999], [4.0500241066599, 49.445792451369], [4.0602468457773, 49.447151466107], [4.0529144654974, 49.460257089671], [4.0423746855064, 49.468690509147], [4.0407061703752, 49.50853200863], [4.053158610381, 49.50864470004], [4.0618580428951, 49.512563145954], [4.0566240283661, 49.521046840185], [4.0650976973335, 49.523284436368], [4.0758354322042, 49.518345118497], [4.0767490566918, 49.531314775054], [4.0738006912951, 49.541617642486], [4.0487683371061, 49.545272613584], [4.0582914969504, 49.552548182169], [4.0647940705926, 49.562212345669], [4.0765722336699, 49.57112568919], [4.0627821408209, 49.573556972194], [4.0595605382919, 49.578709772836], [4.065110143114, 49.594908552638], [4.0541912133221, 49.595288700911], [4.0313962718463, 49.614287229711], [4.0252899216328, 49.62252962525], [4.0379111248697, 49.622918577627], [4.0432501448672, 49.6361455878], [4.0511107039532, 49.634644480527], [4.0695561865706, 49.636751879497], [4.0993133133426, 49.628479985907], [4.1147910874013, 49.635304817786], [4.1254660330069, 49.650608155401], [4.1223323319077, 49.659520506862], [4.1270270054568, 49.677917606181], [4.1475377596226, 49.678019756234], [4.1441873561823, 49.688543920373], [4.1783005290521, 49.698036101434], [4.1920358906093, 49.710905599545], [4.1926293949408, 49.715800885171], [4.2064629076853, 49.723538323397], [4.2247072679536, 49.727198714419], [4.2290201625555, 49.745744739695], [4.2500943395752, 49.757098850356], [4.2382185523689, 49.767642716303], [4.2266193641282, 49.773087602827], [4.2142637924854, 49.771267691897], [4.2095884562322, 49.781777002902], [4.2224308204953, 49.786967474101], [4.2270460920968, 49.793183108192], [4.2147724033566, 49.806110108269], [4.21989152014, 49.815134132001], [4.2234884321126, 49.83376467914], [4.2366221851606, 49.849699207378], [4.2485056451169, 49.856518172527], [4.2530532522095, 49.872272130792], [4.2540638814402, 49.904004764573], [4.2332446058305, 49.904304609803], [4.2221391301616, 49.910422069675], [4.2187089162197, 49.920686498287], [4.2216024803296, 49.937902313306], [4.2303959475263, 49.947204968202], [4.2330628764399, 49.957824711709], [4.2543844268894, 49.963631572174], [4.2912940079087, 49.964058971117], [4.3014826951044, 49.966176318126], [4.3336522040504, 49.963560746982], [4.3497118423918, 49.952178234237], [4.3768351947882, 49.952426776681], [4.3893549519505, 49.948471550376], [4.4040767168602, 49.949066249233], [4.4384321997593, 49.940983017693], [4.4469381022162, 49.937508219405], [4.4816075926688, 49.947850133409], [4.5104090412086, 49.94668310443], [4.5268882654673, 49.955655131433], [4.5379600686649, 49.966578753488], [4.562760480326, 49.969878068755], [4.5737037707612, 49.980303220057], [4.5930582012037, 49.985505370138], [4.6234910262232, 49.986514367297], [4.6718734438468, 49.997042353417], [4.6888729975296, 49.99550012591], [4.6851735062023, 50.008022811301], [4.6855679524785, 50.027630172966], [4.6964968238826, 50.048065555594], [4.6959001788656, 50.059078634975], [4.6831845410969, 50.064918750085], [4.6930262279408, 50.084818698216], [4.702082951479, 50.095527943315], [4.7516371956114, 50.112096179533], [4.7621611459353, 50.136395161183], [4.7797569187354, 50.141423325848], [4.8060299652994, 50.152928502564], [4.8225821967951, 50.168317417174], [4.8242908682916, 50.160729654086], [4.8319939129987, 50.153954420888], [4.8795586056388, 50.152031455312], [4.8823453724974, 50.14107993006], [4.8949695160522, 50.140358533811], [4.8948873702986, 50.134603452171], [4.8777264037364, 50.129652324419], [4.8706357641482, 50.124646439548], [4.8684744101123, 50.116644777365], [4.8732123209519, 50.106964035761], [4.8685258721021, 50.097622646189], [4.8512334054671, 50.101365762653], [4.8435535797063, 50.093372937943], [4.8428707035034, 50.077477843885], [4.8379348636099, 50.067107469075], [4.8193112936247, 50.065876763524], [4.8269925484463, 50.052897786762], [4.8408180239435, 50.045906327693], [4.8403927713466, 50.037589003447], [4.8219880629777, 50.027412758579], [4.8159415189027, 49.997896526955], [4.8110027580392, 49.987971684423], [4.794698989736, 49.978299033895], [4.7901082811856, 49.970018583443], [4.7909101015257, 49.958397607379], [4.8149651624191, 49.95406557034], [4.8294146767334, 49.949216811425], [4.8393316997629, 49.950755525407], [4.8501867463093, 49.946472183139], [4.8581281971305, 49.93289732385], [4.8813667911683, 49.921507940837], [4.8876674649878, 49.90625840031], [4.8833077168313, 49.896180747091], [4.8692226992226, 49.883673952197], [4.8621352372787, 49.869183589271], [4.8541885068293, 49.864788994801], [4.8517209454791, 49.856206959432], [4.8554596773055, 49.848133613298], [4.8675765193083, 49.840075948112], [4.8738789972466, 49.820795895287], [4.8670886259725, 49.814194172037], [4.8553769519334, 49.792361619124], [4.8622979513047, 49.789221252237], [4.8809506209952, 49.792325737532], [4.8875425422306, 49.788171662915], [4.9102925994326, 49.786100854737], [4.9309281605517, 49.786852475693], [4.9561280722759, 49.801228329118], [4.9988354545104, 49.799310967803], [5.0089296334883, 49.781937129687], [5.038248102836, 49.771525570008], [5.0568010186231, 49.767535269907], [5.063178302851, 49.761924291203], [5.093500464756, 49.763726941381], [5.1150746404809, 49.741436226312], [5.1246896996546, 49.727395536304], [5.1230703404202, 49.717305567328], [5.143638993168, 49.709300418645], [5.1533130431568, 49.718376209895], [5.1615689619341, 49.714805281588], [5.1658552238469, 49.707139109792], [5.1662014036773, 49.692914558036], [5.2066035044019, 49.693600820549], [5.224566521714, 49.689429173903], [5.2324451768337, 49.690737513629], [5.2474131522102, 49.686990389293], [5.2580461992444, 49.694260798854], [5.2691845901837, 49.696071670408], [5.2807611147651, 49.689032466702], [5.2865633840877, 49.681818441276], [5.3087401102806, 49.67122355633], [5.3327639081107, 49.652787613834], [5.3169728483899, 49.643830993309], [5.3046743423384, 49.629430201402], [5.3117321993999, 49.613546516808], [5.3397669126158, 49.616560947097], [5.3429882085979, 49.62674042769], [5.3503363217496, 49.630862526305], [5.3699196598296, 49.622570862025], [5.3935393812988, 49.617086785829], [5.4269132757795, 49.597344909551], [5.4379714887151, 49.569737286799], [5.4535526093259, 49.564921488307], [5.4415639023972, 49.552225052944], [5.4650619164038, 49.538862640494], [5.4663281735759, 49.528430189479], [5.447578521257, 49.517372874597], [5.4647324749065, 49.505819945807], [5.4709047865596, 49.497208726991], [5.4801260050649, 49.5042048476], [5.505773753281, 49.507560932221], [5.5327282010479, 49.512980369896], [5.556050367567, 49.52925089646], [5.5934514158621, 49.521909724278], [5.6002800743504, 49.517481440665], [5.6036245138856, 49.508662087223], [5.6115035973004, 49.506452254144], [5.6213594702283, 49.519543514982], [5.6159222684657, 49.527126195574], [5.6203426845973, 49.533164237559], [5.6368006429332, 49.545044778804], [5.659773917278, 49.552868947481], [5.6940713831155, 49.544034542904], [5.7012603687509, 49.539519718091], [5.7152828377125, 49.539335201991], [5.7325199993123, 49.544461313993], [5.7388640222945, 49.539320264271], [5.7573750958904, 49.542824262522], [5.7561520187018, 49.557012366016], [5.7752184924057, 49.562644003065], [5.7939345464924, 49.551240108366], [5.817598826725, 49.54647885103], [5.8192303780619, 49.537378081769], [5.8369587698802, 49.542475474291], [5.845880698823, 49.529954308627], [5.8344148247219, 49.52630284488], [5.8437151332678, 49.516116312314], [5.8624510369037, 49.501642325338], [5.869086517445, 49.498778421143], [5.8934039932125, 49.496912378689], [5.9131228430979, 49.501930487596], [5.9275784580358, 49.498222137522], [5.9399396363651, 49.500973515404], [5.9543549817944, 49.494028742166], [5.971776634974, 49.491320067133], [5.9719898548951, 49.472772002285], [5.9786602517285, 49.461213469236], [5.9876579090328, 49.462416479402], [5.9889818118401, 49.453330179107], [6.0020130392406, 49.455793300138], [6.0091636987779, 49.452599066022], [6.0276447821787, 49.455537293057], [6.0278782998684, 49.448439296043], [6.0423723359911, 49.447931072295], [6.0556220526452, 49.465361612667], [6.0767052592775, 49.46365936715], [6.0812989556481, 49.458562227473], [6.100815774202, 49.452882062635], [6.0978706962197, 49.464052470472], [6.1020780284711, 49.470224838021], [6.123492261297, 49.473753515732], [6.1276565854344, 49.492885551721], [6.1438043282733, 49.487268725521], [6.1569057576806, 49.497456281788], [6.1568855820521, 49.504390732514], [6.1807922123531, 49.507740334246], [6.1972680839746, 49.505966578682], [6.2564100413301, 49.510019040716], [6.2624116466706, 49.504724182106], [6.2790979434498, 49.503352708062], [6.2801065837471, 49.494398595906], [6.296575175601, 49.480106832386], [6.3124934980479, 49.480320202438], [6.3328228233983, 49.469493947419], [6.3424701827187, 49.469156069631], [6.3643965239711, 49.459484546704], [6.3666661689717, 49.466918673264], [6.3919596630846, 49.464460320335], [6.4076179611636, 49.467512030949], [6.4190855362062, 49.474939817898], [6.4301197078959, 49.476400021233], [6.4395895671046, 49.467281846999], [6.4700838654605, 49.462767275295], [6.4848977061868, 49.452470714368], [6.4976632893167, 49.450631546424], [6.5211006756686, 49.437323933302], [6.5329615902039, 49.435378532848], [6.5522345196475, 49.423348210636], [6.5543620111982, 49.418383989553], [6.5387980688369, 49.412379406349], [6.5405242817617, 49.401146060427], [6.563422078373, 49.388145785152], [6.5735876662047, 49.389262822438], [6.5870798611261, 49.384936563478], [6.5838802640069, 49.368622950588], [6.5943948345255, 49.371471620308], [6.6018563427332, 49.366781011608], [6.5901277643478, 49.354745146744], [6.5746297463216, 49.358198402077], [6.5647703710395, 49.353135042025], [6.5658428249466, 49.347352742548], [6.5775969804184, 49.335791607751], [6.5854756155499, 49.336044725988], [6.5955861357867, 49.330270386186], [6.5890778127358, 49.321999253582], [6.6175388153446, 49.302170593505], [6.6253921808815, 49.302190458195], [6.6514018837136, 49.285835177653], [6.6532277371416, 49.281116548287], [6.6691862190043, 49.28060241979], [6.6678733285273, 49.271339809982], [6.6603276651427, 49.260969691767], [6.6644435280076, 49.254561265753], [6.6780682329599, 49.255060668414], [6.6905439593201, 49.247633562325], [6.6850959557718, 49.243739619385], [6.6895788875244, 49.23533441597], [6.6881350897594, 49.224445656782], [6.6948030976287, 49.215906501206], [6.7196514167899, 49.221375153791], [6.7314966006431, 49.20608920408], [6.7113631909174, 49.188538133309], [6.7209675062078, 49.174994832853], [6.7385082593927, 49.163661266785], [6.7538830937062, 49.166177108553], [6.7845561626242, 49.168086631556], [6.8345431950591, 49.151466537904], [6.8438548055183, 49.15565290074], [6.8472694874904, 49.173487755725], [6.8609474837466, 49.178714159357], [6.8586496056677, 49.185917677931], [6.8501173934685, 49.193288221075], [6.8521803808921, 49.198655232881], [6.8353839856274, 49.211325473776], [6.8574425399538, 49.22227794129], [6.8713243769655, 49.215472554027], [6.8941557656397, 49.210197254284], [6.9274131306062, 49.22252636726], [6.9354186816977, 49.222156163157], [6.9517226192342, 49.207276845843], [6.9592812915983, 49.203004868528], [6.9746332903262, 49.209818267623], [6.9915096208719, 49.201388059087], [7.0107084883023, 49.18812033997], [7.0213917004814, 49.19318400175], [7.0343248906795, 49.189680638467], [7.0276496496344, 49.170085953929], [7.0316782380222, 49.158253423186], [7.046140831118, 49.138567199151], [7.0446219986815, 49.121956113571], [7.0497586225268, 49.114534084003], [7.0660953113297, 49.114582077807], [7.0719376289158, 49.124748468913], [7.0888751761417, 49.130224426302], [7.080281154448, 49.148775932362], [7.097848351075, 49.155036981759], [7.1132659041816, 49.151694619011], [7.1040602508156, 49.146084305838], [7.1048549037238, 49.13866216876], [7.1264458967451, 49.141725132417], [7.1315891478523, 49.131823319707], [7.1567251793676, 49.121307004318], [7.1632202862747, 49.126662546105], [7.183939320312, 49.130726755298], [7.201238747366, 49.116722335367], [7.2066365546017, 49.123479912557], [7.215896311218, 49.125515370531], [7.2477915881698, 49.127982310796], [7.2663442843038, 49.122591822505], [7.2808871054318, 49.124111468981], [7.2862671647554, 49.117590655005], [7.2986472513209, 49.11745641594], [7.3141283440236, 49.137565746438], [7.3298410268211, 49.14494179986], [7.3453334573199, 49.143232164996], [7.3628465402247, 49.14521647821], [7.36507550268, 49.171836295674], [7.3813683009451, 49.175274386224], [7.4450649197879, 49.184305403345], [7.4399501767781, 49.180796023353], [7.44067166015, 49.170483311686], [7.4552262580683, 49.166323401106], [7.4911929165521, 49.169804496794], [7.4954431400151, 49.156591826787], [7.5061698187802, 49.154030900401], [7.4921500560289, 49.141863362811], [7.5046995077445, 49.124892105953], [7.5154385998767, 49.121168712175], [7.5241643855785, 49.105491018786], [7.5390064229804, 49.092067833166], [7.5631836706272, 49.080458461345], [7.570389598272, 49.079863764095], [7.5999843985962, 49.083327857216], [7.6311909357346, 49.06938180187], [7.6352815933424, 49.054164206261], [7.6744885818061, 49.045042026719], [7.7073172414616, 49.054054167764], [7.7235168959792, 49.052567266134], [7.7322236434991, 49.044355921307], [7.7464402457806, 49.047183991579], [7.7564971746319, 49.04559846504], [7.7699412681687, 49.048752604766], [7.7761140800325, 49.056208919534], [7.7930299497337, 49.063494910346], [7.8004419678935, 49.064114797244], [7.8203561465381, 49.053762416992], [7.8445208331331, 49.044968895008], [7.8554925156838, 49.035415738102], [7.8687912381001, 49.034158646571], [7.8816859515844, 49.045192019191], [7.8916182565803, 49.047594615956], [7.9166981594872, 49.04096573662], [7.9346229019277, 49.057811113571], [7.9450664235081, 49.055272126791], [7.9473992180973, 49.049180307495], [7.9673895507266, 49.038891633851], [7.9748521290202, 49.027746491985], [7.9819000059942, 49.025893418758], [7.9991263159241, 49.028129921868], [8.0227035606617, 49.018324772576], [8.0480839535656, 49.014172777638], [8.0671689833513, 48.999497718891], [8.0913803067987, 48.989259837789], [8.1213785685874, 48.98536003174], [8.1414937386022, 48.978017561341], [8.170147720846, 48.979348008223], [8.1944015411941, 48.97743000256], [8.1990893418219, 48.967223546641], [8.2143424400211, 48.975096459051], [8.2268223344758, 48.974092891976], [8.2303986615424, 48.965607843829], [8.2030347428027, 48.959937315879], [8.1958012960897, 48.95621138585], [8.1767812617108, 48.932012053804], [8.1479387393441, 48.903810890927], [8.1245755473601, 48.870687777488], [8.1087697047883, 48.836985966255], [8.1060606073282, 48.823689761204], [8.0963232810048, 48.810383594146], [8.0771060061123, 48.79529933543], [8.0589448227056, 48.788812962432], [8.0432668189723, 48.790730127013], [8.0291352605611, 48.786478892711], [8.022824712781, 48.768352845058], [8.0147046028691, 48.761181073583], [8.0049554561251, 48.758781494258], [7.9817555144595, 48.761013532829], [7.9717522881571, 48.757631517371], [7.967222806413, 48.745410899662], [7.9672574265548, 48.727017790766], [7.9631443712693, 48.721355620767], [7.8908881835121, 48.663098534076], [7.8398216436445, 48.64137741102], [7.8287156830025, 48.617707542634], [7.8041684261793, 48.59233381119], [7.8002369638938, 48.578683608778], [7.8052303653608, 48.562215004891], [7.8032686065062, 48.53382105272], [7.8069547274248, 48.522278404185], [7.8052011366022, 48.513573048614], [7.7947080252984, 48.502090987414], [7.7681925743495, 48.489661466269], [7.7648837539549, 48.456687845258], [7.7618878776799, 48.448985237501], [7.735972029784, 48.404161681857], [7.7318458832381, 48.39290556989], [7.7320016795341, 48.375407113123], [7.7450295673245, 48.335662070435], [7.7398754620749, 48.321749343082], [7.7332390210278, 48.317791507494], [7.7031470724726, 48.308812723211], [7.6960088664325, 48.304010337634], [7.6893329145202, 48.293283776555], [7.6889755135447, 48.279872718204], [7.6678077852565, 48.223906110814], [7.6645588474966, 48.219142022716], [7.6440693964521, 48.207227606933], [7.6311500892776, 48.185415410472], [7.6011481776184, 48.158377720127], [7.6006039800313, 48.138845916373], [7.5970709855475, 48.13314660244], [7.5828806945248, 48.126528231256], [7.5773157720816, 48.120371112534], [7.5799590690256, 48.10602146786], [7.5774082960332, 48.095951430851], [7.5692340186038, 48.081401774521], [7.5738062890481, 48.05303432392], [7.5684900054594, 48.03538248569], [7.5716202896502, 48.030376143149], [7.6054362344578, 48.003757828011], [7.6186203571286, 47.985903661407], [7.6220859200517, 47.972272417851], [7.6088349991317, 47.95317720329], [7.5936684690443, 47.94169373068], [7.5832939822001, 47.931118516785], [7.5805114095847, 47.924033439912], [7.5835051671331, 47.903574715879], [7.5769428779391, 47.891476151582], [7.5567072919531, 47.879941001941], [7.5571893871238, 47.863835316778], [7.5635516323114, 47.852137004105], [7.5614656894138, 47.838677705698], [7.5497020250415, 47.822574606584], [7.5453101034285, 47.811279821706], [7.5312612420762, 47.78675983822], [7.5310556236986, 47.770364762321], [7.5480799502254, 47.739589288712], [7.5434728959465, 47.721949347317], [7.5347268810595, 47.714498714804], [7.513751772485, 47.702815362123], [7.5125727857792, 47.694845299819], [7.5199928711004, 47.682662502885], [7.5196030195489, 47.667762233129], [7.5223404693959, 47.662321695948], [7.5384262027619, 47.648803157063], [7.5664726424667, 47.632895936057], [7.5736049822678, 47.616665207802], [7.5927957926469, 47.601779854527], [7.5847073872051, 47.577266068409], [7.5664182305498, 47.577551201666], [7.5586696424832, 47.573257991504], [7.5571945026924, 47.565031495571], [7.503411179747, 47.54197564763], [7.4990407869528, 47.535364446849], [7.5013916497461, 47.528725219131], [7.5110723875321, 47.529059304058], [7.5192608270666, 47.534552788408], [7.5314262789643, 47.528284428742], [7.5277089588457, 47.521554981262], [7.5054524965593, 47.514369511354], [7.5105092147616, 47.504115173213], [7.5067572708125, 47.495629213014], [7.48685795056, 47.481732320167], [7.4709073051131, 47.480413251158], [7.4613662600979, 47.489038177399], [7.450258499575, 47.490385814784], [7.4345574218437, 47.497928259116], [7.4226892243323, 47.484388248594], [7.4556328646187, 47.472976694654], [7.4450127609649, 47.461705406933], [7.4300598912161, 47.459277177538], [7.4225922859548, 47.447887544888], [7.403410043504, 47.435524491145], [7.3809450743678, 47.43186353224], [7.3559606165998, 47.433851805177], [7.3424777485662, 47.438085917762], [7.3259229750377, 47.439342239117], [7.3017355889987, 47.437813631568], [7.2777859777968, 47.431673598095], [7.2688212417913, 47.426648175648], [7.2462981009916, 47.422198455938], [7.2357678622845, 47.436929813322], [7.2184754685329, 47.438111100818], [7.2066841689176, 47.434823362792], [7.1811906725339, 47.441480675914], [7.1730742135766, 47.447181789836], [7.1782210667095, 47.458502082925], [7.1792412182665, 47.469724384789], [7.1966955177699, 47.493482758971], [7.1675377459529, 47.48940851862], [7.1589517583051, 47.490757673188], [7.1491338904597, 47.497609012469], [7.1303408019013, 47.503028568514], [7.1110611805129, 47.494903561041], [7.0917092821703, 47.494843569895], [7.0792767593811, 47.488864894845], [7.0615862317267, 47.49474656879], [7.0365664433325, 47.497498840015], [7.0243941161552, 47.504209745968], [7.0002031778313, 47.499396645969], [6.9831161167318, 47.49330200911], [6.9886863518423, 47.486681305933], [6.9880828045822, 47.474451283009], [6.9917666987937, 47.466419458718], [7.0002998100994, 47.462967214339], [6.9989680532301, 47.452297949929], [6.9890632753006, 47.447650094342], [6.9700019113149, 47.44688361894], [6.9663672609906, 47.437927724299], [6.9573594450338, 47.433602748363], [6.9405416785725, 47.433371743667], [6.9416788459902, 47.415801742321], [6.9383781843469, 47.40602166291], [6.9175655645227, 47.405540786123], [6.9112807218549, 47.38565149684], [6.8853957543304, 47.374599512338], [6.879373150364, 47.358392623936], [6.8841847374511, 47.3526166115], [6.9041310992201, 47.359488916109], [6.9173061224044, 47.356174450746], [6.9518221878337, 47.359328514583], [6.965171933991, 47.359200577804], [6.9832539854825, 47.36354366283], [6.9942194881531, 47.36305702277], [7.0161749063041, 47.371834506375], [7.0497154850674, 47.360716488473], [7.0522936553288, 47.351141950572], [7.0622006908671, 47.344160388368], [7.0567509457312, 47.334567036162], [7.046205749818, 47.326977520793], [7.0305707210719, 47.327027697793], [7.0097278540447, 47.324358772262], [7.0161408458867, 47.313601433148], [7.0096883964596, 47.303186330915], [6.9931211498575, 47.295543502651], [6.9812664414026, 47.295770810067], [6.9665305332962, 47.292330424797], [6.9535590397913, 47.292421856494], [6.9428919076225, 47.287757217086], [6.9514761981406, 47.262184061527], [6.9494136431571, 47.256679318602], [6.9549768276348, 47.242939913873], [6.92627289824, 47.224555534793], [6.882438308572, 47.201615407729], [6.8639146913869, 47.180098699893], [6.842629723754, 47.172148165798], [6.8448535375183, 47.166384939791], [6.8583444229594, 47.164385451371], [6.8397865674492, 47.150904795437], [6.8285734250859, 47.146341618703], [6.8065486361803, 47.130890441394], [6.7637802260904, 47.11979466278], [6.7399139141665, 47.108051829732], [6.7456764991255, 47.100307622017], [6.741092234341, 47.091067967613], [6.7178304547913, 47.088938283348], [6.7072576746821, 47.083033793266], [6.7060095703295, 47.074995419181], [6.6916197499771, 47.06668927851], [6.7110513317725, 47.054327711875], [6.7140545270618, 47.049123354928], [6.6996564781858, 47.039039389615], [6.6784719863524, 47.035382104925], [6.6616206647392, 47.028224476267], [6.6535911062238, 47.021768824963], [6.6403417206763, 47.002761124116], [6.6186789138725, 46.992038806738], [6.5931797938133, 46.991770812154], [6.5665618384639, 46.980637338846], [6.5402076242225, 46.974399049863], [6.5188066665015, 46.970856252967], [6.5052194745754, 46.965849252067], [6.4966857222781, 46.974183469608], [6.4751246015727, 46.959379453348], [6.4553435306172, 46.940428600583], [6.4326749210724, 46.928605526908], [6.4579026529923, 46.900855622932], [6.4645775075825, 46.890210535442], [6.4598785157573, 46.851147058563], [6.4423415130938, 46.83123675481], [6.4401683842133, 46.819062942975], [6.4310019605487, 46.812409973106], [6.4382925253712, 46.799581903269], [6.4586515580207, 46.788759687976], [6.4381050836181, 46.76175121989], [6.425911183574, 46.754801119874], [6.3950745702138, 46.748243117811], [6.389642803755, 46.735238377227], [6.3716294362082, 46.7247505128], [6.360238313501, 46.72308030451], [6.3448015815423, 46.711867719342], [6.3154917743371, 46.702442903244], [6.2993568333135, 46.694896443468], [6.2853255009979, 46.691242033962], [6.2704880921381, 46.683194022336], [6.2691722926715, 46.678150632899], [6.241610701122, 46.660314779707], [6.2087769308549, 46.636617811577], [6.1849170570186, 46.622901021419], [6.1755349630813, 46.614142709958], [6.1644651641931, 46.610011824492], [6.1273332783823, 46.590310133888], [6.1107441527986, 46.576314209592], [6.138105886557, 46.557659570871], [6.1564422357855, 46.545471592105], [6.1528479944668, 46.536134657174], [6.1446024516564, 46.528393629454], [6.1378590985632, 46.530871419262], [6.1126938080715, 46.509641497594], [6.0968277794178, 46.481208813072], [6.0739298928675, 46.463949535302], [6.0744598322778, 46.453664090185], [6.0843910990454, 46.447437001059], [6.0858348949625, 46.440994445768], [6.0747681070246, 46.431630995903], [6.064005627331, 46.416222559892], [6.0551820813125, 46.414801045991], [6.0480752195777, 46.405125490757], [6.0295137846375, 46.38681604791], [6.0106565375389, 46.374508650286], [5.9868463201736, 46.364869353266], [5.9729173069373, 46.346856233903], [5.9535602724875, 46.326531457174], [5.9414094008927, 46.309446510031], [5.9259040835744, 46.313765646046], [5.9185184907402, 46.307199659115], [5.9089357776791, 46.283950786541], [5.8946251190123, 46.286607913138], [5.8791206347196, 46.269936490689], [5.8702488945181, 46.265305590806], [5.8643332109856, 46.271208875005], [5.8498475590074, 46.262067170418], [5.8212837267024, 46.262094109034], [5.7656471814788, 46.268294754652], [5.7459179055539, 46.266368533117], [5.7251818400017, 46.260731935709], [5.720112401844, 46.265870062788], [5.7160491956243, 46.279915646538], [5.7192939761881, 46.293462363342], [5.714721806193, 46.308772354673], [5.6845768021754, 46.310927537001], [5.6833466019044, 46.316276892818], [5.6684418272398, 46.324369189279], [5.6529045876259, 46.323214774673], [5.6493445080392, 46.339494512081], [5.6419584041921, 46.342028332374], [5.6305151249665, 46.330204693001], [5.6176441912887, 46.329091983869], [5.610460815624, 46.324211378495], [5.59838931795, 46.298445925032], [5.5855011829326, 46.292557783319], [5.5663641424008, 46.294050213862], [5.5581274576637, 46.282173642648], [5.5420340189851, 46.270203795698], [5.5129432911698, 46.264539612518], [5.4995891133957, 46.268200455579], [5.4730515403718, 46.265066548043], [5.4568426743662, 46.274473574235], [5.4595129521644, 46.290471994825], [5.4674037740958, 46.295566233017], [5.4753005499335, 46.315382606424], [5.4669175767252, 46.323267248222], [5.4377949533958, 46.315109371064], [5.4278984240109, 46.342210714821], [5.4170861726833, 46.339534237431], [5.4102335548466, 46.30910668308], [5.4046508439018, 46.310338173994], [5.4042931339536, 46.332813029221], [5.3992759574473, 46.339521371463], [5.3819165667023, 46.345255630996], [5.3734648101425, 46.352234450451], [5.3770544086974, 46.364113395825], [5.362996992744, 46.370926983475], [5.3770431289975, 46.381355482485], [5.3552221284773, 46.39375452396], [5.3525084400185, 46.397586033829], [5.331272401231, 46.399499315198], [5.3147703161373, 46.40947618293], [5.3076872001929, 46.416819197974], [5.308978572395, 46.424532251303], [5.3194882695109, 46.430803499916], [5.3105633704742, 46.446769968334], [5.2759250637615, 46.4481213263]]]}}, {"type": "Feature", "properties": {"region_name": "NORD OUEST"}, "geometry": {"type": "Polygon", "coordinates": [[[4.1539790946564, 49.974840643025], [4.1723910913291, 49.97708133227], [4.1971143649951, 49.967723922794], [4.1973605165259, 49.954734901799], [4.2259812346668, 49.959064626187], [4.2330628764399, 49.957824711709], [4.2303959475263, 49.947204968202], [4.2216024803296, 49.937902313306], [4.2187089162197, 49.920686498287], [4.2221391301616, 49.910422069675], [4.2332446058305, 49.904304609803], [4.2540638814402, 49.904004764573], [4.2530532522095, 49.872272130792], [4.2485056451169, 49.856518172527], [4.2366221851606, 49.849699207378], [4.2234884321126, 49.83376467914], [4.21989152014, 49.815134132001], [4.2147724033566, 49.806110108269], [4.2270460920968, 49.793183108192], [4.2224308204953, 49.786967474101], [4.2095884562322, 49.781777002902], [4.2142637924854, 49.771267691897], [4.2266193641282, 49.773087602827], [4.2382185523689, 49.767642716303], [4.2500943395752, 49.757098850356], [4.2290201625555, 49.745744739695], [4.2247072679536, 49.727198714419], [4.2064629076853, 49.723538323397], [4.1926293949408, 49.715800885171], [4.1920358906093, 49.710905599545], [4.1783005290521, 49.698036101434], [4.1441873561823, 49.688543920373], [4.1475377596226, 49.678019756234], [4.1270270054568, 49.677917606181], [4.1223323319077, 49.659520506862], [4.1254660330069, 49.650608155401], [4.1147910874013, 49.635304817786], [4.0993133133426, 49.628479985907], [4.0695561865706, 49.636751879497], [4.0511107039532, 49.634644480527], [4.0432501448672, 49.6361455878], [4.0379111248697, 49.622918577627], [4.0252899216328, 49.62252962525], [4.0313962718463, 49.614287229711], [4.0541912133221, 49.595288700911], [4.065110143114, 49.594908552638], [4.0595605382919, 49.578709772836], [4.0627821408209, 49.573556972194], [4.0765722336699, 49.57112568919], [4.0647940705926, 49.562212345669], [4.0582914969504, 49.552548182169], [4.0487683371061, 49.545272613584], [4.0738006912951, 49.541617642486], [4.0767490566918, 49.531314775054], [4.0758354322042, 49.518345118497], [4.0650976973335, 49.523284436368], [4.0566240283661, 49.521046840185], [4.0618580428951, 49.512563145954], [4.053158610381, 49.50864470004], [4.0407061703752, 49.50853200863], [4.0423746855064, 49.468690509147], [4.0529144654974, 49.460257089671], [4.0602468457773, 49.447151466107], [4.0500241066599, 49.445792451369], [4.0376689955921, 49.438263004999], [4.0431448752397, 49.429325986342], [4.0422957368009, 49.416650795955], [4.0502747365168, 49.412260783575], [4.047974391829, 49.405644080344], [4.0399063933123, 49.397393331324], [4.0354977852679, 49.359905945249], [4.0127326189721, 49.358302701884], [4.0051087823761, 49.369208523497], [3.9913652648133, 49.378222344205], [3.9613104389204, 49.377346727516], [3.9424137621592, 49.391461051265], [3.9318314213659, 49.403084958448], [3.9244391664348, 49.406179032892], [3.9150740342564, 49.399385348956], [3.8787822154646, 49.385857165921], [3.8591446800636, 49.381351797144], [3.8573468410854, 49.369945638107], [3.847475808218, 49.364589335554], [3.858709482185, 49.353737278746], [3.852156449301, 49.344654924149], [3.832778633819, 49.350261851859], [3.8237576514434, 49.356987454563], [3.8015158122099, 49.358931233427], [3.7824442652216, 49.352774492617], [3.7744622374234, 49.354639933222], [3.757818074306, 49.347604354229], [3.7410811711412, 49.347585887018], [3.7422206958499, 49.336511221485], [3.7216167324835, 49.335726303503], [3.7012926310034, 49.332508221298], [3.6891002697559, 49.326851228803], [3.6703327730544, 49.325093317382], [3.6601616875884, 49.318370386543], [3.646957318637, 49.315152582535], [3.6383343630554, 49.301354552133], [3.642801871342, 49.296041342828], [3.65731758003, 49.291021541771], [3.6516094181931, 49.278360707849], [3.665132135016, 49.269657535247], [3.6552490233788, 49.262847772673], [3.6637955993399, 49.253525125811], [3.6707785326799, 49.239600299061], [3.6763725147129, 49.23836076616], [3.6650221926501, 49.223221302369], [3.6516085786612, 49.221427253663], [3.6584058277856, 49.211000985544], [3.6817942876508, 49.205339977618], [3.6839084510227, 49.197534060825], [3.6971034744514, 49.205472659609], [3.7048747423107, 49.198590103722], [3.7005485386662, 49.187713241443], [3.7043892552675, 49.181369443488], [3.7254385553209, 49.173515978138], [3.7372236091373, 49.177961424911], [3.7511423125744, 49.177699202357], [3.7487678456403, 49.157085133246], [3.7395699991233, 49.156933396134], [3.717012841182, 49.147040324959], [3.7016210668145, 49.143083232127], [3.6980322212385, 49.149827639227], [3.6838376358892, 49.154490943481], [3.6718043158638, 49.150635019402], [3.6468735208387, 49.149122623512], [3.6222521277141, 49.151105463129], [3.6103949951775, 49.127543924136], [3.6000114843908, 49.120690012831], [3.6200761430148, 49.107193914382], [3.6323412082709, 49.086509017267], [3.6390507423115, 49.081304273735], [3.6328719662821, 49.072789507462], [3.6237954864751, 49.07086508435], [3.6121535124357, 49.073560405492], [3.5877081614204, 49.059394624683], [3.5866997575834, 49.035795925017], [3.6150194069679, 49.033500653248], [3.6168408971943, 49.03648384631], [3.6463115589695, 49.040590166906], [3.6639547486924, 49.037308063462], [3.6774822917619, 49.019164672527], [3.6749656325958, 49.01172340253], [3.6651641207485, 49.00563190452], [3.6398926774554, 49.00408594583], [3.6245368960791, 48.983751500727], [3.6206544521613, 48.965944000018], [3.5991756397826, 48.964609029368], [3.5915529898914, 48.960375393399], [3.599065082592, 48.953591820396], [3.6015957850168, 48.944073853473], [3.5888878773911, 48.943911238057], [3.5744445323994, 48.939019123403], [3.5738483617762, 48.921481440361], [3.5698140355022, 48.914705628852], [3.5600217013966, 48.917012631384], [3.5285709402165, 48.912136556763], [3.5130610888281, 48.894727857657], [3.5021501743028, 48.871150830362], [3.4824053162481, 48.864936735752], [3.4851833721947, 48.851910309574], [3.4704665824993, 48.850999590899], [3.4619058634763, 48.837795469902], [3.4453621334286, 48.843227318178], [3.4522351731222, 48.856295042236], [3.4209735309142, 48.863949992871], [3.4032208419263, 48.864690111949], [3.4058488876005, 48.875883179755], [3.3897420595655, 48.871208088242], [3.3804785922907, 48.874760520568], [3.3828118491401, 48.888743663179], [3.3690076856012, 48.893887842681], [3.3755045418202, 48.907223979388], [3.3722055688435, 48.921684863018], [3.3663458595763, 48.922834212302], [3.3535717935992, 48.915243105496], [3.3441215555428, 48.915424399696], [3.3302940034825, 48.908707002968], [3.3130772332366, 48.921215462331], [3.3128748032908, 48.933619620679], [3.3047535824542, 48.948766966256], [3.2845265117579, 48.940530948472], [3.2678473977393, 48.938330226813], [3.2571425774493, 48.95706258101], [3.2518324140274, 48.972363565032], [3.2441973984858, 48.976835025435], [3.2312127851282, 48.976752849115], [3.2291741613167, 48.988415153607], [3.209314063913, 48.993783774365], [3.2071647717724, 49.000687121653], [3.1836516708558, 49.011250532749], [3.17167852308, 49.014125889695], [3.1610292917102, 49.024224133711], [3.1765330296567, 49.030276306398], [3.181201109614, 49.042312878135], [3.1902026447151, 49.046494471584], [3.1821650688322, 49.052356876125], [3.1818447950388, 49.062073630984], [3.1686703252618, 49.076194127358], [3.1586170058803, 49.080495794822], [3.1568687392365, 49.086717381412], [3.1652303376546, 49.099653555336], [3.1495286898189, 49.100548046274], [3.1288977237115, 49.106712873662], [3.1019450875262, 49.108665530931], [3.0824299640326, 49.112379413059], [3.0718801833502, 49.11755332218], [3.0563165652026, 49.101913557338], [3.0573553400185, 49.093990044235], [3.0483557770377, 49.08631637936], [3.0327819280137, 49.089067566229], [3.0295246754031, 49.085932257529], [3.0085155423352, 49.091506561321], [2.9912365557999, 49.084010529465], [2.9879964190903, 49.072371853401], [2.9747449093505, 49.074788481937], [2.9704735929189, 49.088974001698], [2.9445842533756, 49.081604590578], [2.9174506912143, 49.079815930085], [2.9015078822282, 49.085373143453], [2.8949485303642, 49.077063202013], [2.8830747436616, 49.076071279686], [2.8662678657136, 49.070693981918], [2.8557424844029, 49.070260111043], [2.8451483788669, 49.084656494049], [2.8360889289489, 49.082987383853], [2.8198502647929, 49.087367188293], [2.8090528505052, 49.097537605404], [2.7918697099795, 49.090226188638], [2.787073783912, 49.07527418833], [2.7604244593128, 49.06296236294], [2.7350099332564, 49.060452516659], [2.7324165014354, 49.069856383944], [2.7204862280103, 49.074886920193], [2.7061794650059, 49.06530744517], [2.6909952426863, 49.066575827238], [2.6921954156417, 49.072098782916], [2.6848013380994, 49.081070149491], [2.6676934960697, 49.092495236068], [2.6332770991263, 49.108372635105], [2.6205306041593, 49.095141144665], [2.6103345312027, 49.09494039704], [2.6072121818235, 49.089061593648], [2.5905283926735, 49.079653961607], [2.5833038141204, 49.080706309944], [2.5786858654184, 49.091952842127], [2.5581755098966, 49.098381756011], [2.5520149054273, 49.113947081753], [2.5561550654469, 49.118627938332], [2.5408087122315, 49.122242313794], [2.5329944482474, 49.119245162084], [2.5310585957685, 49.099597191318], [2.4899295573932, 49.106359373937], [2.5020961933805, 49.118887475459], [2.4992321189629, 49.122269747269], [2.4817070713716, 49.126919463544], [2.4615068862157, 49.135936921998], [2.4354018020913, 49.133939040206], [2.4409039786288, 49.14580411257], [2.4153544805398, 49.151762413963], [2.3912847262891, 49.1493504084], [2.383003341928, 49.155913004846], [2.370937678429, 49.159173609651], [2.3592998527471, 49.147343950086], [2.3462625342946, 49.161815854345], [2.3222626753655, 49.180859736345], [2.3109304401404, 49.186404768181], [2.3011998615285, 49.183887047533], [2.2994229533516, 49.17583535835], [2.2888064839605, 49.170710377425], [2.2862682227562, 49.160277559835], [2.2695453788487, 49.156306628677], [2.2622091200851, 49.158297463054], [2.2524813607229, 49.152881479913], [2.2230049777895, 49.151869445673], [2.2163546658105, 49.154378017348], [2.2354095182703, 49.167035850124], [2.2186458815721, 49.180685270888], [2.204958905762, 49.174316445929], [2.1819527991076, 49.173675958457], [2.1642743368285, 49.166004802028], [2.157743439339, 49.172599185593], [2.1645707336419, 49.179671393215], [2.1327402600127, 49.191379169415], [2.1133369040576, 49.186543761789], [2.0968798927064, 49.189757147704], [2.0915398506152, 49.204360444701], [2.0808850919985, 49.209773929407], [2.066842351201, 49.202860855132], [2.0380917348167, 49.192136044555], [2.0217858750717, 49.188671770161], [2.0045021739488, 49.177609556506], [1.996823915181, 49.176453415327], [1.9734431640564, 49.18389441504], [1.9607171629873, 49.173517298241], [1.9480171420872, 49.170749195544], [1.931476176782, 49.17416772145], [1.894536229716, 49.166040538631], [1.8852348791181, 49.162636028533], [1.877042152092, 49.171448857663], [1.8455433838221, 49.169896687357], [1.8370818782543, 49.171698986367], [1.8265758315348, 49.179516758866], [1.8143979645085, 49.176162362964], [1.7954740881562, 49.18526277584], [1.7909791787819, 49.179854330047], [1.7775554860529, 49.184104883007], [1.7551705903258, 49.174545969477], [1.7421415990654, 49.180151725276], [1.7374357068856, 49.194603115202], [1.7258249045161, 49.195712707137], [1.7155761288215, 49.203118037941], [1.7230394537953, 49.20967924589], [1.7336823766846, 49.210958623685], [1.7341091784733, 49.221277890399], [1.729662120604, 49.22919730317], [1.7043588288241, 49.232197221792], [1.7040643483737, 49.229320472612], [1.6757423007191, 49.21186711807], [1.6769552220057, 49.202542812736], [1.6670168601861, 49.178613559023], [1.6643792614171, 49.153368483471], [1.6539225302112, 49.145440634177], [1.655781502711, 49.130164014177], [1.6470910019222, 49.124713530921], [1.6175344667245, 49.093996514155], [1.6233233619235, 49.086078404348], [1.608798807603, 49.077894185227], [1.6044866350314, 49.08303659502], [1.5747375500157, 49.078437534581], [1.5570743762242, 49.069620586462], [1.5494725491086, 49.072557881924], [1.5217716034178, 49.068546693163], [1.5116006058281, 49.074136193201], [1.5032944474047, 49.059098256736], [1.4848766880401, 49.0515451317], [1.4608012364168, 49.062739598254], [1.4472851104304, 49.053509472828], [1.4474286969633, 49.04518889808], [1.4579533584639, 49.03483279821], [1.4577570076778, 49.026294572016], [1.4721822976397, 49.018490972378], [1.4787512905862, 48.998884682872], [1.4609202371105, 48.986433838647], [1.4706099672547, 48.975306435494], [1.4770931932159, 48.978791319268], [1.497416022081, 48.979551284823], [1.5079088220123, 48.98376724437], [1.5155485568584, 48.976406187821], [1.4966058957223, 48.969344788938], [1.5010590902862, 48.952678048634], [1.5015266013113, 48.941051842112], [1.4806477281429, 48.940490376837], [1.4613112437714, 48.937555310548], [1.4594110528379, 48.928926959252], [1.4479593034805, 48.924639965044], [1.4593261044838, 48.914649076535], [1.4606700524523, 48.900494617753], [1.4683545148033, 48.892215598584], [1.4653628424762, 48.877601417126], [1.4549936915991, 48.870326164498], [1.4343110180818, 48.866140106761], [1.4238934051882, 48.861268418973], [1.4093657222488, 48.861152641723], [1.3968565494996, 48.855383585466], [1.3905601143901, 48.8466061658], [1.3621823366519, 48.834179921179], [1.3592476591605, 48.813608561344], [1.3769627320869, 48.791766336256], [1.3744255946955, 48.782613836125], [1.3626643019013, 48.781664300017], [1.3422322124976, 48.772542324536], [1.3329054445301, 48.762612355286], [1.3195444496148, 48.76096144137], [1.3002968590985, 48.767536812046], [1.2799854142834, 48.762674216595], [1.2702130511038, 48.757482633762], [1.2545465453882, 48.758629272206], [1.2562637586379, 48.765103705723], [1.246023632927, 48.769675823998], [1.2226160798083, 48.767292140423], [1.223526519249, 48.758056658402], [1.1981446610666, 48.769568542277], [1.1847360438338, 48.772630245963], [1.161542788993, 48.769293220083], [1.1533037151721, 48.774016041266], [1.1521150110915, 48.78555968408], [1.1213959532999, 48.789195509733], [1.1189842149957, 48.782375233568], [1.1209842348348, 48.767249558527], [1.1126577960236, 48.751863710692], [1.0957264674684, 48.748713222693], [1.086000043818, 48.756926389494], [1.0757811283562, 48.749437927852], [1.0686653703661, 48.756913559557], [1.0590712054157, 48.756765184439], [1.0398026909049, 48.742155339], [1.0316499412576, 48.730581545643], [1.0206075605327, 48.734789446779], [1.0140639866541, 48.72810030179], [0.98441493173502, 48.725995395669], [0.9772943914531, 48.730138669646], [0.96144420763056, 48.725722137279], [0.95524192597313, 48.716786068922], [0.92119872414556, 48.709175212814], [0.90239998073196, 48.710649225086], [0.88836808739528, 48.718920532577], [0.87671116761022, 48.715496114803], [0.86149783759132, 48.691007914902], [0.85036287028898, 48.682948048025], [0.82767132893029, 48.680720042791], [0.8148247207739, 48.670163564137], [0.79538719721568, 48.675207207316], [0.78220679339237, 48.666521479531], [0.76408006596892, 48.675272833699], [0.76268935054531, 48.686942596812], [0.76605034714122, 48.696795557534], [0.75269475803882, 48.704115602005], [0.73058883988464, 48.705203303323], [0.74339168877981, 48.716901616421], [0.75349996622665, 48.719599220802], [0.76276071401677, 48.729629501028], [0.77495753063022, 48.737530835487], [0.75091726492355, 48.76179962791], [0.75843020314215, 48.767968371666], [0.74018708351363, 48.776579822882], [0.73350204762147, 48.783366854626], [0.70123022325656, 48.79212385317], [0.69048615114254, 48.793683771174], [0.65632888501885, 48.813559248276], [0.64581875070678, 48.816142840762], [0.62821327737912, 48.825367303778], [0.61028848587188, 48.831311343399], [0.61687547597895, 48.843731542228], [0.62935408701068, 48.85358418848], [0.61096181241547, 48.853220075098], [0.60400928665889, 48.864760454015], [0.60439903682452, 48.875113286031], [0.58962884714758, 48.872596179204], [0.5865922049446, 48.881406259078], [0.59717255366436, 48.884985872618], [0.57803949069757, 48.893649615021], [0.56705847132496, 48.887859486472], [0.5525004519299, 48.875534180346], [0.54323381288612, 48.875520650963], [0.5249763956739, 48.880449344675], [0.50214522955794, 48.878149419079], [0.48961055807985, 48.879924191983], [0.47611395078483, 48.886860891837], [0.45936577011338, 48.887848115553], [0.45735531457632, 48.879761525082], [0.44311076213435, 48.88128008313], [0.43330826845583, 48.886157583779], [0.42006471195552, 48.888184382023], [0.41770661476048, 48.897680118218], [0.39679657312957, 48.907778004029], [0.38618253122967, 48.910414357049], [0.390777135105, 48.927129545247], [0.40843769354036, 48.943444622419], [0.4128104390395, 48.950626279328], [0.4288088818384, 48.966115453596], [0.43289040253185, 48.979120818423], [0.42982494445022, 48.987431294262], [0.43675139756937, 49.008189336971], [0.44627431224134, 49.014965324445], [0.42589199846499, 49.031958064681], [0.39019662246369, 49.034374854588], [0.38300892869358, 49.037875522311], [0.37767292836076, 49.049451079594], [0.36710189915104, 49.052400965803], [0.38078167365394, 49.061317823192], [0.37938602804341, 49.068890250096], [0.38687315179178, 49.074428646402], [0.40781033259879, 49.077391230915], [0.41801317491927, 49.073857705229], [0.41621951470531, 49.088228255484], [0.39971762035569, 49.10053703168], [0.40969717633938, 49.122161806987], [0.40827854245832, 49.12857401721], [0.42487324481257, 49.13019793323], [0.42680057879681, 49.142505589649], [0.42370133418047, 49.147889663477], [0.39468951424446, 49.150114808846], [0.38589506777489, 49.154052169189], [0.39107966545639, 49.161772214101], [0.39191820887398, 49.178533591286], [0.38811391643554, 49.189939951148], [0.3947248164373, 49.208444970872], [0.37941345944254, 49.217183544081], [0.37255025076833, 49.216891062992], [0.33742355295386, 49.231481905904], [0.32602069862327, 49.243848657902], [0.32308269291004, 49.25234848553], [0.34434385294882, 49.25409228301], [0.36543435307866, 49.262117681971], [0.3827798797512, 49.264016325866], [0.38391220613638, 49.28554046475], [0.36621277377577, 49.294993537578], [0.34456630039903, 49.295323299626], [0.3262861426226, 49.279107167667], [0.30899424244078, 49.283211083763], [0.32301639746411, 49.296990615639], [0.31602271740194, 49.311306530306], [0.29815375911751, 49.31441039187], [0.31207228970972, 49.322257454681], [0.32342530221557, 49.34064105785], [0.30645720862332, 49.359942076992], [0.30171495288459, 49.371306288931], [0.30882071105454, 49.387865806216], [0.29740204185691, 49.412268122221], [0.29722451460974, 49.429859840723], [0.34059327041276, 49.434318983746], [0.33897883098918, 49.440928520352], [0.3393150124405, 49.449872303637], [0.27313585922231, 49.453416220586], [0.27142113093512, 49.447328719148], [0.25679707643476, 49.446323719841], [0.23825592404046, 49.451159696807], [0.21769119265823, 49.452963282619], [0.19246153744669, 49.451459914922], [0.1738896350055, 49.456501326126], [0.12123966998691, 49.463194369813], [0.11663179558052, 49.468668951933], [0.090696994632536, 49.482114939562], [0.093998128223838, 49.493022491933], [0.086909848300058, 49.501426737567], [0.069553018028324, 49.506394515928], [0.065609431053556, 49.512574780191], [0.074935648312722, 49.536327644008], [0.096662241910689, 49.566865543968], [0.10673209691871, 49.583498812584], [0.13691446853437, 49.620054067093], [0.1545404481146, 49.648638840156], [0.15041940420529, 49.654089298171], [0.15745336474727, 49.662409366742], [0.16435786084442, 49.683595262249], [0.16902493112731, 49.690718055481], [0.18958482856705, 49.704795514512], [0.21166902744322, 49.714464279709], [0.23734601222366, 49.719026316153], [0.28325599543364, 49.73657572055], [0.3054297000562, 49.741647940405], [0.32055583850936, 49.741550113943], [0.35492089191875, 49.755006661783], [0.36447312419198, 49.764320270499], [0.3742717461751, 49.768687702238], [0.40291800519761, 49.776954241768], [0.42846422682965, 49.786277467203], [0.48354180865604, 49.808256679169], [0.50625084522888, 49.819729645976], [0.52275149356329, 49.824531278036], [0.53443430957787, 49.833749077935], [0.57293876242844, 49.849717051188], [0.63455572059055, 49.86165150765], [0.64204209247477, 49.864190596157], [0.67449107487386, 49.867359871226], [0.70196726010642, 49.871881124641], [0.73355874170037, 49.870614655047], [0.76972675735512, 49.872091970828], [0.79097157704249, 49.875749307356], [0.83667159834277, 49.889522498512], [0.88434934728582, 49.896715247569], [0.92979339254159, 49.906736769842], [0.95467186229888, 49.91831807638], [0.96318320357221, 49.919860176009], [1.0200494254731, 49.916107227482], [1.065897535547, 49.925609301563], [1.0809062558413, 49.932292873025], [1.1109703384695, 49.939082116247], [1.1629209730147, 49.957022281774], [1.1845869056976, 49.966360150471], [1.1943755832405, 49.968033261783], [1.2080962672336, 49.979831426538], [1.2332915838912, 49.988728375641], [1.2997853981801, 50.029578582167], [1.3170167914747, 50.03625056502], [1.3324268900416, 50.047124707032], [1.3672027614548, 50.062608452248], [1.3796981484469, 50.065011890414], [1.3926951404215, 50.075508103188], [1.4326447913126, 50.094349140281], [1.453882566018, 50.110330912339], [1.4680459164898, 50.139076728869], [1.4787103407902, 50.164913871979], [1.4916774164956, 50.184158850335], [1.5124437978409, 50.201705539893], [1.5484363732305, 50.215217479179], [1.5596528651115, 50.210793191325], [1.5742402203094, 50.196012165606], [1.5961920997106, 50.185502423396], [1.6115742742922, 50.191033491192], [1.6274144143455, 50.190005124318], [1.6733457641263, 50.174680696998], [1.683793928232, 50.183026098336], [1.6708368854438, 50.194260444795], [1.6696347125474, 50.205895817898], [1.6626657206518, 50.213594131613], [1.6392011577592, 50.217276772482], [1.6225007114324, 50.215151972316], [1.5920617370787, 50.248546445422], [1.590272985914, 50.255949292147], [1.562292530548, 50.255765909795], [1.549313280898, 50.260403925768], [1.5403360598397, 50.273870926874], [1.5379421306702, 50.282668408098], [1.5509359402445, 50.350318813543], [1.5558295005084, 50.361315709087], [1.5713313280132, 50.35845215301], [1.612966033514, 50.360292820052], [1.6242577191597, 50.366290636763], [1.6339779035367, 50.355381211519], [1.6415398327353, 50.352148667835], [1.6313872914825, 50.36008632241], [1.6252312966713, 50.371832567005], [1.609294107413, 50.370743587316], [1.6001281982125, 50.3777199452], [1.5846837792851, 50.376382884213], [1.5703000307947, 50.392158393497], [1.563294790003, 50.394950334151], [1.5577948179294, 50.404714412055], [1.5634107613097, 50.418460574304], [1.5691068767694, 50.440882836463], [1.5770036622248, 50.493788201491], [1.577419530273, 50.516533642344], [1.5854092273894, 50.537352408548], [1.6267556408457, 50.521386133981], [1.6192946160483, 50.535275013384], [1.6084280327721, 50.540109583469], [1.6000968934514, 50.549488993972], [1.5812683008538, 50.56276958757], [1.5766037238144, 50.572223225221], [1.5776855393668, 50.579872832517], [1.578417453812, 50.640285448716], [1.5720971666289, 50.664196329528], [1.5624650705923, 50.687457544808], [1.5607073853506, 50.699672766378], [1.5736037455337, 50.716166202188], [1.5627006546685, 50.724987440831], [1.5841273301918, 50.731155421742], [1.5905216325015, 50.729795719211], [1.5960008708105, 50.74619627021], [1.6043933167393, 50.7628298425], [1.6042092031199, 50.791871277165], [1.6106406418335, 50.803762099322], [1.59968410858, 50.805849583644], [1.590153572682, 50.825395303048], [1.5833136380965, 50.8457034659], [1.5779419504031, 50.853333808739], [1.580632768506, 50.867343830504], [1.5887300407704, 50.871669803792], [1.6016621961931, 50.871163999157], [1.635804198092, 50.876984561631], [1.6641002886514, 50.890134303575], [1.6925371850157, 50.915373472941], [1.7122611515718, 50.929408873362], [1.7288559802086, 50.937892541353], [1.7807166589725, 50.954865814239], [1.851150647352, 50.965664502203], [1.8527009274535, 50.970956150804], [1.871165789111, 50.974935769432], [1.8896938932734, 50.972314506334], [1.915779044375, 50.984087355938], [1.939240821017, 50.987858664569], [1.9598449752902, 50.987202834418], [1.9927371149402, 50.993728633123], [2.0395672744245, 50.997310813057], [2.0477184398862, 51.002860879522], [2.0677049871716, 51.006501514321], [2.0845036256491, 51.008606935608], [2.1097045642696, 51.003827598587], [2.123515723481, 51.014167524083], [2.141504907246, 51.022058874598], [2.1673459399511, 51.020738207739], [2.1794228227752, 51.015102619912], [2.1925606242518, 51.027436640575], [2.1918294890846, 51.034714947113], [2.2140013975448, 51.031681877805], [2.2590224218691, 51.043489703657], [2.33185815699, 51.056055745767], [2.3478325752445, 51.059829634673], [2.3666467120992, 51.051919789329], [2.3782653998463, 51.049621895931], [2.3995855035021, 51.050957305507], [2.4247543344414, 51.055621633327], [2.493466611121, 51.073071375079], [2.5430346061346, 51.08854370897], [2.5463210173049, 51.088403186427], [2.5599258259302, 51.068918893476], [2.5759795456357, 51.013756325485], [2.5739982943322, 51.003521991804], [2.5828043639126, 50.997122436344], [2.6012847777962, 50.991283503211], [2.6105921963125, 50.976188347149], [2.6326801578862, 50.946008766454], [2.618276709243, 50.938761685952], [2.5902216021403, 50.919275360805], [2.5940974354529, 50.914372170977], [2.6075324528985, 50.91240659974], [2.606318820361, 50.899326241848], [2.6071625262549, 50.873044043565], [2.6103262931744, 50.86206244973], [2.5995904644573, 50.853332534722], [2.62561536399, 50.836560386715], [2.6272629250997, 50.82765105936], [2.6349756592043, 50.812755500853], [2.6588971217623, 50.814991778582], [2.6690258101157, 50.822462129386], [2.6862350086644, 50.813429813967], [2.7174754083298, 50.81360682515], [2.7256398356216, 50.808632188358], [2.7219265518167, 50.80159438836], [2.7267028013485, 50.792383411441], [2.7375118592303, 50.78266728319], [2.7621515823535, 50.770756585159], [2.7584298773759, 50.762930766426], [2.766042090907, 50.754519108704], [2.7819457247827, 50.75109080132], [2.7867390132952, 50.73381741121], [2.7956557413456, 50.724609008419], [2.8132739834573, 50.716945833429], [2.8483860974407, 50.722914959975], [2.8547299617705, 50.714708513206], [2.8701715745294, 50.702911374608], [2.8856496977648, 50.706611021367], [2.8983786417092, 50.694238803855], [2.9109065606969, 50.694496081053], [2.9115936515323, 50.703838778555], [2.9223300662476, 50.702801451402], [2.9307796391097, 50.716242999992], [2.9298687861194, 50.722758772582], [2.94083706877, 50.733174957645], [2.9380690677647, 50.744343927761], [2.9582403353503, 50.753446186612], [2.9696585316524, 50.749612772394], [2.9810878439876, 50.756657678787], [3.0120929242906, 50.769111505719], [3.0352750082458, 50.770239418325], [3.0408824825472, 50.775687536871], [3.06137703349, 50.78050174847], [3.0798956714209, 50.773020869115], [3.0886989124978, 50.773371114027], [3.1067964329954, 50.783860810329], [3.1147669732972, 50.794187883435], [3.1249879535977, 50.786437758612], [3.150782780111, 50.790127285347], [3.1520005085792, 50.782343293233], [3.1927531897582, 50.738373224845], [3.199134285231, 50.734731836468], [3.1912265002692, 50.724409127208], [3.2040720746712, 50.719906646456], [3.2155072743961, 50.712360639713], [3.241487162382, 50.712571336251], [3.2583766477988, 50.700646817566], [3.2601205467889, 50.693081234565], [3.2548022328174, 50.686810753613], [3.2624274548591, 50.678483478988], [3.2445871588055, 50.670121319421], [3.2411021613015, 50.657785417847], [3.2485035849353, 50.638041219835], [3.2590208715028, 50.630050536375], [3.2612681066709, 50.618847521451], [3.2702967597615, 50.610812998689], [3.2775041513186, 50.592959787705], [3.2761648131069, 50.581684874378], [3.2817196163381, 50.577326666545], [3.2759630544617, 50.55853838771], [3.2801733532291, 50.541649764418], [3.286524369777, 50.527577616965], [3.3076292824013, 50.519351863345], [3.323616112777, 50.515711801855], [3.3288583317067, 50.50812409632], [3.3373216704386, 50.508504351312], [3.3626639420755, 50.503101853968], [3.3738958439101, 50.491827615781], [3.3892974635465, 50.496497126168], [3.407610572795, 50.499030496362], [3.4322501535667, 50.507122357013], [3.4500814758008, 50.507357727388], [3.4537383652366, 50.519240260247], [3.4739635797806, 50.533563546234], [3.4879746720951, 50.52951223764], [3.5037708157723, 50.529588132251], [3.5194053990883, 50.522871548274], [3.5150527088294, 50.511939927188], [3.4963266702785, 50.498685062833], [3.5007741945714, 50.487265476296], [3.5260686365645, 50.494642317404], [3.5677678220335, 50.50061221444], [3.5853427353378, 50.490537930282], [3.599870886857, 50.493844386319], [3.6130169489409, 50.492471225596], [3.6321845132975, 50.476505259546], [3.6436495207902, 50.463210909782], [3.6559966661463, 50.461231295862], [3.6642184659463, 50.453173761167], [3.6601071896526, 50.444370502961], [3.668845812022, 50.436854602212], [3.6737092904608, 50.404244897722], [3.6723742999474, 50.387652477303], [3.6582667947641, 50.371343895257], [3.6672786748469, 50.360267800167], [3.6673721160869, 50.350556515727], [3.6738427984215, 50.342705763301], [3.673675944671, 50.334926016155], [3.6936219005906, 50.322150381532], [3.6944326025128, 50.31582844934], [3.7104309751894, 50.303169731959], [3.715608900178, 50.312633964487], [3.7317343457441, 50.311904528305], [3.7300326908857, 50.323304085674], [3.7362234073766, 50.343257031302], [3.7474052053778, 50.350928242159], [3.7637003867935, 50.348299279201], [3.7681168487951, 50.352409081215], [3.7987851177737, 50.351332715036], [3.8136651517092, 50.353164952183], [3.8213860471348, 50.34573984572], [3.8297546113897, 50.352692404719], [3.8527555972491, 50.351593778606], [3.859478039848, 50.342899076611], [3.8722862224421, 50.337941906562], [3.8884496083778, 50.338223421367], [3.8897942621496, 50.329975796406], [3.900403191897, 50.327566131768], [3.9144701316434, 50.330369968091], [3.9678985736842, 50.350369100061], [3.9844697338671, 50.341952511071], [3.9939041267958, 50.348610880809], [4.0151639433994, 50.351813784602], [4.0273772077583, 50.357488651634], [4.0376171727107, 50.342950902805], [4.0488085710308, 50.339599664463], [4.0781900466276, 50.320551562698], [4.0788865919897, 50.309752500483], [4.0971684837089, 50.313208013214], [4.1129089634483, 50.302069970791], [4.1199595939074, 50.300055788038], [4.1259410717892, 50.286248262682], [4.1243582297602, 50.27361214025], [4.1366519411801, 50.274295837487], [4.1362790115355, 50.256814562298], [4.156126246964, 50.256602008528], [4.1676077441772, 50.259698659168], [4.168471823828, 50.266121912654], [4.1511739326664, 50.278121082001], [4.1626744412235, 50.288919839989], [4.1766755914931, 50.284428214863], [4.1812834659039, 50.274457878757], [4.2032487281264, 50.274520097558], [4.2218515438762, 50.256954384753], [4.220693486293, 50.252205490042], [4.2042939009819, 50.240013765122], [4.183902128366, 50.232827043151], [4.1719488669029, 50.218984966036], [4.1507645008475, 50.213105993648], [4.1601187752999, 50.202535082465], [4.1539072088435, 50.181618869284], [4.1493941237622, 50.174782630132], [4.155121374967, 50.166769949356], [4.1482848043049, 50.158154635639], [4.1377525142419, 50.151611885511], [4.1269212643952, 50.1350091215], [4.1437071184687, 50.129042962388], [4.1524471048199, 50.128949591969], [4.1575165386038, 50.13552668129], [4.1798368402129, 50.133557548619], [4.1916907010978, 50.134590962587], [4.1998869422006, 50.131081113334], [4.2031708176335, 50.114887331607], [4.1975019481259, 50.109173730897], [4.2014079092014, 50.101540479066], [4.2164449121556, 50.091114252843], [4.2275402024598, 50.079679049395], [4.2279959931456, 50.066368977978], [4.1910964802776, 50.049491958302], [4.1774115449025, 50.045996982435], [4.1622238052451, 50.04898215278], [4.1363736079231, 50.02046124405], [4.1354830598469, 50.015042091472], [4.1456765100433, 50.003909005549], [4.1617434156239, 50.000912769341], [4.1577077947817, 49.988248872528], [4.1408937784816, 49.978756019427], [4.1539790946564, 49.974840643025]]]}}, {"type": "Feature", "properties": {"region_name": "OUEST"}, "geometry": {"type": "MultiPolygon", "coordinates": [[[[-2.3220102228855, 46.689370859197], [-2.3339086309831, 46.686335754046], [-2.3408401190474, 46.692270630681], [-2.3628244691363, 46.694296913939], [-2.3838250010365, 46.706769430868], [-2.398720979356, 46.717509050217], [-2.3987614706025, 46.723952024978], [-2.3829626597426, 46.732131547952], [-2.3715184087159, 46.732423656909], [-2.3449955109993, 46.726619233181], [-2.3403092656153, 46.720187286383], [-2.3198084377514, 46.719332810947], [-2.3047881362997, 46.709424180555], [-2.2861197201191, 46.695671725007], [-2.301824987103, 46.692466226408], [-2.3141842217392, 46.695297761013], [-2.3220102228855, 46.689370859197]]], [[[-2.2867885516843, 46.983496627052], [-2.3010946565916, 46.989047601607], [-2.3020317382713, 46.997616748051], [-2.2925186097225, 47.012555022671], [-2.3042054070871, 47.025060693728], [-2.2872328794469, 47.024618443862], [-2.2770692805571, 47.029038135374], [-2.2520693981849, 47.027966094972], [-2.2401364085503, 47.017854413154], [-2.2256229438599, 47.016854719984], [-2.2183338551942, 47.007817147562], [-2.2188122423342, 46.991712728633], [-2.2317459039104, 46.989711402141], [-2.2374732061994, 46.981958292077], [-2.2307387193565, 46.973215731503], [-2.2202452222616, 46.973677309765], [-2.1571813233526, 46.950033359583], [-2.147437598884, 46.934194164793], [-2.1482142491069, 46.913528857926], [-2.1532523636713, 46.906933207426], [-2.1538987641986, 46.895779045368], [-2.1679391075448, 46.911177523069], [-2.1735282996294, 46.925285521446], [-2.1814210323948, 46.937050160658], [-2.1980717999149, 46.951171361358], [-2.2231531353026, 46.965271208862], [-2.24244506994, 46.965359299904], [-2.2543982518538, 46.958122789992], [-2.2643746646818, 46.960876831901], [-2.2867885516843, 46.983496627052]]], [[[-3.248770867599, 47.379576261704], [-3.244700982732, 47.387618359758], [-3.2340762447846, 47.379338291339], [-3.2175838675208, 47.378419150942], [-3.2163525094804, 47.373608898918], [-3.201274824189, 47.372213510615], [-3.1935193838263, 47.365912324522], [-3.1730081240198, 47.361684567685], [-3.1558604781053, 47.361080830931], [-3.1534877470215, 47.348344091052], [-3.1451698763814, 47.342292073717], [-3.1396470634137, 47.329840381841], [-3.1150509508386, 47.324060678234], [-3.1110236087502, 47.319021634193], [-3.0931245649635, 47.315130772229], [-3.0741240211962, 47.317262323892], [-3.0633503439268, 47.315039283837], [-3.0678622487088, 47.296750488818], [-3.0759226223168, 47.286048310497], [-3.0865518494098, 47.283069445657], [-3.1058963104173, 47.284999245839], [-3.1228947190822, 47.290552518526], [-3.1362157348542, 47.287982908601], [-3.1512588812655, 47.293806467377], [-3.1762732030367, 47.300368448324], [-3.1856628166084, 47.295185330833], [-3.2021408353701, 47.296875977003], [-3.2171954083953, 47.293469947191], [-3.2284492482294, 47.301290747295], [-3.2387014326446, 47.303636953067], [-3.2490903024394, 47.316119926971], [-3.2354396164691, 47.323814198525], [-3.248052686952, 47.330283433793], [-3.2635566742404, 47.352257081813], [-3.2592142344527, 47.357022204229], [-3.2618219738531, 47.371275182462], [-3.248770867599, 47.379576261704]]], [[[-2.8688242027986, 47.347187413333], [-2.8640228377349, 47.337396656922], [-2.8851980047361, 47.332204587601], [-2.8828361523996, 47.342633634283], [-2.8688242027986, 47.347187413333]]], [[[-2.9539501005726, 47.383664372021], [-2.9481489550955, 47.373337178232], [-2.9612329905761, 47.384142688142], [-2.9734969970118, 47.385337455258], [-2.970456003478, 47.393456515554], [-2.9497473196772, 47.391474918453], [-2.9539501005726, 47.383664372021]]], [[[-2.8501830550859, 47.586592024447], [-2.8542598282248, 47.575141694299], [-2.8533540092104, 47.567483466314], [-2.8595623119286, 47.559896175763], [-2.8615807977029, 47.568279187496], [-2.853851482193, 47.594134904148], [-2.8447503210418, 47.601281769517], [-2.8379117800168, 47.591917276455], [-2.8501830550859, 47.586592024447]]], [[[-2.80960545819, 47.578258375141], [-2.8090954794976, 47.592251881558], [-2.7939896392391, 47.601731628428], [-2.7868109056903, 47.595356275895], [-2.7994090459784, 47.588534826736], [-2.80960545819, 47.578258375141]]], [[[-3.4852053906539, 47.628378526095], [-3.5076315908068, 47.640599145055], [-3.5132724400036, 47.65091255248], [-3.4969409139507, 47.653807933351], [-3.4442954529884, 47.643499781555], [-3.4294853772433, 47.642297272249], [-3.416338603723, 47.630594308492], [-3.4217929168617, 47.619997807491], [-3.4406778342018, 47.627446574356], [-3.4456273600808, 47.623593013481], [-3.4619142000708, 47.620345627722], [-3.4742467748166, 47.62698825448], [-3.4852053906539, 47.628378526095]]], [[[-2.4658187901467, 47.449802093033], [-2.4804252485529, 47.441963079767], [-2.4905571762189, 47.446452306175], [-2.4991358587812, 47.457540137914], [-2.4889918501409, 47.468033929888], [-2.4895613282298, 47.474318089711], [-2.5014022305882, 47.490518823453], [-2.4937203667699, 47.496719184685], [-2.4812257438732, 47.495301802155], [-2.4674495382969, 47.482627274277], [-2.4566319282751, 47.48649918664], [-2.4412197566934, 47.496237972727], [-2.4544840297362, 47.50695431439], [-2.4661501788359, 47.511698006916], [-2.5001329684216, 47.51780353312], [-2.5051621326726, 47.523097091258], [-2.5177342670181, 47.526379124102], [-2.5371281384206, 47.525677358637], [-2.544757222766, 47.518191712712], [-2.556172145179, 47.512844753872], [-2.5731695264161, 47.516856993244], [-2.594864559507, 47.517692920359], [-2.6058118321704, 47.515243886611], [-2.6094941252327, 47.509770061639], [-2.6219180968561, 47.504642830448], [-2.6238853198868, 47.513043352663], [-2.6115717799579, 47.514953612529], [-2.6022307930281, 47.523493027492], [-2.5867175567864, 47.525970484889], [-2.5735934948752, 47.545947890549], [-2.559927969571, 47.551149229397], [-2.5868524345501, 47.563522718081], [-2.5830102351203, 47.544093495058], [-2.5950997790228, 47.533860071767], [-2.6043518130413, 47.531033499908], [-2.6174572174627, 47.544577945836], [-2.6197613863302, 47.553120080253], [-2.6293614142026, 47.549477103692], [-2.620896300155, 47.543139537592], [-2.6260111378038, 47.530694282534], [-2.650778878004, 47.53796758253], [-2.6490453148391, 47.52871403441], [-2.6323971230563, 47.529969402681], [-2.6362963357436, 47.518311441107], [-2.6643333232928, 47.518636731497], [-2.6663632444305, 47.509807344989], [-2.6812726425683, 47.495823503923], [-2.7155101291894, 47.505556661277], [-2.7383720762509, 47.503971748148], [-2.7464594152624, 47.499178906102], [-2.7686807216999, 47.497547306973], [-2.783917445629, 47.494171291195], [-2.8002084412293, 47.487274625086], [-2.820249819976, 47.488552319653], [-2.8494633183276, 47.498714210554], [-2.8473220606719, 47.511542665428], [-2.8715617319757, 47.532180194766], [-2.8867515062552, 47.537761181776], [-2.9053147509137, 47.53836615706], [-2.9127507683233, 47.542221258931], [-2.9100056010075, 47.552847850571], [-2.8785251291933, 47.563822706213], [-2.875192617398, 47.554282188137], [-2.8584601857729, 47.550660977545], [-2.8388802388699, 47.543739594278], [-2.8209970086207, 47.542598073556], [-2.8136150628512, 47.552976639704], [-2.8053232688367, 47.55465217436], [-2.7983285187393, 47.54772871596], [-2.7763664183452, 47.54637816599], [-2.7800781208128, 47.539995170204], [-2.7656825016343, 47.536349797594], [-2.7305342531378, 47.542486209183], [-2.7342085766345, 47.552059689], [-2.7271201608591, 47.565348713813], [-2.718401891601, 47.567486439417], [-2.7138081735774, 47.579402737983], [-2.7019511829809, 47.589922636913], [-2.690000413435, 47.589629645348], [-2.6893684783836, 47.605475178645], [-2.6858183369351, 47.617254810447], [-2.6923951849212, 47.626672194763], [-2.7101869757185, 47.639250695814], [-2.7157627565643, 47.632178418633], [-2.7087829379002, 47.628877096117], [-2.7068583824059, 47.619857356802], [-2.6956189709006, 47.610971810996], [-2.7134014552926, 47.594743232814], [-2.7210591260306, 47.603107177713], [-2.7399219165437, 47.603861056383], [-2.7785759216065, 47.619153949607], [-2.77515576774, 47.625162720347], [-2.75071220553, 47.62190984793], [-2.7577479466431, 47.632011754392], [-2.7805769364965, 47.626366080093], [-2.783280446908, 47.620929683472], [-2.7980253950261, 47.619354324535], [-2.8119448383424, 47.622321040814], [-2.8312640065467, 47.613981447085], [-2.8511519612038, 47.619021300579], [-2.8683761763816, 47.607049879913], [-2.8655555799982, 47.59730655576], [-2.8851907493108, 47.603861505908], [-2.8912992832039, 47.600251055152], [-2.8902083733527, 47.583759203505], [-2.8954479129042, 47.581494812737], [-2.9055871359278, 47.590412052268], [-2.9147145838282, 47.591080951176], [-2.9320958563755, 47.600389216902], [-2.9391279484845, 47.594030070059], [-2.9468653824632, 47.607515814492], [-2.9492053452579, 47.620300052943], [-2.9472179938322, 47.629097718661], [-2.9588456568534, 47.627387400625], [-2.9578927965981, 47.637888099776], [-2.9766375186447, 47.658576868252], [-2.9821003804206, 47.655171781052], [-2.97168067816, 47.64505595394], [-2.9744526066848, 47.639664006057], [-2.9632708243662, 47.631813523307], [-2.9607067176234, 47.61463764084], [-2.9653352276132, 47.601579987203], [-2.9551759826158, 47.598617982077], [-2.9649822013031, 47.588704907763], [-2.9559516107688, 47.579651698895], [-2.9478608265496, 47.57934478607], [-2.9428107767728, 47.568756823617], [-2.9288355514896, 47.55474379968], [-2.9390911128082, 47.554097415693], [-2.9514873302492, 47.558895907795], [-2.9684287009143, 47.557175629484], [-2.9751788529976, 47.576068937045], [-2.9862715309049, 47.577092614249], [-3.0046872395881, 47.566465469116], [-3.0123216393668, 47.580152522478], [-3.0228793917846, 47.578112102992], [-3.0519734636492, 47.577936411937], [-3.0618814356091, 47.572517204359], [-3.0738615376547, 47.571102118951], [-3.0948867588573, 47.564687759616], [-3.1065771207183, 47.574439681659], [-3.1035813029521, 47.583875926358], [-3.1304124258813, 47.595994049527], [-3.1294822782995, 47.574986035076], [-3.1232563342713, 47.569508296346], [-3.1283264863235, 47.561155649925], [-3.1333592273144, 47.544057720215], [-3.1329801809192, 47.532940856127], [-3.1265682020102, 47.515571637729], [-3.1202689791131, 47.510193523895], [-3.1187883281895, 47.498761676631], [-3.1099177580575, 47.490095631431], [-3.0945017004357, 47.48241159014], [-3.0996239283661, 47.472659280146], [-3.1178050237851, 47.478792204713], [-3.1310768433146, 47.473341925849], [-3.1438097827755, 47.483493521766], [-3.1517804898255, 47.50387573681], [-3.1510830738294, 47.513240426176], [-3.1573094190216, 47.527777147938], [-3.1424420706013, 47.533350052758], [-3.1345818841427, 47.548823597227], [-3.1383935427929, 47.559327887066], [-3.1397514157784, 47.579595849581], [-3.1494412574588, 47.596336414351], [-3.1583739612277, 47.606980561921], [-3.1926562041934, 47.621875108037], [-3.2097600334006, 47.640692378745], [-3.2048348154766, 47.652288439195], [-3.2081335587952, 47.663424134982], [-3.1905086423658, 47.682544307053], [-3.1622880424494, 47.680141384504], [-3.1644539365533, 47.694638292784], [-3.1439930291641, 47.706565141662], [-3.1280609317144, 47.705557196606], [-3.1314171963644, 47.71283707385], [-3.1259673333102, 47.723460801941], [-3.1493565548036, 47.721594210494], [-3.1493499098343, 47.737340126654], [-3.161008055411, 47.73537887244], [-3.1600761495593, 47.728976621526], [-3.1746363055634, 47.723148407528], [-3.1687810020071, 47.704127663223], [-3.1946342296882, 47.703535994129], [-3.2010030764507, 47.697371761748], [-3.1903765047009, 47.690890020276], [-3.2065278804508, 47.672945488888], [-3.2189237367916, 47.666402207114], [-3.2109296431363, 47.655062695853], [-3.2149712295324, 47.645222611468], [-3.2432568168208, 47.662982381585], [-3.2708992101864, 47.678872772241], [-3.2878626003796, 47.700955753699], [-3.2955569268779, 47.702972616608], [-3.3111004799677, 47.701542726074], [-3.3175576788183, 47.705105920031], [-3.3442241173144, 47.70835964689], [-3.3540324221035, 47.703281447243], [-3.3639383928461, 47.709062757079], [-3.3427340330799, 47.719388265728], [-3.3490788842555, 47.72931295062], [-3.3361476227018, 47.728997614093], [-3.3215796590588, 47.73525260819], [-3.3135540007668, 47.746463211784], [-3.3057310772884, 47.74833039532], [-3.2978560945981, 47.768548758802], [-3.3167640619277, 47.756496417246], [-3.3238312586273, 47.747889296245], [-3.333042362653, 47.743689149171], [-3.3514545169925, 47.744278722575], [-3.355826445994, 47.732409734807], [-3.3671634315263, 47.725361124789], [-3.3675668898422, 47.717947229619], [-3.3871098313882, 47.701882463104], [-3.4304385578708, 47.703212158669], [-3.4527575847414, 47.695339093038], [-3.4638578995064, 47.705832814713], [-3.4794942914613, 47.714386099732], [-3.5002201860967, 47.731474104191], [-3.5051314690212, 47.745702801045], [-3.5209645860149, 47.757667759682], [-3.5300214665675, 47.774211050848], [-3.5299340818516, 47.782467704588], [-3.517378148747, 47.805037826205], [-3.5359136532779, 47.816437273679], [-3.5382920395566, 47.836022619198], [-3.5240076654732, 47.844903373787], [-3.5230056259837, 47.849146782891], [-3.5396500367876, 47.836179727509], [-3.5415735087146, 47.82278037201], [-3.5212461653116, 47.798868078426], [-3.53051730308, 47.791502368376], [-3.5323062304549, 47.768279004853], [-3.5386367482063, 47.762638930067], [-3.562529511804, 47.768194082971], [-3.5791169851307, 47.767577448995], [-3.6173276112343, 47.769506747908], [-3.6430519534915, 47.774569329599], [-3.646811655721, 47.778818400263], [-3.670099651884, 47.782985158502], [-3.6808379137393, 47.776793307824], [-3.7178229109781, 47.796523695646], [-3.7218026363467, 47.803803079831], [-3.7325477346747, 47.802927405811], [-3.7613726155759, 47.790506218278], [-3.788240857282, 47.791328352432], [-3.8005952117561, 47.787633600944], [-3.8206986898906, 47.797035412496], [-3.837052356745, 47.797206603832], [-3.84572557896, 47.792371643861], [-3.8536850991125, 47.803179888577], [-3.8653715148318, 47.809482207573], [-3.8923444805786, 47.83181405626], [-3.9024789053236, 47.835940597569], [-3.8953330854301, 47.851456671771], [-3.9059288131014, 47.856053716976], [-3.9115007019574, 47.870280163635], [-3.9291853857822, 47.870728950257], [-3.9318150077372, 47.879930376283], [-3.9474946202184, 47.88711050561], [-3.952255270628, 47.894973629627], [-3.9727069922104, 47.897113244288], [-3.9900268008062, 47.88273500359], [-3.9835079713108, 47.860854249073], [-3.9771079749911, 47.853797355451], [-4.0255592139411, 47.850394911361], [-4.0415835187416, 47.845999773961], [-4.0552180992409, 47.858290390712], [-4.0777227188397, 47.86652861959], [-4.0973424184599, 47.861927402731], [-4.1033355392797, 47.870935392975], [-4.1175131185531, 47.876648114661], [-4.1153436191058, 47.884957075533], [-4.1240918215755, 47.887653785645], [-4.1350139887829, 47.899319953681], [-4.1413175344589, 47.900932795588], [-4.1443044504617, 47.910760442169], [-4.139164438695, 47.922460714167], [-4.1265483456658, 47.930694608117], [-4.1181705270283, 47.930255946671], [-4.1097870557359, 47.936359164606], [-4.1095097330885, 47.949458350167], [-4.1003241613862, 47.951228624348], [-4.0942945270601, 47.962343568462], [-4.1016356245061, 47.971599102005], [-4.1154592154278, 47.951971718394], [-4.1108035376299, 47.93643845362], [-4.116939924733, 47.931723171212], [-4.1308490218786, 47.931268820614], [-4.1387273378666, 47.924044327709], [-4.148590650053, 47.911784831299], [-4.1456111634641, 47.897377929735], [-4.137658347962, 47.894582683745], [-4.1214402638717, 47.882431174872], [-4.1220414405413, 47.877480552794], [-4.112806039055, 47.864208198344], [-4.1260449628811, 47.86417449959], [-4.1384513988378, 47.860372058344], [-4.1635564220902, 47.849182582249], [-4.1751052516171, 47.875971241102], [-4.1956480316546, 47.876129863398], [-4.1917255768507, 47.867926519042], [-4.1985842210014, 47.859767014899], [-4.1893682915433, 47.851394814187], [-4.1779637170825, 47.83448054667], [-4.169637218528, 47.835983578473], [-4.1594079263305, 47.831817813505], [-4.1665272788102, 47.81562709526], [-4.1747961215709, 47.807720089743], [-4.1923054697265, 47.797375930596], [-4.2102829763554, 47.801668247082], [-4.2165941479178, 47.793145496317], [-4.2324661582068, 47.793694342897], [-4.2692270352914, 47.79098118891], [-4.278552033431, 47.793791055402], [-4.2908690668838, 47.792683316384], [-4.2985421674237, 47.800459408076], [-4.3121953465001, 47.800898472176], [-4.32359993608, 47.79785495381], [-4.3422494923384, 47.799673907649], [-4.3624139097032, 47.795739457012], [-4.3740484540088, 47.798476085782], [-4.3716114594948, 47.80777876035], [-4.3792556925789, 47.822050720065], [-4.3498041232485, 47.83078661588], [-4.3461614463077, 47.83907388297], [-4.3476870805612, 47.849005072333], [-4.3600577158752, 47.879146436114], [-4.362571617849, 47.889266575343], [-4.3790334776921, 47.914084532462], [-4.395188435554, 47.934409652937], [-4.4098520632839, 47.946650557322], [-4.4246099459353, 47.963758867166], [-4.453576704456, 47.981777636275], [-4.4746789421278, 47.985624949661], [-4.4826653312528, 47.993824490611], [-4.4980779158615, 48.001183040607], [-4.5148540490952, 48.006067730047], [-4.5256147363767, 48.006067667043], [-4.5368798410152, 48.012491630575], [-4.550096166671, 48.011713275225], [-4.5647501712087, 47.999835676162], [-4.5907349278799, 48.006794478828], [-4.597265482557, 48.014881869407], [-4.6171479742083, 48.016679284353], [-4.6329587586753, 48.029369004938], [-4.6460824443153, 48.023304150678], [-4.6997885692117, 48.027891769892], [-4.7105952929249, 48.033199609507], [-4.7230336277547, 48.033599672317], [-4.7319575291791, 48.040893238655], [-4.7124639734808, 48.042115186074], [-4.7068549694099, 48.04999288348], [-4.7163398904359, 48.062467036521], [-4.6737632606973, 48.060829548571], [-4.6682276450746, 48.070200865274], [-4.6329864019536, 48.067656900838], [-4.6212551186766, 48.06856975321], [-4.6055567322678, 48.075144649057], [-4.5906529113319, 48.077103152291], [-4.580146507137, 48.081908477448], [-4.5536216450504, 48.077132543168], [-4.545646174971, 48.07845960521], [-4.5400399621897, 48.087861184127], [-4.5144760304168, 48.088898642776], [-4.4885983026016, 48.086473104323], [-4.4666979200231, 48.099143817185], [-4.4569858789134, 48.096458543946], [-4.4350684487573, 48.097322911408], [-4.4102497059559, 48.106021543169], [-4.3936094931243, 48.10445280582], [-4.3743959355115, 48.110158765816], [-4.3635604323207, 48.109200301918], [-4.3549482349925, 48.10371581043], [-4.3069930438711, 48.089185950308], [-4.2969336649841, 48.092193155485], [-4.2842966027835, 48.107888922651], [-4.2815394753097, 48.115546749849], [-4.2837291765835, 48.126894213088], [-4.2717328773485, 48.133054000516], [-4.2730799332603, 48.154184060675], [-4.2928384902475, 48.157399085257], [-4.2962454405426, 48.165147430098], [-4.2920632378488, 48.176348134139], [-4.3011254537871, 48.191446905092], [-4.3154011317845, 48.201590197777], [-4.3320245514115, 48.206252420086], [-4.3674265719653, 48.205181125133], [-4.3764153744941, 48.217120653017], [-4.4112371701961, 48.222749021747], [-4.4255159659909, 48.229011423558], [-4.4317441689243, 48.228335889789], [-4.4483574330506, 48.23563427883], [-4.4890285598601, 48.236209131048], [-4.5016483626877, 48.230419925672], [-4.4973006895694, 48.216773771782], [-4.5107514965186, 48.211453602973], [-4.5193408676193, 48.192342464231], [-4.5401709706587, 48.180690252545], [-4.5396785660795, 48.170248926865], [-4.5541303580757, 48.16777550723], [-4.5539161923019, 48.178980950953], [-4.5496466530638, 48.194260085865], [-4.5534516878496, 48.211909181419], [-4.5640287889751, 48.2322275804], [-4.5542366911133, 48.23943709268], [-4.5445091004672, 48.241191020822], [-4.5438454031052, 48.24868513629], [-4.5581833509587, 48.259044482063], [-4.5637622836517, 48.255323260533], [-4.583579355652, 48.25247718648], [-4.619781824787, 48.263922349139], [-4.6151754712281, 48.272608618322], [-4.6191913673877, 48.277687013901], [-4.6010351660969, 48.283328561972], [-4.5920264733919, 48.274941952167], [-4.580510315487, 48.276821723646], [-4.5666092529207, 48.286340243106], [-4.5722318933548, 48.298194529125], [-4.5710033055979, 48.305488131525], [-4.5793535371685, 48.317985114981], [-4.5711366097909, 48.33004851178], [-4.5554096260061, 48.33827322458], [-4.534438235185, 48.341855622806], [-4.5323989547456, 48.339322193963], [-4.5453284966877, 48.324530697141], [-4.5483564279774, 48.309091985071], [-4.5562724762849, 48.299755550421], [-4.5526899421663, 48.294333094321], [-4.5409637873526, 48.290218695274], [-4.5357701963006, 48.283943449529], [-4.5217946962434, 48.291114428525], [-4.5076962523209, 48.310708704249], [-4.5010461586171, 48.306105555944], [-4.5129990628384, 48.297069816261], [-4.5087664864786, 48.284364971679], [-4.5026015309363, 48.280860913221], [-4.4835588084111, 48.284044560152], [-4.4550522136348, 48.292771537786], [-4.4237773421087, 48.291670034681], [-4.4121223635074, 48.277431878755], [-4.4068502675656, 48.275442332471], [-4.3844939336359, 48.275154271566], [-4.3660839325116, 48.278010699726], [-4.3536674198016, 48.285793291692], [-4.3380117997035, 48.285592492129], [-4.3080337336786, 48.297163385068], [-4.2716752810253, 48.295919896917], [-4.2739347422518, 48.288971383308], [-4.2845412149644, 48.287650160728], [-4.2848570831774, 48.275913907112], [-4.2595853011287, 48.266201814358], [-4.2459294480179, 48.250780318991], [-4.2317540680499, 48.250320630547], [-4.2172932355759, 48.257615458861], [-4.2080204243049, 48.242451425248], [-4.1866606053631, 48.246536490853], [-4.1970338862768, 48.25110791887], [-4.2079834304869, 48.251025418009], [-4.2167166565259, 48.260995596762], [-4.2406571035438, 48.254405816531], [-4.2484420972136, 48.264631942186], [-4.2794340183855, 48.277816418923], [-4.2586639746308, 48.280337796407], [-4.2339831734409, 48.291663390615], [-4.2255916464459, 48.287775626172], [-4.1940779875676, 48.293672058984], [-4.1927914320833, 48.297566770216], [-4.2230912040754, 48.296296136643], [-4.2607589991265, 48.308808886841], [-4.2717767417457, 48.3085010698], [-4.2817306872962, 48.314149062808], [-4.2931983397824, 48.311355653833], [-4.3065317325636, 48.314942350033], [-4.3311785781541, 48.314620491654], [-4.3098044941465, 48.327389890558], [-4.3054717563496, 48.333012617327], [-4.2909479256962, 48.341952755975], [-4.2780004139394, 48.344874608976], [-4.2976741907114, 48.355911039667], [-4.3050740561368, 48.354482380706], [-4.3021566253156, 48.34377489677], [-4.3293983637326, 48.340226102871], [-4.3353494088236, 48.351018718927], [-4.3446175802594, 48.343247421931], [-4.36648632172, 48.344799621581], [-4.3678442897223, 48.334697246192], [-4.375252431501, 48.326306182232], [-4.4046736898418, 48.323603347031], [-4.4163170599611, 48.324328314613], [-4.4212814557887, 48.332856308545], [-4.4474594889754, 48.325680817565], [-4.4496265161822, 48.337161490176], [-4.4395482007447, 48.341279779512], [-4.4417567491006, 48.353615394797], [-4.4290271772091, 48.365619656485], [-4.4186091872326, 48.368726808201], [-4.4075253481222, 48.380534385031], [-4.3961298593091, 48.38650177881], [-4.3680405113101, 48.39489925028], [-4.3593237104943, 48.402144960849], [-4.3428458694475, 48.403365443241], [-4.3093501979999, 48.419403653203], [-4.2819732297193, 48.434393207398], [-4.287872061805, 48.436420644162], [-4.3094694139567, 48.423596726474], [-4.3381817157191, 48.414949405527], [-4.3459483488972, 48.409663044293], [-4.3686013125106, 48.40664262085], [-4.3688602316922, 48.401485058956], [-4.386795431773, 48.397755391732], [-4.4029442647564, 48.390018662486], [-4.4249472968664, 48.397600203449], [-4.4333536489875, 48.396593913062], [-4.4352859423298, 48.383389050061], [-4.4427532805509, 48.381948489599], [-4.4563561684304, 48.387015703714], [-4.4672858436945, 48.381010080426], [-4.4818709168706, 48.382521354469], [-4.5070284331619, 48.375177195361], [-4.5380169478944, 48.357124862764], [-4.5496694490256, 48.362001489858], [-4.556901556146, 48.356967518117], [-4.5949382473261, 48.34398230697], [-4.6087240373586, 48.337888380763], [-4.6281010576136, 48.337509419286], [-4.6392496162242, 48.34493297515], [-4.6542388141476, 48.346681343342], [-4.6671754786758, 48.352722054618], [-4.6805572523649, 48.355611191009], [-4.6994701606877, 48.350825211906], [-4.7031861104856, 48.345439143685], [-4.6984198568155, 48.339008917129], [-4.7076075032169, 48.33225949433], [-4.7268279563533, 48.330101611584], [-4.7412649297657, 48.331137342157], [-4.755151556882, 48.328314605498], [-4.7723051357322, 48.3291788831], [-4.7713352334093, 48.348321487205], [-4.7807548157661, 48.358363845243], [-4.7609158756256, 48.372752574444], [-4.7744540702471, 48.389384734113], [-4.7736837961353, 48.404922524224], [-4.7856134234263, 48.409183783259], [-4.7933430625428, 48.416235956794], [-4.7829693643734, 48.437550153141], [-4.7762887997551, 48.44323010222], [-4.7783033027269, 48.449337151566], [-4.7691821477998, 48.462065352166], [-4.7590583232069, 48.470397966682], [-4.7754782499743, 48.491000702902], [-4.7769978959372, 48.503117217189], [-4.7669531385337, 48.508949694964], [-4.7677505482026, 48.51549084169], [-4.7579904988592, 48.520934810502], [-4.7635828540663, 48.531059613438], [-4.750430701927, 48.531787625414], [-4.7505716364016, 48.543395532423], [-4.7369401487605, 48.549669633203], [-4.730581474956, 48.556345629552], [-4.7073251262934, 48.554495469139], [-4.7006100061104, 48.565257293095], [-4.6897329488655, 48.571618302905], [-4.6751613492295, 48.568639591535], [-4.6464232548783, 48.572118967627], [-4.6306065814165, 48.577693340766], [-4.5960814216726, 48.570438077138], [-4.5920294451056, 48.55696728141], [-4.5801834734014, 48.562246351219], [-4.5940875669374, 48.574670422845], [-4.6091605495172, 48.575417985689], [-4.6036696454798, 48.58297905273], [-4.6076603107424, 48.596461551968], [-4.5983162877184, 48.608011192206], [-4.5856196284358, 48.601472677829], [-4.5907770172397, 48.594023648193], [-4.5627715925875, 48.598170219165], [-4.5565167429014, 48.594799473824], [-4.5455036785654, 48.59783340549], [-4.550782271051, 48.604094317015], [-4.5608700909489, 48.603771154268], [-4.5686991918772, 48.611035547029], [-4.5614793437335, 48.623801490681], [-4.5503434319799, 48.625018824991], [-4.5395490492214, 48.631187796313], [-4.5261586212295, 48.629376007091], [-4.5217973483906, 48.634384422626], [-4.5018039011118, 48.621186293816], [-4.4931187647023, 48.625414896892], [-4.4782291949973, 48.623557861673], [-4.4627692950062, 48.627100958455], [-4.4469441913165, 48.638394323748], [-4.4149997798362, 48.637926090365], [-4.4271033577354, 48.652260777339], [-4.3980441994007, 48.65561478084], [-4.3801425974664, 48.661666859925], [-4.3514034206459, 48.676113294185], [-4.3303269284446, 48.67546160978], [-4.3291124062469, 48.667907661004], [-4.3102390806509, 48.667931594289], [-4.2954040446046, 48.660446563113], [-4.3160685361226, 48.640188688849], [-4.3115885562964, 48.635172589811], [-4.298511346251, 48.632640665789], [-4.2727657939881, 48.649579657653], [-4.2464935655648, 48.649709559996], [-4.2333860393386, 48.652097867975], [-4.2236435014343, 48.648213897066], [-4.1945007324424, 48.652175738687], [-4.1987860401536, 48.655717939248], [-4.2202278931, 48.656147005163], [-4.2096068963467, 48.670447739532], [-4.1968161610499, 48.677628282862], [-4.1869344610679, 48.686462205394], [-4.174061395128, 48.686024655247], [-4.1624191936583, 48.689758295612], [-4.1270367426342, 48.694927216255], [-4.0837978480658, 48.692972814592], [-4.0709024391013, 48.684670504996], [-4.0575875391344, 48.689258711554], [-4.05679529974, 48.700628181133], [-4.0429161757203, 48.70265342713], [-4.0353886405866, 48.713928688184], [-4.02495529368, 48.710629584547], [-4.0124824530698, 48.714491395544], [-4.0005364915392, 48.711631523299], [-3.9834371521249, 48.726305142899], [-3.9668077805805, 48.71962530493], [-3.9735238414907, 48.71002461021], [-3.9757432893007, 48.699031896983], [-3.9682004772062, 48.689973835843], [-3.9691581056971, 48.676107684525], [-3.9531383099577, 48.672136886316], [-3.9494659266738, 48.652861005926], [-3.9300674451266, 48.657839171964], [-3.9211812871032, 48.674928420785], [-3.9114347331104, 48.669960338823], [-3.8911113303248, 48.670896023532], [-3.8925732849232, 48.666174874576], [-3.9061966723813, 48.660822813734], [-3.8977104457356, 48.646355840782], [-3.8895679902243, 48.641662476434], [-3.8607964112541, 48.632586859442], [-3.8566651166084, 48.62062982347], [-3.845545208747, 48.626964725465], [-3.856272170722, 48.650755902177], [-3.8564327756426, 48.660929312176], [-3.8644147711301, 48.670330901442], [-3.8466397296643, 48.673108945878], [-3.854473660269, 48.686373923346], [-3.8482610894395, 48.695947065984], [-3.8323743274237, 48.711935659748], [-3.8207715463903, 48.701352197337], [-3.8189371050949, 48.715169992971], [-3.8056106339945, 48.711019729093], [-3.7874929573455, 48.701796106506], [-3.7761094548232, 48.702861922085], [-3.7657078018764, 48.708879271701], [-3.733246519616, 48.707417936626], [-3.7169828876846, 48.702516263423], [-3.7024279161749, 48.690384977451], [-3.6884703928375, 48.691672302665], [-3.678008056564, 48.6868131946], [-3.6609393047034, 48.694072404612], [-3.6451676792066, 48.690710877885], [-3.6547881028975, 48.682400406377], [-3.6427952345386, 48.672116059351], [-3.6554581627922, 48.664723869854], [-3.659150584255, 48.65920940185], [-3.6420873568022, 48.669628149236], [-3.6364032001666, 48.681876659006], [-3.6229753236901, 48.685744443578], [-3.6160667149757, 48.682134712863], [-3.6134373556063, 48.672125467118], [-3.6013474443039, 48.668882399999], [-3.5812522674227, 48.670014971375], [-3.567388863762, 48.682875835381], [-3.5821292852091, 48.688828850154], [-3.5806180997154, 48.699098969889], [-3.5848136756599, 48.717143137778], [-3.5777341572244, 48.722922763845], [-3.5535067685842, 48.729599848138], [-3.5494040209786, 48.745685503762], [-3.5660238040656, 48.760470858523], [-3.5780706522181, 48.763052810216], [-3.5850133196812, 48.775496976258], [-3.5670493902465, 48.796072228502], [-3.5544363965473, 48.791566104085], [-3.5350388142712, 48.802711262754], [-3.5452296969806, 48.811547911235], [-3.5353532236423, 48.82420921892], [-3.5132038128061, 48.834999450202], [-3.5102190015828, 48.827666021396], [-3.4947289999517, 48.828909887366], [-3.487057183946, 48.835210739121], [-3.4767632379266, 48.836553086027], [-3.4682941245516, 48.823719601392], [-3.4534252470278, 48.815730292786], [-3.4387785622141, 48.820131082218], [-3.4282482665937, 48.816467818251], [-3.4428880325615, 48.803230031461], [-3.4307313974533, 48.797223993896], [-3.3975515012589, 48.800749976127], [-3.3872194078248, 48.805276623502], [-3.3860910507659, 48.815072936716], [-3.3570227693774, 48.819691247713], [-3.3353898521234, 48.828434255251], [-3.3194282929708, 48.838251369288], [-3.2918755715046, 48.83192266916], [-3.2808810565774, 48.84207127438], [-3.2643350622758, 48.834201312354], [-3.2566001531918, 48.846756455248], [-3.2460295399846, 48.856723818997], [-3.2347983819655, 48.861980153414], [-3.2317564057757, 48.867411825697], [-3.2197255192397, 48.866460220845], [-3.2109738852073, 48.854759740147], [-3.213490950434, 48.839397397676], [-3.2028272774671, 48.834506769958], [-3.2082284171302, 48.813122349364], [-3.1967385179982, 48.818392675983], [-3.1981611200673, 48.826345008208], [-3.1827618229112, 48.842557979967], [-3.1738028697326, 48.841865128735], [-3.1679437352953, 48.853146277189], [-3.1581455962223, 48.851635850053], [-3.1344876629569, 48.858231534485], [-3.1298367560421, 48.864364228073], [-3.1139737119264, 48.866740453944], [-3.0840007772064, 48.86569562865], [-3.0934910357785, 48.858795039139], [-3.08514880221, 48.849384963641], [-3.0891457935409, 48.832182747832], [-3.0791514131107, 48.830043840648], [-3.0921032112249, 48.808980389522], [-3.0983841004526, 48.804282774149], [-3.0973562864529, 48.794283712041], [-3.1017797073776, 48.783225484414], [-3.1197930438538, 48.773596321728], [-3.1213980681585, 48.76526963585], [-3.0996365562548, 48.768295722963], [-3.0934962179147, 48.791936271699], [-3.0854700296144, 48.810358940308], [-3.0704323241691, 48.82090011268], [-3.0620643799616, 48.822425000014], [-3.0523569695531, 48.815396803409], [-3.0386386693612, 48.819468829234], [-3.0136302920911, 48.822137752778], [-3.0079489411489, 48.818123335033], [-3.0167821898089, 48.812113151135], [-3.0061398616086, 48.800293214921], [-3.0208405402882, 48.797138467927], [-3.0249972636159, 48.79144626786], [-3.0416526216166, 48.789013531286], [-3.0436410172513, 48.78335094785], [-3.0239926616859, 48.783128253914], [-3.029395265054, 48.775914254773], [-3.0159167403363, 48.767132102258], [-2.9895062091921, 48.762638625905], [-2.9645414610051, 48.762494954478], [-2.9554262913638, 48.769189501689], [-2.943654576565, 48.758338397641], [-2.9286347276991, 48.75442692542], [-2.9416450538097, 48.745308799004], [-2.9341631909275, 48.737092242062], [-2.9479075153591, 48.727211276245], [-2.9417423433506, 48.719207198957], [-2.9320923985813, 48.717491879688], [-2.924759508377, 48.707466143849], [-2.8896153283211, 48.696372886916], [-2.8800886489961, 48.67427144179], [-2.8582441777909, 48.672308279455], [-2.8413210056003, 48.663352340555], [-2.8377644227621, 48.656020055446], [-2.826930459455, 48.650565045336], [-2.8241580988201, 48.634957454331], [-2.8153839194992, 48.609899617724], [-2.8251563129905, 48.600303982104], [-2.8196028872168, 48.593528075876], [-2.8065963669984, 48.591904974754], [-2.7979631859761, 48.586577481759], [-2.7793122045816, 48.584979704743], [-2.7726822658829, 48.570547123262], [-2.7495486430359, 48.562166461746], [-2.7179738137973, 48.555376234837], [-2.7247921572497, 48.546914137203], [-2.7145653373375, 48.529029220355], [-2.6984370712725, 48.505683606103], [-2.6847820858607, 48.498049171075], [-2.6788699666557, 48.503939642438], [-2.6765221053678, 48.519145534995], [-2.6815598011872, 48.531128876642], [-2.6684668905712, 48.534818647729], [-2.6579857250454, 48.526362123163], [-2.642926445977, 48.523601503198], [-2.6302809106614, 48.52608884558], [-2.6312659297144, 48.538126147652], [-2.6055582106646, 48.551823337566], [-2.5686751748086, 48.578559898858], [-2.5502739246772, 48.598731144351], [-2.5315182573984, 48.597242979825], [-2.4966511974711, 48.608236480629], [-2.4734313644435, 48.62252003118], [-2.4680102449695, 48.635312407707], [-2.4802182452475, 48.637139971893], [-2.4680059332961, 48.649583903116], [-2.4533521947478, 48.647603843479], [-2.4356296138472, 48.652182703457], [-2.412172534292, 48.641490561257], [-2.3963208098213, 48.642746205929], [-2.3851972631136, 48.652775428242], [-2.3566430746048, 48.658128435538], [-2.329817993644, 48.67243374983], [-2.3268351903798, 48.682690335758], [-2.3128614051641, 48.68092479798], [-2.3095552780235, 48.670248867579], [-2.2873086848415, 48.668048684079], [-2.2986303647576, 48.650777277754], [-2.3082350519385, 48.645115878008], [-2.3116350377043, 48.63457311919], [-2.3378377315034, 48.620070642052], [-2.3093749578841, 48.615045727598], [-2.2998911449283, 48.624056828509], [-2.2873445575751, 48.627320739303], [-2.284514633269, 48.632393122516], [-2.2590733904716, 48.644952415823], [-2.255746903771, 48.636212558848], [-2.2433554764628, 48.623384047682], [-2.2457501789659, 48.615403901289], [-2.2286025908783, 48.607719393152], [-2.2239525410226, 48.595382260905], [-2.2128021263747, 48.591597817216], [-2.201779275207, 48.583790688394], [-2.1915532278103, 48.592304252064], [-2.194714982728, 48.599920578374], [-2.1821193547183, 48.599174901368], [-2.187757441748, 48.587190961848], [-2.1867457952027, 48.581332257121], [-2.1734764888765, 48.577917159837], [-2.1642654103968, 48.578892956541], [-2.1567074926763, 48.587698435173], [-2.1695676200346, 48.596654644275], [-2.1658043885874, 48.604235347881], [-2.142859606356, 48.611174051597], [-2.123706231573, 48.604405598781], [-2.1344816510593, 48.611643369666], [-2.1387092211901, 48.623233227338], [-2.1503248031597, 48.627053106726], [-2.1334957716008, 48.637088444356], [-2.1265123781579, 48.634929665212], [-2.1151461030982, 48.640574814888], [-2.0947895329223, 48.633600009628], [-2.0812159935305, 48.636113938227], [-2.0780785794745, 48.640606840627], [-2.0486923175112, 48.636979345527], [-2.0550978778787, 48.627308162871], [-2.0479009976935, 48.624252682515], [-2.0302658489221, 48.6230402789], [-2.033552700515, 48.609450561797], [-2.0174903342468, 48.594980622161], [-2.0135140412299, 48.587519422472], [-2.0052387594747, 48.588372025047], [-1.9946685652283, 48.578424268262], [-2.0117662463935, 48.571458977418], [-2.0068973832739, 48.566110094782], [-1.9937102250766, 48.559543529591], [-1.9881857185433, 48.545116037063], [-1.9754496222253, 48.543657395889], [-1.9723506867232, 48.534638480013], [-1.9870341945665, 48.525657088599], [-1.9857586016344, 48.510758659842], [-1.9694960306022, 48.517140952252], [-1.9693306755786, 48.523178885752], [-1.9547996276675, 48.522834435277], [-1.9480341971128, 48.538808017557], [-1.9591400244487, 48.536361793933], [-1.9689408101185, 48.539138345101], [-1.9611555626668, 48.550288017551], [-1.9630715571236, 48.555935046598], [-1.9742078804092, 48.557792898054], [-1.9725748468616, 48.565573079381], [-1.9819961816246, 48.573998865405], [-1.9812825658863, 48.586178667101], [-1.9592506615667, 48.576213011519], [-1.9541860424982, 48.578971353192], [-1.9678110801245, 48.592143118152], [-1.9919484014969, 48.594107232092], [-2.0110006809827, 48.604725563563], [-2.0023941362904, 48.613055635525], [-2.0151419114746, 48.613981579065], [-2.0183123229782, 48.620076905126], [-2.0136236164094, 48.627010189175], [-2.0259859464428, 48.634438167728], [-2.0202576088523, 48.639910339273], [-2.028955958438, 48.646918475376], [-1.995234996379, 48.660138273521], [-1.9823378822778, 48.672879184591], [-1.9849669305136, 48.681290529268], [-1.9698310104514, 48.686323909863], [-1.9562928614112, 48.680756983693], [-1.9425512881469, 48.685719750246], [-1.9380749435582, 48.694458847226], [-1.905837502586, 48.690484641205], [-1.8905081889989, 48.698944421746], [-1.8745830467838, 48.694893912876], [-1.8561321209073, 48.704854504824], [-1.8371380899061, 48.679159712785], [-1.8627254313798, 48.667274741628], [-1.8633547109875, 48.659420480639], [-1.8716628360703, 48.64740579596], [-1.8666223954374, 48.635297119972], [-1.8569581590835, 48.624576587136], [-1.8450690325377, 48.616364824796], [-1.8221188983634, 48.610007750763], [-1.7641502834765, 48.60355862709], [-1.7017734211771, 48.607233355175], [-1.6751542146205, 48.6114230382], [-1.6611083246856, 48.61074613166], [-1.5710894380361, 48.626441149011], [-1.5435452019954, 48.63121633289], [-1.5186481112506, 48.627241443224], [-1.515647973505, 48.618249181032], [-1.4875143099536, 48.619683118162], [-1.477188590376, 48.618737838556], [-1.453119129556, 48.624675630959], [-1.4491592197362, 48.623416514324], [-1.4258419389759, 48.637559262748], [-1.4045832706425, 48.643393783536], [-1.3788928672818, 48.641984051038], [-1.3574234034789, 48.635483059321], [-1.3667902778659, 48.646816772419], [-1.37779618361, 48.650980830291], [-1.3931922892245, 48.650524483715], [-1.4008843035347, 48.658912226981], [-1.3868080886343, 48.674230077774], [-1.3885017122394, 48.680611484574], [-1.4109326754602, 48.671499504878], [-1.432437001637, 48.666381359345], [-1.4385827533746, 48.656898441113], [-1.4453056482617, 48.655010677863], [-1.4492892816983, 48.670001538869], [-1.4812544062845, 48.684374376408], [-1.49696844753, 48.683669583998], [-1.5049509038692, 48.687406798864], [-1.5184702088038, 48.716306146704], [-1.5319277117459, 48.731023322195], [-1.5601753647368, 48.735462626987], [-1.5701538176576, 48.742946555279], [-1.5744027818825, 48.75185050251], [-1.5701442959905, 48.772302111897], [-1.569890517616, 48.800224865932], [-1.5744376405691, 48.821682401355], [-1.5941495509687, 48.834715454159], [-1.6013201144142, 48.836516012355], [-1.5871738726074, 48.846459450942], [-1.5763822718035, 48.866233003819], [-1.5643455142932, 48.921580374553], [-1.5541181922605, 48.900139698967], [-1.5434258848416, 48.931027158992], [-1.5495360815231, 48.940185428234], [-1.5621107504118, 48.941016659011], [-1.5620295824626, 48.981625893318], [-1.5589869081576, 48.991685570978], [-1.5607098810567, 49.001480959204], [-1.5507932300727, 49.003261996562], [-1.557066459398, 49.011560491842], [-1.5561478071951, 49.024690465146], [-1.5398053590488, 49.034164591611], [-1.5238615597683, 49.027357230532], [-1.5093830641249, 49.026943233212], [-1.5417948391641, 49.041162160828], [-1.5471012949252, 49.037292772502], [-1.5592318014493, 49.038274352716], [-1.5688741957393, 49.032047703421], [-1.5785771444366, 49.015283279183], [-1.5745849862677, 49.002853692658], [-1.5816167633561, 49.002704056487], [-1.5937891730984, 49.022503424284], [-1.60295018717, 49.05577884026], [-1.5980958444687, 49.058557083517], [-1.5984218569282, 49.074513497125], [-1.6094145764943, 49.079281603206], [-1.6104318663509, 49.092932611918], [-1.6069307277516, 49.110034240873], [-1.5999863662105, 49.118513175091], [-1.5947459734594, 49.131928426288], [-1.5810718554805, 49.131674948757], [-1.595825359512, 49.14283223955], [-1.5988469663686, 49.169200419634], [-1.6073215295119, 49.196647120312], [-1.6051478142522, 49.2037447513], [-1.6107491510687, 49.214490949154], [-1.5717703394133, 49.223972136229], [-1.5892944345851, 49.233427410876], [-1.6169953390227, 49.231610466351], [-1.625063732473, 49.225074527383], [-1.6316846090167, 49.21422230031], [-1.6425012327523, 49.223929836401], [-1.6541603483738, 49.241445046412], [-1.6609046758189, 49.259266389315], [-1.6782177867605, 49.280142766374], [-1.6657720735083, 49.28188131922], [-1.6652075172903, 49.286811899007], [-1.6831075465952, 49.28762544819], [-1.6968629360079, 49.302727209961], [-1.71117197286, 49.325094637036], [-1.7012938138615, 49.323915736806], [-1.6968290117754, 49.331720453626], [-1.7176162414367, 49.326352117431], [-1.7247902425762, 49.327450118599], [-1.7411588494555, 49.344037789167], [-1.7647272242817, 49.363551606894], [-1.7787957331797, 49.371673062007], [-1.807044519245, 49.371886570418], [-1.8198270387403, 49.39048194081], [-1.8233630709264, 49.405355197016], [-1.8234334633411, 49.438806741795], [-1.8267734462966, 49.452912708931], [-1.8365701217503, 49.468323740242], [-1.8434098400699, 49.47077677688], [-1.8464190476711, 49.498628821215], [-1.8526021717957, 49.510385793698], [-1.8686791471828, 49.51237165287], [-1.8819330190767, 49.51931183704], [-1.8865295575919, 49.527614954968], [-1.8856912059509, 49.540389845217], [-1.8599268014835, 49.550652196301], [-1.8410258496794, 49.571733495111], [-1.8423657220792, 49.603652142802], [-1.8451382307403, 49.619088241649], [-1.8550073982962, 49.642822194747], [-1.8602959828965, 49.650193854758], [-1.8734840432458, 49.657595242746], [-1.8983983394389, 49.665827626044], [-1.9178223549036, 49.665792917579], [-1.9291066373282, 49.671817058684], [-1.9461839215553, 49.67434359255], [-1.9362755021206, 49.687906388906], [-1.9364332705437, 49.693755561379], [-1.9472733176655, 49.704928806767], [-1.9422468301096, 49.725557927402], [-1.9165182727857, 49.724881008941], [-1.8977813504921, 49.71710162128], [-1.8901181931224, 49.707153428958], [-1.8765349678081, 49.706745540386], [-1.8524826023107, 49.716941279614], [-1.8395312458249, 49.711552803104], [-1.8276334422186, 49.693428126343], [-1.815242405587, 49.68887201482], [-1.7903115872551, 49.687062757357], [-1.7626785199869, 49.678675842585], [-1.7353787740872, 49.677475890784], [-1.7226166267492, 49.67923539334], [-1.7044356804014, 49.670860552488], [-1.6867469480741, 49.673066182254], [-1.6783904494577, 49.661233437166], [-1.6501443485293, 49.65679900284], [-1.6328523940131, 49.660641576202], [-1.6240147652106, 49.644053113794], [-1.6151605571489, 49.643460933616], [-1.595585416435, 49.654476141253], [-1.5790665683374, 49.654108869195], [-1.5657216224347, 49.6564319962], [-1.5415760950278, 49.65411200539], [-1.5142668707452, 49.659906363431], [-1.4951992999355, 49.668112324564], [-1.485803063592, 49.669315434164], [-1.4848705161427, 49.677760491652], [-1.4753944670543, 49.681673759847], [-1.4759879580656, 49.692012655502], [-1.4710843353661, 49.69667139043], [-1.4551125681652, 49.691211562863], [-1.4211648985369, 49.703706318223], [-1.4112493611078, 49.70195420522], [-1.3858209704338, 49.706235946931], [-1.369566553066, 49.706887557051], [-1.3498383478638, 49.702068404407], [-1.2878440862449, 49.692595816605], [-1.2679291968387, 49.695329176599], [-1.2715087649217, 49.683652851227], [-1.2538864036932, 49.663805883133], [-1.2391801151651, 49.652402684434], [-1.2432478604805, 49.648200405198], [-1.2295967339571, 49.624653776103], [-1.228866448748, 49.607863429808], [-1.2542854436666, 49.612658345594], [-1.2662660112701, 49.592845791028], [-1.2612384503723, 49.586657015411], [-1.267613440608, 49.581953814631], [-1.2840568870782, 49.587252068376], [-1.2962280470313, 49.583173183623], [-1.3042001777054, 49.573677338992], [-1.3091731760214, 49.552609580003], [-1.3063595679898, 49.538928237908], [-1.2895246997246, 49.51798179534], [-1.2699260332883, 49.500541701878], [-1.2583845422005, 49.48641032582], [-1.2233382850858, 49.455809055808], [-1.182532110005, 49.424017594444], [-1.1679979463415, 49.408031770721], [-1.1617337685799, 49.39174984514], [-1.1732751083089, 49.37843798982], [-1.1775396285395, 49.36489675323], [-1.1639466580138, 49.366660471267], [-1.1388379041632, 49.358414252281], [-1.1360493392017, 49.354043408557], [-1.1196198636379, 49.355568981262], [-1.1150349421423, 49.362395930026], [-1.0921583687035, 49.379887497495], [-1.0782159992234, 49.388493551822], [-1.0581039796328, 49.390752810392], [-1.030230861026, 49.389584817643], [-1.0217757695616, 49.392985914906], [-0.98940345902679, 49.39743637948], [-0.93938187284516, 49.39504140049], [-0.91939336367386, 49.39002775011], [-0.90740489073828, 49.381675557637], [-0.88137714562161, 49.371558349237], [-0.85116019900865, 49.362545824867], [-0.8268800178819, 49.357899826541], [-0.75879493262363, 49.349989308157], [-0.72224467845688, 49.347004293019], [-0.69550391989566, 49.347281971172], [-0.64201902855212, 49.345054424205], [-0.62418682110984, 49.340513964595], [-0.59417938730252, 49.34074582701], [-0.55324813273511, 49.346097088235], [-0.51530983971648, 49.345015391903], [-0.45195840154088, 49.335498540224], [-0.41484997241071, 49.335581004388], [-0.39661087301599, 49.333003019991], [-0.36103882127829, 49.322880511612], [-0.30257140893328, 49.298438445237], [-0.28214642940768, 49.293321218346], [-0.24699588025273, 49.28822175334], [-0.22569484520744, 49.281819588113], [-0.21207245145114, 49.28603196545], [-0.16966058718734, 49.286245922952], [-0.14189309791495, 49.289141316114], [-0.099599544001567, 49.2976014263], [-0.087163331120361, 49.297906717769], [-0.077762308941497, 49.304037533131], [-0.013370009201545, 49.321204345512], [0.0040210484147169, 49.327780217617], [0.049806426845953, 49.350858557413], [0.075462774884584, 49.366163898954], [0.087042570312236, 49.376676027467], [0.11038536206668, 49.394265661988], [0.12974714895673, 49.402984487336], [0.15940920759597, 49.410111989975], [0.17578564453162, 49.412357210559], [0.21994143692835, 49.426760938177], [0.29722451460974, 49.429859840723], [0.29740204185691, 49.412268122221], [0.30882071105454, 49.387865806216], [0.30171495288459, 49.371306288931], [0.30645720862332, 49.359942076992], [0.32342530221557, 49.34064105785], [0.31207228970972, 49.322257454681], [0.29815375911751, 49.31441039187], [0.31602271740194, 49.311306530306], [0.32301639746411, 49.296990615639], [0.30899424244078, 49.283211083763], [0.3262861426226, 49.279107167667], [0.34456630039903, 49.295323299626], [0.36621277377577, 49.294993537578], [0.38391220613638, 49.28554046475], [0.3827798797512, 49.264016325866], [0.36543435307866, 49.262117681971], [0.34434385294882, 49.25409228301], [0.32308269291004, 49.25234848553], [0.32602069862327, 49.243848657902], [0.33742355295386, 49.231481905904], [0.37255025076833, 49.216891062992], [0.37941345944254, 49.217183544081], [0.3947248164373, 49.208444970872], [0.38811391643554, 49.189939951148], [0.39191820887398, 49.178533591286], [0.39107966545639, 49.161772214101], [0.38589506777489, 49.154052169189], [0.39468951424446, 49.150114808846], [0.42370133418047, 49.147889663477], [0.42680057879681, 49.142505589649], [0.42487324481257, 49.13019793323], [0.40827854245832, 49.12857401721], [0.40969717633938, 49.122161806987], [0.39971762035569, 49.10053703168], [0.41621951470531, 49.088228255484], [0.41801317491927, 49.073857705229], [0.40781033259879, 49.077391230915], [0.38687315179178, 49.074428646402], [0.37938602804341, 49.068890250096], [0.38078167365394, 49.061317823192], [0.36710189915104, 49.052400965803], [0.37767292836076, 49.049451079594], [0.38300892869358, 49.037875522311], [0.39019662246369, 49.034374854588], [0.42589199846499, 49.031958064681], [0.44627431224134, 49.014965324445], [0.43675139756937, 49.008189336971], [0.42982494445022, 48.987431294262], [0.43289040253185, 48.979120818423], [0.4288088818384, 48.966115453596], [0.4128104390395, 48.950626279328], [0.40843769354036, 48.943444622419], [0.390777135105, 48.927129545247], [0.38618253122967, 48.910414357049], [0.39679657312957, 48.907778004029], [0.41770661476048, 48.897680118218], [0.42006471195552, 48.888184382023], [0.43330826845583, 48.886157583779], [0.44311076213435, 48.88128008313], [0.45735531457632, 48.879761525082], [0.45936577011338, 48.887848115553], [0.47611395078483, 48.886860891837], [0.48961055807985, 48.879924191983], [0.50214522955794, 48.878149419079], [0.5249763956739, 48.880449344675], [0.54323381288612, 48.875520650963], [0.5525004519299, 48.875534180346], [0.56705847132496, 48.887859486472], [0.57803949069757, 48.893649615021], [0.59717255366436, 48.884985872618], [0.5865922049446, 48.881406259078], [0.58962884714758, 48.872596179204], [0.60439903682452, 48.875113286031], [0.60400928665889, 48.864760454015], [0.61096181241547, 48.853220075098], [0.62935408701068, 48.85358418848], [0.61687547597895, 48.843731542228], [0.61028848587188, 48.831311343399], [0.62821327737912, 48.825367303778], [0.64581875070678, 48.816142840762], [0.65632888501885, 48.813559248276], [0.69048615114254, 48.793683771174], [0.70123022325656, 48.79212385317], [0.73350204762147, 48.783366854626], [0.74018708351363, 48.776579822882], [0.75843020314215, 48.767968371666], [0.75091726492355, 48.76179962791], [0.77495753063022, 48.737530835487], [0.76276071401677, 48.729629501028], [0.75349996622665, 48.719599220802], [0.74339168877981, 48.716901616421], [0.73058883988464, 48.705203303323], [0.75269475803882, 48.704115602005], [0.76605034714122, 48.696795557534], [0.76268935054531, 48.686942596812], [0.76408006596892, 48.675272833699], [0.78220679339237, 48.666521479531], [0.79538719721568, 48.675207207316], [0.8148247207739, 48.670163564137], [0.82767132893029, 48.680720042791], [0.85036287028898, 48.682948048025], [0.86149783759132, 48.691007914902], [0.87671116761022, 48.715496114803], [0.88836808739528, 48.718920532577], [0.90239998073196, 48.710649225086], [0.92119872414556, 48.709175212814], [0.95524192597313, 48.716786068922], [0.96144420763056, 48.725722137279], [0.9772943914531, 48.730138669646], [0.98441493173502, 48.725995395669], [1.0140639866541, 48.72810030179], [1.0206075605327, 48.734789446779], [1.0316499412576, 48.730581545643], [1.0398026909049, 48.742155339], [1.0590712054157, 48.756765184439], [1.0686653703661, 48.756913559557], [1.0757811283562, 48.749437927852], [1.086000043818, 48.756926389494], [1.0957264674684, 48.748713222693], [1.1126577960236, 48.751863710692], [1.1209842348348, 48.767249558527], [1.1189842149957, 48.782375233568], [1.1213959532999, 48.789195509733], [1.1521150110915, 48.78555968408], [1.1533037151721, 48.774016041266], [1.161542788993, 48.769293220083], [1.1847360438338, 48.772630245963], [1.1981446610666, 48.769568542277], [1.223526519249, 48.758056658402], [1.2226160798083, 48.767292140423], [1.246023632927, 48.769675823998], [1.2562637586379, 48.765103705723], [1.2545465453882, 48.758629272206], [1.2702130511038, 48.757482633762], [1.2799854142834, 48.762674216595], [1.3002968590985, 48.767536812046], [1.3195444496148, 48.76096144137], [1.3329054445301, 48.762612355286], [1.3422322124976, 48.772542324536], [1.3626643019013, 48.781664300017], [1.3744255946955, 48.782613836125], [1.3769627320869, 48.791766336256], [1.3592476591605, 48.813608561344], [1.3621823366519, 48.834179921179], [1.3905601143901, 48.8466061658], [1.3968565494996, 48.855383585466], [1.4093657222488, 48.861152641723], [1.4238934051882, 48.861268418973], [1.4343110180818, 48.866140106761], [1.4549936915991, 48.870326164498], [1.4653628424762, 48.877601417126], [1.4683545148033, 48.892215598584], [1.4606700524523, 48.900494617753], [1.4593261044838, 48.914649076535], [1.4479593034805, 48.924639965044], [1.4594110528379, 48.928926959252], [1.4613112437714, 48.937555310548], [1.4806477281429, 48.940490376837], [1.5015266013113, 48.941051842112], [1.5090139983632, 48.936627464834], [1.5128954188837, 48.922585369837], [1.5241021875366, 48.924752145617], [1.5386177797921, 48.921794692396], [1.5417973746939, 48.91547990669], [1.5385235335514, 48.906685854091], [1.5572530066459, 48.891575743208], [1.5595079054893, 48.882055273516], [1.5462328761118, 48.872431616391], [1.5552126063723, 48.865075717505], [1.5666395741734, 48.866183647932], [1.5780393102494, 48.860864409827], [1.5815974879282, 48.854999853184], [1.5772727483959, 48.844358116549], [1.5951919881928, 48.839707334891], [1.5941817842602, 48.834218536506], [1.5837280523171, 48.832130726577], [1.5912058811372, 48.814866973865], [1.5834240899801, 48.807168828475], [1.5756742997058, 48.790504096814], [1.5803992974877, 48.777559499888], [1.5875973267999, 48.77360593191], [1.5849045861802, 48.763296867942], [1.6026875153092, 48.760486506237], [1.6264035004424, 48.748091646614], [1.617804540369, 48.735942039093], [1.5895382120501, 48.712468154974], [1.5948810579854, 48.709310708948], [1.5795403954022, 48.701811808781], [1.5823151457709, 48.696368116243], [1.611774872468, 48.689473861848], [1.6058633277913, 48.678762670696], [1.6024917313048, 48.663765432374], [1.6156160327829, 48.652789464959], [1.6298476379809, 48.648875085504], [1.6431906740267, 48.651291198129], [1.64099001993, 48.643389970225], [1.6515719070139, 48.638125076138], [1.6495606586096, 48.63227092599], [1.6582325680054, 48.627645882726], [1.656339110342, 48.622053121145], [1.6662229993646, 48.613704063337], [1.6793591385148, 48.618488989615], [1.689422105099, 48.611536250362], [1.7148984609516, 48.614392276576], [1.7178604312421, 48.606851120102], [1.701983609829, 48.584999462088], [1.7092486767776, 48.578026100992], [1.7368302606076, 48.572280930629], [1.7458629248393, 48.576137031624], [1.765322855183, 48.569374568412], [1.7674104287362, 48.559405546059], [1.7872423006556, 48.553746336139], [1.7757543018107, 48.527702827198], [1.7786170432038, 48.508131705459], [1.7906352036641, 48.497377315443], [1.7857092863217, 48.489936911612], [1.7963309289573, 48.484187938277], [1.8014512893542, 48.466086215218], [1.8363839553347, 48.466477806902], [1.8448630603718, 48.449360706547], [1.8774887068591, 48.440613561663], [1.9064076592587, 48.440146719021], [1.9065549813045, 48.445672344539], [1.9207376717625, 48.447750046159], [1.9221462784913, 48.457599361977], [1.9304234130097, 48.453403326926], [1.9331248410711, 48.442264032481], [1.9428970138616, 48.441083787001], [1.9378068315128, 48.426390003183], [1.925889401548, 48.412741750651], [1.9305611178719, 48.404126689728], [1.9427703207411, 48.405651458209], [1.9619541453882, 48.404321075988], [1.9765710225943, 48.399385315775], [1.966381938603, 48.38158815854], [1.9763108383484, 48.380270715947], [1.9868237281778, 48.362141015776], [1.9733953665973, 48.352974683353], [1.9749473035511, 48.335258065972], [1.9823432207772, 48.328312555088], [1.9744919508382, 48.323163720082], [1.9694413393402, 48.314231718094], [1.959225976988, 48.308685064463], [1.9666102219583, 48.295582043441], [1.9752915866555, 48.287202034779], [1.9940901445311, 48.286584124472], [2.007237571012, 48.284688606385], [2.0228447716486, 48.288080340461], [2.0493770399482, 48.289753273514], [2.0527138226636, 48.295470353999], [2.0815050149817, 48.293603520661], [2.1061680366894, 48.307635584746], [2.1137168991141, 48.307245161467], [2.1105944678389, 48.29694441258], [2.1361199958338, 48.299247999325], [2.1637483268763, 48.298436908006], [2.1557084788588, 48.304493813388], [2.1543896262247, 48.315910610694], [2.1690253806915, 48.312695907539], [2.1813553737363, 48.313746373001], [2.185025102223, 48.32642865382], [2.1982097691131, 48.337062877906], [2.2022520441218, 48.344598562828], [2.2239137900476, 48.336416239958], [2.2295923211201, 48.329229232055], [2.2463103911083, 48.329962148865], [2.2380428382036, 48.316370632568], [2.2494360700816, 48.314580917036], [2.2451518848313, 48.298393903395], [2.2535700132149, 48.300243238173], [2.2668923386489, 48.314682212687], [2.2954192911964, 48.30822244035], [2.312593571187, 48.330803657009], [2.3276948002521, 48.333053330653], [2.3401550939779, 48.320230117587], [2.3698159145392, 48.308674310979], [2.3968534009104, 48.314755298076], [2.4026629385658, 48.320717653248], [2.4048123966273, 48.314593139765], [2.4207604700518, 48.299253278858], [2.4231698173532, 48.289315551296], [2.4178314142956, 48.278395078542], [2.4237621901031, 48.260296420297], [2.4319323869166, 48.255142430662], [2.4501643446939, 48.250036886561], [2.4690928288345, 48.255276432625], [2.4866525872998, 48.240104494021], [2.5061863934974, 48.238532108957], [2.5141133764865, 48.214377652405], [2.5229439829919, 48.200517077101], [2.5129645377339, 48.192979126229], [2.5097551291606, 48.177877699501], [2.5168430223759, 48.166807571121], [2.5063243383023, 48.156437563961], [2.4832322969696, 48.164516406945], [2.4783726996912, 48.156743847], [2.4560832798883, 48.13581808329], [2.4442532323658, 48.131467936811], [2.4510870610062, 48.123458807719], [2.4648664700171, 48.129109351924], [2.4903125823631, 48.126606179474], [2.5215119811805, 48.127298388836], [2.5381145999136, 48.140650823762], [2.570559954027, 48.140815681604], [2.5775724874953, 48.132078323329], [2.6026896280919, 48.131484417095], [2.6397379446435, 48.138858805822], [2.6463713950461, 48.136008390021], [2.6634137701321, 48.122204261229], [2.6722231385896, 48.124202437622], [2.706543037587, 48.124819235783], [2.7291489796899, 48.139089867843], [2.7551942761197, 48.145652570311], [2.7535738017345, 48.15321134405], [2.7414632024764, 48.159773038474], [2.7462653547317, 48.163802955575], [2.7686108994112, 48.163611325806], [2.7801683123181, 48.167546718776], [2.7989459318842, 48.168273053171], [2.8099458960087, 48.161299706681], [2.7986329461926, 48.150165448323], [2.800901925208, 48.133251589253], [2.8208840113898, 48.129664483454], [2.8252530440464, 48.133557427837], [2.8411949308256, 48.137851473794], [2.8590064128033, 48.147350198136], [2.8680328112418, 48.156437148324], [2.9363157566366, 48.163391744884], [2.9532706975673, 48.165012141792], [2.9636115856187, 48.152952836191], [2.9908854951697, 48.152489288025], [2.9939835469666, 48.142265686487], [3.0067845221623, 48.145250368304], [3.0294681734995, 48.133204471839], [3.0158768007648, 48.115703437492], [3.035285259367, 48.115994375619], [3.0383144426538, 48.101542780839], [3.0498894899541, 48.088838788782], [3.0504714242752, 48.072334131135], [3.0668426687001, 48.062700948945], [3.0883164489307, 48.053931896432], [3.0973362166793, 48.039371853532], [3.1242571374888, 48.031123310866], [3.120444753158, 48.027237026667], [3.1031098748357, 48.024050754331], [3.1040912941224, 48.013541749122], [3.1154271480689, 48.012966036779], [3.1245523220345, 48.006031052733], [3.1215086124269, 47.99508051279], [3.1284487900515, 47.970976841524], [3.1177801945629, 47.964978280792], [3.1052652915151, 47.946939230434], [3.0959562152001, 47.94648282966], [3.0813886854655, 47.938303435109], [3.0784762596905, 47.93141901745], [3.0646126208988, 47.930516710244], [3.049851715745, 47.917612271733], [3.0501029428736, 47.911450149596], [3.0369085970173, 47.910046599044], [3.0251429746145, 47.905395103831], [3.0102886119028, 47.904716972369], [3.0072263096695, 47.895290955742], [3.0113128689564, 47.874942218413], [3.0020156817175, 47.86910456894], [3.0053590366439, 47.864049253797], [3.0241574870815, 47.860432544378], [3.0338278605646, 47.843872107669], [3.0310783842835, 47.837952684286], [3.0125313015817, 47.834373232486], [3.0154699273932, 47.813535934414], [3.0229373322912, 47.812772400995], [3.0281204473987, 47.800645366032], [3.0237994278176, 47.786550178612], [2.988226602321, 47.78603448946], [2.9350564314568, 47.763249875579], [2.9093762293739, 47.769314365231], [2.893986958474, 47.764757164259], [2.8701769520741, 47.764868196886], [2.8566700654285, 47.760929175798], [2.8581457165416, 47.745650029901], [2.8487899744432, 47.725884864654], [2.8489690050712, 47.716844895991], [2.8585167014012, 47.711991090287], [2.8765799552305, 47.719081526808], [2.8841930930896, 47.714211876689], [2.8829409210413, 47.702615088236], [2.9037123946566, 47.695095946597], [2.9231151407358, 47.680558801908], [2.9181562549963, 47.669794968987], [2.926238261078, 47.660085723292], [2.9369444627222, 47.659131595543], [2.9542289513333, 47.64577418642], [2.9362905168585, 47.636648702788], [2.9357687458876, 47.619831796752], [2.9452166853722, 47.608449329011], [2.9379937136807, 47.598885605034], [2.9480691732296, 47.590534725553], [2.954982923175, 47.590408879602], [2.9644517577136, 47.581632358212], [2.9622680864494, 47.576787199846], [2.9765353538906, 47.569424295927], [2.9643142632036, 47.564408371297], [2.9586515837228, 47.55737826151], [2.9142961197082, 47.565971982014], [2.9093721909559, 47.559160555497], [2.8907714985755, 47.553102008094], [2.8738950692802, 47.55280954087], [2.8661248696402, 47.546368484983], [2.8574859883322, 47.552839253284], [2.8451871650071, 47.544932948997], [2.8489012329621, 47.53754134151], [2.8746305174837, 47.520424918568], [2.8884586332585, 47.50943098545], [2.8980184987491, 47.485252401408], [2.9140606551793, 47.470896834824], [2.9209883066832, 47.455435821811], [2.9288970093188, 47.444564932191], [2.930733371753, 47.431324302158], [2.9198859465078, 47.42134952529], [2.9184549974743, 47.405524882196], [2.9008159931543, 47.385192680229], [2.8952492319567, 47.372177057081], [2.8734919391537, 47.348396860493], [2.8699481463917, 47.338248316569], [2.8765423657559, 47.321934350315], [2.8848764388062, 47.316364164149], [2.907768482234, 47.310991294935], [2.9264805753113, 47.298618271978], [2.9378619912637, 47.287719383722], [2.9739389096142, 47.269804660206], [2.9834001334309, 47.259765880582], [2.9779552353597, 47.235552508643], [2.9816886133559, 47.221993356801], [2.9972827962038, 47.20166393803], [3.0092852008476, 47.179914660937], [3.0159484799111, 47.159093918463], [3.0211980869457, 47.136438093682], [3.0280905152523, 47.129064982977], [3.0313737475376, 47.092475725697], [3.0211804845643, 47.078232382085], [3.0187160021753, 47.070780884737], [3.0232191913817, 47.062612371142], [3.034525000237, 47.056291089581], [3.0627453140392, 47.04527634615], [3.0748375004401, 47.029815006019], [3.0757442612943, 47.019148176465], [3.0655821306108, 46.997351832387], [3.0629299477088, 46.981085018578], [3.0717062160523, 46.964340639457], [3.0793324170792, 46.955115150499], [3.0648978058646, 46.937079267447], [3.062210755789, 46.927739529848], [3.0502954877584, 46.910631265703], [3.0514016137092, 46.904955777225], [3.0609590858964, 46.898148846497], [3.0680961068914, 46.877680332057], [3.0671018851119, 46.847818120893], [3.0545889127264, 46.838765097797], [3.0593510744061, 46.827263935532], [3.0374707304721, 46.807786953663], [3.0320629441459, 46.794909389217], [3.0175184994153, 46.799900698717], [3.0033551657685, 46.798122809815], [2.9895396276531, 46.799298294916], [2.977801671991, 46.80377337386], [2.959918627937, 46.803872076205], [2.9529591220769, 46.790999230159], [2.9378161550649, 46.795713700537], [2.9243754548552, 46.794523429403], [2.9081271826571, 46.787903599841], [2.9098049149944, 46.779347563944], [2.8761691440531, 46.768445733319], [2.8770157582915, 46.761468535881], [2.8612332862758, 46.754030340445], [2.845419928846, 46.742855932849], [2.8448121194469, 46.726844055458], [2.8276177034814, 46.735286079973], [2.8010724027789, 46.733722377214], [2.787290827625, 46.728613960925], [2.7744893811293, 46.718902897367], [2.7585207590938, 46.717748505775], [2.7567441474108, 46.724772483564], [2.7435704821949, 46.73008326729], [2.7372898083354, 46.743150242056], [2.7287214908144, 46.748308579779], [2.7049698717297, 46.739389993021], [2.7009209254283, 46.720959754269], [2.6881649904859, 46.720909610987], [2.6777927654584, 46.704612208045], [2.6547293011216, 46.696536792562], [2.6478858990075, 46.688908315282], [2.6313578708624, 46.690886867154], [2.6234039357923, 46.688702717854], [2.6215530530757, 46.678653259953], [2.6308613163993, 46.672294145791], [2.6246414896646, 46.657300692831], [2.6095979741835, 46.662840354764], [2.6050484721825, 46.668158037606], [2.5849748988646, 46.664165776546], [2.5721892884417, 46.659444642004], [2.5673899068872, 46.652347408754], [2.5895802639199, 46.648026747075], [2.5966478585977, 46.637215067759], [2.5852765586441, 46.622738638042], [2.5859628971047, 46.6142967727], [2.5691010154446, 46.609518978116], [2.5779519369239, 46.603788174773], [2.5815597567024, 46.593164438775], [2.6023203253116, 46.595164451357], [2.6045186165205, 46.579001838563], [2.6093779370947, 46.571328686404], [2.60621930247, 46.565758488844], [2.6149607060411, 46.553276455558], [2.5835051726425, 46.542741752192], [2.5724916070298, 46.533849645617], [2.5540275760751, 46.529387627047], [2.5366546066244, 46.519702557793], [2.5275313125159, 46.529030044988], [2.5201385391568, 46.530864132368], [2.512426202843, 46.523880853474], [2.4991226886431, 46.521292172555], [2.4969434776113, 46.533665788244], [2.4829275256976, 46.532694737487], [2.4685711377311, 46.526009632976], [2.4502811792897, 46.521935935452], [2.4266867789218, 46.526121661214], [2.4131644849466, 46.520301786364], [2.3884650716406, 46.518246292054], [2.3683002910262, 46.51843386298], [2.3520036091655, 46.512206845202], [2.3241785781947, 46.49036759012], [2.3298217389117, 46.479616607338], [2.3242884285484, 46.470978980874], [2.3166710404192, 46.468549195709], [2.3054693178764, 46.475428936804], [2.2857604795168, 46.453514664499], [2.2810437278384, 46.420403547753], [2.2498765158587, 46.426366967242], [2.2334148941606, 46.423384135542], [2.2206403396014, 46.423664161021], [2.1975676755012, 46.428294141001], [2.1851558899005, 46.423284068779], [2.1677843748983, 46.424069192575], [2.1296807376318, 46.419867872386], [2.1126347187417, 46.420825387231], [2.1083721397147, 46.413528592759], [2.0889457684929, 46.40889961632], [2.0803472806508, 46.411894246794], [2.0741962684953, 46.419842978652], [2.0294174309506, 46.424588797264], [2.0203464671203, 46.429421918521], [1.9930771581051, 46.430917343442], [1.9781042758382, 46.439772572322], [1.9542508363527, 46.438125703166], [1.943869602507, 46.433996659264], [1.9243017577068, 46.431903065788], [1.9195527692358, 46.440208070783], [1.909180451657, 46.443498226347], [1.902458213237, 46.43780452052], [1.89071589528, 46.441493184019], [1.8834368991965, 46.432557252889], [1.8580375856722, 46.433476804112], [1.8383647496008, 46.42728517531], [1.8195044214246, 46.430033877555], [1.816812388337, 46.439524938483], [1.8031391002694, 46.44691836733], [1.7983753858278, 46.45481310551], [1.7548573832317, 46.452214535934], [1.7475915839665, 46.450017868926], [1.7566658918784, 46.441292317573], [1.757375741134, 46.423616429483], [1.7493159438657, 46.41093389201], [1.7505449826939, 46.405586225701], [1.7392119982362, 46.401254100808], [1.7277096608449, 46.388955998124], [1.7091312929501, 46.393353821969], [1.6974668292376, 46.406604886198], [1.683606447426, 46.418176923275], [1.6611836253306, 46.403538218482], [1.6448463938248, 46.386816749434], [1.628836514357, 46.388247455127], [1.6143064140463, 46.405295947029], [1.6226552998913, 46.418260263211], [1.6092554805936, 46.423123163216], [1.5920388571659, 46.407311867592], [1.5696914589532, 46.405498471105], [1.5524923075161, 46.394133824944], [1.5461946362171, 46.39346025752], [1.5439680356057, 46.41688301363], [1.5350519004493, 46.424455702933], [1.5223067601736, 46.426527695424], [1.5112050540502, 46.419594596972], [1.5059901336348, 46.409908716453], [1.4929348173659, 46.398340551367], [1.4775958033831, 46.393726557044], [1.472558559102, 46.383431643989], [1.4629367778167, 46.375349793186], [1.454349713379, 46.376048839285], [1.4353743494744, 46.363842198651], [1.438395055125, 46.35797267046], [1.4151854142983, 46.347214822447], [1.4048447784072, 46.364056923495], [1.3965775759913, 46.371445233126], [1.3835201223913, 46.374755471612], [1.3775283931369, 46.382803331341], [1.3560243049838, 46.4001195921], [1.3442929839887, 46.401546863371], [1.3309220641861, 46.396705560378], [1.3223398241302, 46.389656273383], [1.3204740000508, 46.38163178083], [1.3093599883058, 46.378135125428], [1.3030594710726, 46.370991990563], [1.2795549241983, 46.376488887271], [1.2603993142262, 46.378783327264], [1.245105268008, 46.37323860456], [1.2408646690892, 46.367573686174], [1.2164239770673, 46.367784938774], [1.2047664407221, 46.387689428519], [1.191538104043, 46.376759451936], [1.1841495355328, 46.37729147918], [1.1772787760985, 46.383948000481], [1.1950871576883, 46.40275403272], [1.1944727430082, 46.410351612296], [1.2126877519811, 46.432217971701], [1.2011339896178, 46.432466167404], [1.1834055129956, 46.429224899772], [1.1860178766023, 46.441083576014], [1.1689192762458, 46.446308575491], [1.1516072310249, 46.449233517349], [1.1355078072574, 46.470884241481], [1.1529790996043, 46.472957682593], [1.1405271083029, 46.485634879486], [1.1349675834984, 46.495262876365], [1.1491485689753, 46.502205353076], [1.1459288779804, 46.506400874677], [1.1082856489547, 46.531510215741], [1.0875973131695, 46.538168324634], [1.0722975106803, 46.53723511351], [1.0206003685537, 46.537099020664], [1.0219575008089, 46.55371655484], [1.0147685045818, 46.567759565973], [0.98723321911375, 46.565560099789], [0.98209440694689, 46.572640353042], [0.96266777384523, 46.574297702094], [0.94202235129636, 46.580794785364], [0.9371898310662, 46.586044724789], [0.93775566335965, 46.594420109118], [0.91586544594852, 46.596627887059], [0.90986438287983, 46.603447081391], [0.90693650860659, 46.615213230068], [0.89430329614895, 46.625732175305], [0.89638293110539, 46.633451946341], [0.90652086468369, 46.647752216163], [0.91742860399951, 46.65036307159], [0.9067032428601, 46.665571264221], [0.91071057116932, 46.677183661606], [0.90215945171528, 46.67919114553], [0.92474929055741, 46.692789633606], [0.9249533025609, 46.699991021542], [0.91455153531157, 46.710120272246], [0.90104236961312, 46.736090564754], [0.88777529605684, 46.737902736858], [0.86746898682573, 46.748216404838], [0.85444929067001, 46.759970797231], [0.84293807311317, 46.764275112746], [0.83064773545714, 46.775361466403], [0.82943649435874, 46.783579432834], [0.81628357550664, 46.787769101729], [0.81190192936381, 46.794504364542], [0.8153195131751, 46.805707876783], [0.81032866524034, 46.813064718291], [0.80932023680023, 46.827853568236], [0.79509333742744, 46.832522249054], [0.78680224354972, 46.840463346525], [0.79645898941075, 46.848962468561], [0.79032856900623, 46.852389283147], [0.76879944678165, 46.85074613749], [0.77198838768839, 46.860643073187], [0.75088169303492, 46.863524734354], [0.74733084634723, 46.869392079962], [0.73368489987152, 46.876040130575], [0.72673737636298, 46.886740909711], [0.7043177119069, 46.903295922263], [0.70357222720342, 46.930055655547], [0.70624788531743, 46.937157219193], [0.6961893847553, 46.956809748541], [0.69256676799124, 46.974304310533], [0.68216214670066, 46.977079806439], [0.66162129594461, 46.978086547342], [0.65646206458496, 46.985434564914], [0.64769454368947, 46.98827539877], [0.63621078823085, 46.985451013839], [0.62124367303806, 46.997106205666], [0.6188740376389, 47.007464569411], [0.59055093530507, 47.006722651596], [0.56695306996355, 47.002266858023], [0.57368515665648, 46.995531274591], [0.57382203251682, 46.983340464589], [0.59353374575945, 46.977612888014], [0.60117289544287, 46.973094369377], [0.60155821661783, 46.959107207652], [0.59834824957594, 46.956764146875], [0.57084220800147, 46.95593925543], [0.53928916139484, 46.960219024665], [0.52812896085369, 46.955971768907], [0.5061349705044, 46.959245419792], [0.47662392866394, 46.949861808585], [0.44480103455716, 46.941152434129], [0.43870457627727, 46.929578354733], [0.41852515647745, 46.937386922114], [0.40666063754734, 46.936647597652], [0.38814626546636, 46.943624533306], [0.36651145250788, 46.949554418002], [0.35524351132264, 46.94418585304], [0.34773843894922, 46.936585764264], [0.33952563735758, 46.936623468454], [0.32483667041576, 46.930652041087], [0.31123243685649, 46.937837015115], [0.3052147303369, 46.952805098497], [0.30507546032998, 46.965176268239], [0.30073879657193, 46.973829519846], [0.3083994154951, 46.978149875297], [0.30178521378569, 46.984422127588], [0.30884587377182, 46.999441441774], [0.30543065376719, 47.012362068122], [0.29867667498614, 47.019599341054], [0.30969866315285, 47.025643877461], [0.30698465850517, 47.048723481399], [0.29822992579073, 47.053922293608], [0.26770726634947, 47.04388297477], [0.26201563438582, 47.057459330927], [0.26761937550861, 47.067504197075], [0.26165981464917, 47.070051249456], [0.24245135321948, 47.0711879788], [0.23175079195616, 47.064054806793], [0.20799449312514, 47.053230964732], [0.19167202519639, 47.064672009871], [0.17997285846393, 47.059187917933], [0.17421802926902, 47.071274231914], [0.20095307158529, 47.091257976623], [0.18811779784912, 47.100828164294], [0.18145709966147, 47.1143899519], [0.16598416316105, 47.107162285602], [0.16126718554822, 47.100796179607], [0.13471650901781, 47.107872599064], [0.13613099833731, 47.121578754741], [0.12716663727095, 47.119967203103], [0.12372359489648, 47.128315822721], [0.11111857810383, 47.129423259303], [0.10471937462849, 47.120793812241], [0.084648249403316, 47.118377760157], [0.076371249669326, 47.123931049218], [0.08087053131906, 47.137653029292], [0.078395363975684, 47.146334786534], [0.066259497472021, 47.143215902043], [0.053830055961677, 47.16373374848], [0.049480342584696, 47.168623012343], [0.036501918227681, 47.160445278183], [0.019016376976915, 47.175754285742], [-0.010739414334867, 47.15751215065], [-0.034011786935389, 47.127334734816], [-0.040856468682482, 47.112928627112], [-0.039289561029516, 47.108055925394], [-0.026535185584925, 47.105798471803], [-0.029234974929682, 47.095257561848], [-0.03562437381954, 47.086261232309], [-0.044169213959146, 47.093239781385], [-0.060661742719366, 47.09514763055], [-0.085909274640678, 47.101010256779], [-0.098719424061378, 47.090117668474], [-0.10150441660145, 47.08326376928], [-0.1021158452812, 47.06480003115], [-0.12837866130337, 47.054429041651], [-0.13712137046296, 47.058426719475], [-0.13678317485552, 47.063924090649], [-0.14766123249005, 47.069855194532], [-0.16599081567743, 47.064596744766], [-0.17848280781104, 47.069769863363], [-0.15947412139976, 47.085935164317], [-0.14555986138819, 47.091366857483], [-0.14125473717962, 47.103745079728], [-0.15721241252843, 47.101780345038], [-0.18483829723431, 47.108333434925], [-0.18649707382196, 47.101547033466], [-0.20607508372803, 47.09328538537], [-0.24153284082639, 47.1057275119], [-0.25537525933525, 47.100286155299], [-0.2879249468488, 47.101438124536], [-0.29895654468625, 47.099250384298], [-0.3142510524831, 47.091338121731], [-0.34146522078634, 47.087332841605], [-0.34498093726671, 47.09177095779], [-0.35741871073042, 47.094026201074], [-0.38345929253299, 47.087697613397], [-0.39631090043786, 47.087753100169], [-0.40078196900616, 47.070768258647], [-0.40931478414398, 47.06628937151], [-0.4258514883367, 47.072734496606], [-0.44613773080732, 47.067564764094], [-0.46425258388436, 47.067574344676], [-0.47634088284647, 47.054361886701], [-0.48553786553274, 47.065209021486], [-0.47635021862705, 47.072140351589], [-0.46404370608664, 47.074916254874], [-0.46269595640292, 47.081925505658], [-0.49533635185918, 47.082386236675], [-0.54271238339803, 47.068832410093], [-0.55953163443577, 47.061883133164], [-0.55518423855519, 47.056996280386], [-0.55557809674432, 47.043528672476], [-0.54222220688058, 47.035131514655], [-0.54565906541349, 47.029239134682], [-0.56225950470765, 47.030666495232], [-0.56546953385811, 47.019423404938], [-0.57652952670071, 47.017027138711], [-0.58641245768408, 47.009979798203], [-0.59549628776894, 46.997955261938], [-0.61997935748009, 46.993321083755], [-0.62971403267853, 46.996851004876], [-0.64422463763986, 46.995602969044], [-0.67605096460406, 47.000124265341], [-0.68018770038511, 46.987658683517], [-0.69637193445308, 46.994704963523], [-0.71305373485382, 46.986070538333], [-0.72790285494931, 46.994993345811], [-0.74336287533223, 47.000701964828], [-0.74760195615967, 46.991449795286], [-0.76195094831376, 46.992143526967], [-0.7738784459047, 47.004247669583], [-0.78757295549441, 47.005134613994], [-0.80044123437384, 46.994429249843], [-0.82697025806846, 46.992404409034], [-0.83853635765488, 46.985503699072], [-0.85591689102216, 46.979079840933], [-0.84915622076396, 46.973775579115], [-0.85764337306558, 46.969397597368], [-0.8797290084417, 46.975803771985], [-0.89196408624284, 46.975820414303], [-0.88901027465591, 46.970996440972], [-0.87712517316223, 46.968538385199], [-0.88359502600069, 46.962369264823], [-0.87713915299698, 46.955855606347], [-0.8837974960632, 46.950388590831], [-0.87298436818273, 46.944344247689], [-0.85194566174473, 46.946506302307], [-0.84069799142137, 46.933043168191], [-0.8291494586578, 46.933361861306], [-0.8226181521192, 46.919496882097], [-0.80739348796693, 46.9198254879], [-0.81977358192379, 46.909085252586], [-0.82020445366662, 46.899619563541], [-0.8321856982677, 46.884537016923], [-0.81527450811283, 46.879362263307], [-0.80837576068615, 46.869152331931], [-0.79477643718776, 46.861061682533], [-0.78164600263284, 46.84282764491], [-0.75815720893345, 46.831399908556], [-0.74431663878843, 46.830243411726], [-0.72752746779957, 46.821938243707], [-0.70883784005248, 46.821063616454], [-0.7008577279242, 46.80862581328], [-0.71783828712373, 46.800521372146], [-0.72731204616972, 46.76763065568], [-0.72079949738479, 46.762538021138], [-0.71534345605879, 46.751789737735], [-0.70417950073791, 46.74945353126], [-0.69413275947291, 46.742731111953], [-0.70015414355827, 46.73579562558], [-0.68397597689122, 46.727863770277], [-0.66888364550954, 46.717232370405], [-0.65619325740221, 46.700774517445], [-0.68073310425929, 46.686803996225], [-0.65787343587941, 46.676827080382], [-0.63771460553181, 46.66348907218], [-0.64924847916988, 46.653283801506], [-0.65717243733762, 46.634619354943], [-0.64405974899964, 46.638024434086], [-0.62619906297455, 46.633078356802], [-0.61411399285986, 46.62039129053], [-0.62702650527698, 46.605651097302], [-0.61671038535954, 46.598536566433], [-0.61190793736705, 46.588307031212], [-0.62456684878994, 46.577400290716], [-0.61785426354446, 46.562043099519], [-0.60670934401643, 46.562331917411], [-0.60213244964129, 46.533279525109], [-0.61002538912342, 46.52729145947], [-0.63352903140625, 46.526545961083], [-0.64519375671477, 46.5085710348], [-0.636581601251, 46.506095217567], [-0.62483750061224, 46.496362745962], [-0.6241822995269, 46.48674665851], [-0.6124273279524, 46.45873668738], [-0.61983716832458, 46.452467117452], [-0.61877090027571, 46.438854562232], [-0.63684012869206, 46.432305656566], [-0.6406468690526, 46.416224664644], [-0.63282952674398, 46.403812558564], [-0.63658749242212, 46.395578228534], [-0.62088828506372, 46.390451131851], [-0.61017966919341, 46.413733221347], [-0.59417281123848, 46.410185950063], [-0.58189775121858, 46.40217377528], [-0.57238400631421, 46.400707224569], [-0.56605536149932, 46.393082159377], [-0.55052040300574, 46.393343323056], [-0.53779518169029, 46.38646382767], [-0.55764744918976, 46.363451353574], [-0.57567653828611, 46.356508034766], [-0.60325195656142, 46.361468010185], [-0.60547077785894, 46.347207865876], [-0.61868206115959, 46.339099077209], [-0.63660376728023, 46.33759543996], [-0.63998183318338, 46.322110972748], [-0.64825320981615, 46.317143530802], [-0.67227364916502, 46.316216425466], [-0.69732735736344, 46.325092837487], [-0.70757171772654, 46.317704940913], [-0.7201487066083, 46.314890543328], [-0.72191414100459, 46.302372661742], [-0.73459543046899, 46.304955701863], [-0.75047134037184, 46.304254425344], [-0.75794915819339, 46.311254056955], [-0.77570312778264, 46.318376375981], [-0.78424343720168, 46.318861879535], [-0.80247564445275, 46.325156566217], [-0.80732128185426, 46.339293680039], [-0.82415169186325, 46.335854967946], [-0.83052754444062, 46.341529547924], [-0.83988457052554, 46.340367099668], [-0.84865539686859, 46.332512597898], [-0.84487598314026, 46.3245597282], [-0.8509424448661, 46.317185675508], [-0.88767597392192, 46.326322589931], [-0.89270136944125, 46.320101412175], [-0.90480272235534, 46.313812430336], [-0.93489398189823, 46.312857623927], [-0.9612310671154, 46.323395683014], [-0.9441551264402, 46.336048129241], [-0.93790474501528, 46.353157499224], [-0.92857576719505, 46.371051399922], [-0.94112049397563, 46.367862165606], [-0.95084003340185, 46.360617622608], [-0.96451829359621, 46.365398033698], [-0.97744453847283, 46.351108789901], [-0.99521192821645, 46.350317645688], [-1.013809705621, 46.35562286986], [-1.0290641764217, 46.348867660129], [-1.0525331368763, 46.342540560637], [-1.0645117099073, 46.335517206168], [-1.0807238252872, 46.321431313321], [-1.0782951920661, 46.316911662518], [-1.0997364979128, 46.314471710528], [-1.113284059211, 46.316302232447], [-1.1236420717667, 46.321795835911], [-1.1294064331873, 46.310272328818], [-1.1396042849062, 46.311220270269], [-1.1633871701049, 46.324357697468], [-1.1789816995107, 46.319237198363], [-1.2010861494985, 46.316343408957], [-1.2029476108593, 46.31299774522], [-1.1955066954319, 46.300486336512], [-1.2063790183713, 46.288844677353], [-1.2073980363312, 46.266566974958], [-1.233813730916, 46.279787036182], [-1.244708256192, 46.287909226104], [-1.2850844462619, 46.310943853415], [-1.2958949852744, 46.323927342846], [-1.3059782500842, 46.319190709176], [-1.2950494049459, 46.30445585614], [-1.298649918542, 46.298035215363], [-1.3088839142276, 46.303381059905], [-1.3209210907591, 46.321997394722], [-1.3209769583137, 46.325733328602], [-1.3456750283516, 46.34200224737], [-1.3667385250608, 46.348611637782], [-1.3817097975849, 46.341186215234], [-1.4009756575246, 46.340508325831], [-1.416442893161, 46.346032461982], [-1.4284201012028, 46.347121382446], [-1.4369731247534, 46.341049782884], [-1.4659374486589, 46.342356465827], [-1.4709432372166, 46.346061757066], [-1.4771749719261, 46.363507201844], [-1.4878020252489, 46.38139003894], [-1.5021398541908, 46.397345234333], [-1.5150666516907, 46.40429394231], [-1.5377511402152, 46.409241650902], [-1.5505012086214, 46.405427866679], [-1.5849335376726, 46.408882191167], [-1.6113093601133, 46.413418180507], [-1.6270620551428, 46.414220589438], [-1.6417221223658, 46.419202887095], [-1.6563835193513, 46.431211054285], [-1.6746027257341, 46.439923752177], [-1.7038680334017, 46.448675063621], [-1.7191201629207, 46.459167761425], [-1.7521241921725, 46.474155783424], [-1.777137894573, 46.492758626968], [-1.7912930929301, 46.494497528609], [-1.8033948364521, 46.488967027341], [-1.8123442739131, 46.493416566185], [-1.8186497595357, 46.518682691519], [-1.8419594438554, 46.573013536296], [-1.8484416100107, 46.585884833838], [-1.8560152427178, 46.608580735068], [-1.873382171513, 46.620915463581], [-1.8822873872759, 46.630594948835], [-1.8906734495839, 46.63469093819], [-1.9035668912462, 46.647321849326], [-1.9126335673886, 46.661558294252], [-1.9428758596327, 46.692706115369], [-1.9508357687079, 46.695651008644], [-1.966128703921, 46.692012127622], [-1.9784453425744, 46.703097268015], [-1.9826649825899, 46.720311181056], [-2.0002660579608, 46.733925400032], [-2.0719487138764, 46.782812921452], [-2.1171981955453, 46.803360927686], [-2.1401926882177, 46.817151505205], [-2.1445060316881, 46.826399169492], [-2.1454334062879, 46.847809766579], [-2.1489184130775, 46.869931347964], [-2.1553427446113, 46.883151727981], [-2.153823981621, 46.890149400164], [-2.1188882449818, 46.893677330801], [-2.1177998913797, 46.908317123363], [-2.1034385508171, 46.920984664355], [-2.062735433411, 46.948064118056], [-2.0447808242546, 46.969115340219], [-2.0453622399129, 46.979481273443], [-2.0273622488649, 47.00992054926], [-1.9975145183017, 47.018754751413], [-1.9804130066429, 47.028904753758], [-1.9836243655281, 47.029504869904], [-1.9994147476381, 47.055759178647], [-2.0047214099724, 47.061460656046], [-2.0326019810958, 47.073513335424], [-2.0485561088483, 47.086376045155], [-2.0534773710676, 47.094116874449], [-2.1048560377353, 47.108515739095], [-2.1555855165283, 47.112834108468], [-2.1776795960367, 47.12206186156], [-2.2150136613872, 47.124060089367], [-2.2268201491195, 47.130935989866], [-2.2478150673853, 47.134022011309], [-2.2295324163069, 47.144165117321], [-2.226128166772, 47.152275320793], [-2.2009562728096, 47.158406462933], [-2.1802049236481, 47.15593411267], [-2.1670631605228, 47.166180557901], [-2.1582127475069, 47.196892590523], [-2.158373708365, 47.209050666096], [-2.1738613907116, 47.22651156379], [-2.1778607172174, 47.236097279547], [-2.1705455113596, 47.239751522169], [-2.1699895453995, 47.268472297219], [-2.1873608303178, 47.280622361747], [-2.2055602597095, 47.271131396915], [-2.2246437954795, 47.264387061764], [-2.2278604253303, 47.256330261162], [-2.2466914047133, 47.255988431427], [-2.2698952747426, 47.2395647121], [-2.3016402822796, 47.236400031931], [-2.3396017707663, 47.255188453422], [-2.3420962103188, 47.261755983579], [-2.3552895948005, 47.27180855813], [-2.369753264591, 47.277438171535], [-2.3983798514521, 47.281448757206], [-2.4203808400315, 47.276443831705], [-2.4253877232221, 47.270964820355], [-2.4165529129684, 47.25871256282], [-2.4475351836802, 47.261757701956], [-2.4555210807153, 47.268139889592], [-2.4823147658717, 47.272979613928], [-2.4990968218639, 47.280741885999], [-2.5442517230455, 47.290107777197], [-2.5449696912262, 47.297963681667], [-2.5272130839477, 47.301551808752], [-2.5138083846226, 47.298375734085], [-2.5049900911185, 47.31367062334], [-2.5029144731486, 47.328754801261], [-2.5067783337792, 47.341390242029], [-2.5211591992751, 47.358811002331], [-2.531174634228, 47.365374694297], [-2.5413465599302, 47.366005665021], [-2.5589448655806, 47.374566485616], [-2.5455487941567, 47.381126464909], [-2.5341061627856, 47.382961282244], [-2.5224115438117, 47.392240089144], [-2.5000251663727, 47.404398607793], [-2.4912351567464, 47.404811002726], [-2.4826825430466, 47.412264457829], [-2.4726723242774, 47.416083446873], [-2.4583086370333, 47.412128481989], [-2.4347120386263, 47.41323956486], [-2.4330361363116, 47.416778409153], [-2.450864597211, 47.425323844427], [-2.4523914498156, 47.43382171003], [-2.4482478800515, 47.441292494065], [-2.4584933200854, 47.44812333026], [-2.4658187901467, 47.449802093033]]], [[[-5.0824009760553, 48.448344776816], [-5.0925866419522, 48.439891473019], [-5.1059118332911, 48.436349765333], [-5.1091921689816, 48.443357330074], [-5.0980583552481, 48.44608363557], [-5.0924748133511, 48.45196258108], [-5.1016868570136, 48.455914476174], [-5.138001239929, 48.448413926313], [-5.1331652198509, 48.457205597014], [-5.1113600694265, 48.465174516755], [-5.1035961538682, 48.472329242796], [-5.0840283627307, 48.472702685549], [-5.0719207191004, 48.478208180718], [-5.0725232805168, 48.482730316788], [-5.056629077213, 48.476824762454], [-5.0569734591597, 48.468162401798], [-5.0403484938817, 48.465113540285], [-5.0582321919735, 48.45095691003], [-5.0824009760553, 48.448344776816]]], [[[-4.0062293732672, 48.752081933672], [-3.9899103155008, 48.742601867881], [-3.9918110541337, 48.736399873504], [-4.0090123106371, 48.742838902418], [-4.0221693339987, 48.738491540178], [-4.0397770750633, 48.746526903072], [-4.0218503360744, 48.75230874743], [-4.0062293732672, 48.752081933672]]], [[[-3.5836489264715, 48.804750470639], [-3.5657740104496, 48.807749291796], [-3.5701295554214, 48.797239145154], [-3.5838774341471, 48.794094648663], [-3.5836489264715, 48.804750470639]]], [[[-3.0023212314614, 48.836321026552], [-3.0114954582397, 48.841507416855], [-3.0130894554754, 48.856420115989], [-2.9941385070247, 48.864342720942], [-2.9944706950371, 48.847148998272], [-3.0023212314614, 48.836321026552]]]]}}, {"type": "Feature", "properties": {"region_name": "GRAND SUD OUEST"}, "geometry": {"type": "MultiPolygon", "coordinates": [[[[0.4569304439913, 42.692659152242], [0.42927703134928, 42.690747961457], [0.41768712562607, 42.694690592529], [0.40299065005461, 42.696059426702], [0.39581531433956, 42.701201620227], [0.39262638361543, 42.713119210116], [0.37690233423878, 42.714106032311], [0.35962761747241, 42.723390903669], [0.34787523241281, 42.714178824464], [0.32622532527099, 42.70523860909], [0.32346895203404, 42.687137830773], [0.30020270310415, 42.676589164672], [0.29282363337494, 42.674921018438], [0.2708685107087, 42.690720979232], [0.25988644276717, 42.715814801568], [0.24551694384626, 42.718157572312], [0.22667904852621, 42.71735448054], [0.20599010678325, 42.729295965395], [0.17572555256904, 42.736480431547], [0.16221088087725, 42.725842127347], [0.13657205436584, 42.722323517883], [0.12571277884722, 42.713756931075], [0.11125293791766, 42.710207845076], [0.09041936171393, 42.717129184641], [0.074772566655186, 42.71209248746], [0.07070990768266, 42.703944107872], [0.059212546233425, 42.698966385505], [0.045947391455758, 42.696775443692], [0.025181280051534, 42.70192424896], [0.016464909509703, 42.701787746946], [0.015303686021275, 42.695195339428], [0.0023539316821015, 42.686187697005], [-0.010639973713379, 42.684384118141], [-0.047756997997488, 42.693359114812], [-0.059811467964507, 42.693423542148], [-0.064563524867416, 42.699353820033], [-0.064009731971453, 42.71008519182], [-0.068842258409049, 42.717900891138], [-0.076501338605961, 42.71719782154], [-0.090397506206375, 42.721077862832], [-0.10611325502758, 42.720827214056], [-0.11070680415594, 42.725007544931], [-0.11080028926285, 42.734997384695], [-0.13666638793598, 42.764142081631], [-0.14599661532545, 42.768469484558], [-0.15421201073912, 42.780770439999], [-0.15458058004585, 42.792740754923], [-0.15972393675618, 42.797400992971], [-0.17849266806523, 42.785358654901], [-0.18922389776922, 42.787796189656], [-0.20156585632457, 42.796277921886], [-0.21390456164229, 42.79603817418], [-0.23844648846147, 42.808173013415], [-0.23886476296826, 42.818111155727], [-0.24336198692263, 42.823142763211], [-0.25801362447912, 42.821008365204], [-0.26733811029813, 42.826009234187], [-0.27668600069509, 42.835470786436], [-0.30547392531847, 42.84123285236], [-0.3134440845287, 42.84937502201], [-0.32341849261751, 42.835493251193], [-0.34754374621365, 42.835913719016], [-0.35580444046932, 42.830259858153], [-0.36426705242731, 42.816951541187], [-0.38297282239921, 42.807183511438], [-0.39259734345566, 42.799559432268], [-0.40923041576119, 42.807751018183], [-0.41891986574729, 42.805668392726], [-0.4397463890216, 42.796464192609], [-0.45955289533088, 42.805069160235], [-0.47286478572541, 42.808471966291], [-0.50965055176559, 42.825391497677], [-0.52482251446902, 42.81169739145], [-0.52287827401621, 42.799049409362], [-0.52973082529989, 42.791532352653], [-0.54380966630498, 42.793156705649], [-0.55120490858256, 42.777515930774], [-0.57059337631889, 42.782911889725], [-0.56471356204106, 42.798018672268], [-0.56886605101147, 42.806822105003], [-0.57774890534764, 42.807226210864], [-0.59273144202498, 42.803229806499], [-0.60076025043393, 42.806307889858], [-0.59869384234063, 42.81658386823], [-0.603635315569, 42.832617711388], [-0.62218648418028, 42.839974285074], [-0.636155774525, 42.853243576651], [-0.64886350304795, 42.85519927328], [-0.66146517128628, 42.863780807704], [-0.66446867746396, 42.872433683564], [-0.67603386909387, 42.882121412448], [-0.69899318990985, 42.879656093293], [-0.72094493959924, 42.888648555303], [-0.72975658553822, 42.896558450267], [-0.73499495012597, 42.912174326638], [-0.72506592676777, 42.923031036303], [-0.73250802453043, 42.928418305337], [-0.73095444655538, 42.938774411246], [-0.73924496462727, 42.947642219182], [-0.75163409617224, 42.966937274035], [-0.75637833414362, 42.96842723143], [-0.78780828558188, 42.964223855906], [-0.80004531168212, 42.958965798484], [-0.81001402324725, 42.951435944964], [-0.83838735696631, 42.953541926019], [-0.86785079295099, 42.951831318684], [-0.88394140902026, 42.955914739589], [-0.8955520171068, 42.955177348594], [-0.89972551604999, 42.961947365792], [-0.91428689185959, 42.963568880303], [-0.92198470791062, 42.955086159393], [-0.94645511377364, 42.954058399843], [-0.96116019688124, 42.960780979343], [-0.97519106253852, 42.963790655966], [-0.98075578416446, 42.970298449556], [-1.000506176719, 42.977947402167], [-1.0064490904565, 42.988992019109], [-1.017553501514, 42.994381215156], [-1.0308132030489, 42.993442586204], [-1.0702604908545, 42.997696781882], [-1.0830662265877, 43.001676885789], [-1.0918797435203, 43.011282098743], [-1.1106631611518, 43.020497969179], [-1.1189184669033, 43.019962290375], [-1.1334518490705, 43.010370716056], [-1.1425678944125, 43.01020623111], [-1.1482628224762, 43.026042549327], [-1.166902843708, 43.035572700603], [-1.1807284627612, 43.032529650113], [-1.2086270779223, 43.047643271789], [-1.2129701620528, 43.051464997176], [-1.2311469598971, 43.054494771203], [-1.2471955274996, 43.042411024375], [-1.2642864994766, 43.044562906927], [-1.2695665359652, 43.052910976258], [-1.2870369506636, 43.063010309896], [-1.3085440571134, 43.068678772612], [-1.3085964987154, 43.072598494799], [-1.2986655700641, 43.0932795305], [-1.270184195429, 43.11856931563], [-1.3206170406021, 43.112750854275], [-1.332008952146, 43.107918007228], [-1.3432982771448, 43.095380034809], [-1.3418161470064, 43.077659473659], [-1.345424430823, 43.049771385789], [-1.3547517961039, 43.028468046718], [-1.4351873583595, 43.045028123845], [-1.4435857863974, 43.049155754363], [-1.4717368566926, 43.081096614267], [-1.4708680288881, 43.091714158473], [-1.4642318751712, 43.097527189934], [-1.441119428077, 43.108354777765], [-1.424133734518, 43.12496310203], [-1.4139466293353, 43.129178212008], [-1.4125668315502, 43.137780243699], [-1.4160249876204, 43.149739804939], [-1.407219151478, 43.155624496506], [-1.4033775513995, 43.164177642842], [-1.4020191004086, 43.177869670121], [-1.3838251967031, 43.190817108926], [-1.3852679894359, 43.197620432311], [-1.3833596738329, 43.217727485119], [-1.3780657425747, 43.229613623477], [-1.3827864939261, 43.253297008751], [-1.4051202210621, 43.270440718404], [-1.41320553569, 43.27341516617], [-1.427533858751, 43.266986624133], [-1.4388526778219, 43.266517244479], [-1.4665458254283, 43.272575506034], [-1.4962163703281, 43.283459630748], [-1.5053259721679, 43.29278751177], [-1.531891014245, 43.29350768549], [-1.5518199451379, 43.291690896031], [-1.5647157911934, 43.28791347967], [-1.5581453439146, 43.276923368272], [-1.5679664491027, 43.258218706628], [-1.5751249050756, 43.249838487966], [-1.599409166844, 43.254529607491], [-1.6089315872346, 43.252129248888], [-1.6224113687594, 43.263949698914], [-1.6303661025897, 43.284448371284], [-1.6226028674474, 43.300623373179], [-1.6238145722959, 43.305851119398], [-1.6354249085658, 43.309047121538], [-1.6436698253027, 43.306683425588], [-1.6548641244247, 43.312638352013], [-1.6657592290595, 43.314078692272], [-1.6841024926201, 43.309624250299], [-1.7031331583996, 43.309207236385], [-1.7135211355733, 43.300322980778], [-1.729748923648, 43.295678859867], [-1.7355452024048, 43.310342175974], [-1.741348809523, 43.316753723039], [-1.7373522231501, 43.329700042997], [-1.7465925689614, 43.331212245199], [-1.75771288788, 43.344008101532], [-1.7754875064062, 43.343951352243], [-1.7877317304935, 43.35420208724], [-1.7841561370583, 43.36247717302], [-1.7908870919282, 43.373441337557], [-1.774636662773, 43.372994899351], [-1.7620222428489, 43.375887316087], [-1.7522896327775, 43.386696189176], [-1.7378897690031, 43.381658311189], [-1.6868172953384, 43.396262202116], [-1.6814639058051, 43.390043159813], [-1.6697675811644, 43.388034474703], [-1.6607413607041, 43.393409282177], [-1.6631432214875, 43.399286135975], [-1.6577077165394, 43.405452954463], [-1.6391136986966, 43.408363439748], [-1.6255054979111, 43.421748443502], [-1.6097350227992, 43.42673810418], [-1.5973883731702, 43.437492657411], [-1.5948860178815, 43.448345590744], [-1.589536901573, 43.449746746172], [-1.5774914365789, 43.464140403007], [-1.5667182835573, 43.481676419031], [-1.5480656499135, 43.495969105934], [-1.5273009710877, 43.523223729778], [-1.524870110434, 43.52969939564], [-1.5070304054817, 43.554964967747], [-1.4919223792491, 43.572318908712], [-1.4600147168142, 43.620300326042], [-1.4482076265277, 43.642275007226], [-1.4464791056108, 43.656202078657], [-1.4417112828647, 43.669164802754], [-1.4404279792059, 43.690015095526], [-1.4365047882215, 43.710561485871], [-1.4221209140089, 43.763113080873], [-1.4102233294571, 43.80324757496], [-1.3953961014978, 43.849121637244], [-1.3912095627914, 43.858859549202], [-1.3749902540486, 43.913786973148], [-1.3370648081025, 44.055900444664], [-1.3259993612279, 44.089757299216], [-1.3253321090174, 44.096044723029], [-1.3123263437187, 44.144797833947], [-1.3066211766807, 44.171603926833], [-1.2946846942803, 44.234574277628], [-1.2866796559521, 44.272650495294], [-1.2721032403671, 44.350132816331], [-1.2603597808298, 44.421266516235], [-1.253891222702, 44.4676023661], [-1.2514054654401, 44.488888404232], [-1.2517305863129, 44.514867670196], [-1.2602783216327, 44.539507595489], [-1.2586139358279, 44.547133110681], [-1.2461650749779, 44.555849447953], [-1.2273970193025, 44.575752956082], [-1.2121340085435, 44.599510356389], [-1.2035045639686, 44.622709327857], [-1.2041701334268, 44.639985478462], [-1.1915382411984, 44.660725704553], [-1.1812338744214, 44.663558241644], [-1.1617591419762, 44.663377214551], [-1.1451668567782, 44.657629640598], [-1.1407629554469, 44.647227205689], [-1.1249301480769, 44.647338816899], [-1.0964256367438, 44.642110349796], [-1.0807927355826, 44.640599156622], [-1.0660182544594, 44.646890617223], [-1.0512011570705, 44.64425984978], [-1.0446037563356, 44.647779187283], [-1.0053643374777, 44.648038204976], [-1.0053044562958, 44.653801414632], [-1.0185713848822, 44.663911777968], [-1.0233052011919, 44.67502570927], [-1.0311721058558, 44.679029191881], [-1.0500276213214, 44.682042500572], [-1.0581367463265, 44.689048034983], [-1.0363621413125, 44.693561606338], [-1.1066726573125, 44.742647003652], [-1.1172405050661, 44.74399979558], [-1.1253669244585, 44.751000559984], [-1.1459514198999, 44.761417104514], [-1.1605278218204, 44.774666943417], [-1.1685739214819, 44.771765177553], [-1.1781124391023, 44.755804073252], [-1.1722002204463, 44.75098728783], [-1.1900688471739, 44.737019677101], [-1.1907716197354, 44.730920109354], [-1.2044873682995, 44.721540106397], [-1.2043808938438, 44.717662887525], [-1.2229595098338, 44.709573193593], [-1.2223114975031, 44.706127753166], [-1.232623680779, 44.693018645313], [-1.2374176561525, 44.682509258925], [-1.2401079698599, 44.666522122287], [-1.2389445057575, 44.65778181354], [-1.2462021095773, 44.641862728761], [-1.243112422171, 44.628827562622], [-1.2521476349475, 44.617729855339], [-1.2604466153424, 44.625669343024], [-1.2617334302552, 44.647702967991], [-1.2517253975532, 44.712016422613], [-1.2370231185304, 44.784935738577], [-1.2229034640823, 44.864823398854], [-1.2041233648852, 44.989780904848], [-1.198002213805, 45.042704797651], [-1.1942059965634, 45.069162896565], [-1.190236703195, 45.107603378458], [-1.1808856453533, 45.176064250108], [-1.162337441751, 45.297868794558], [-1.1593599360818, 45.35068807983], [-1.1605559384718, 45.41068706862], [-1.1515035839053, 45.439471708886], [-1.1514532239497, 45.451854900963], [-1.1570373594316, 45.470365660883], [-1.1546170989864, 45.480167705968], [-1.1364252810856, 45.51099225066], [-1.1228634483366, 45.520418190565], [-1.1002940973715, 45.541645700905], [-1.0961094287101, 45.55676823678], [-1.0912045614296, 45.562411237009], [-1.0605909878371, 45.571952807583], [-1.0257391846007, 45.574691325999], [-0.99300406059586, 45.577175103049], [-0.98915191244273, 45.581341317039], [-0.99448166466087, 45.598471363385], [-1.0091096377528, 45.597495172168], [-1.0149548718972, 45.602385291749], [-1.0096347332233, 45.611436531328], [-1.0203205505127, 45.62151668447], [-1.030734415261, 45.616566131118], [-1.0488627706461, 45.620296785838], [-1.0728559725266, 45.634224904397], [-1.1158529629831, 45.646976690887], [-1.1615633042487, 45.674286390956], [-1.1764544979496, 45.679631218564], [-1.1960486136478, 45.691215860779], [-1.2093162908787, 45.696695600645], [-1.2303338364371, 45.693221363131], [-1.237223219004, 45.705895619461], [-1.241444700502, 45.758155786245], [-1.2437947470471, 45.772440059531], [-1.2425689958526, 45.781575345749], [-1.2310317959574, 45.788930983319], [-1.2210183884462, 45.789634505334], [-1.2089657293798, 45.795749040068], [-1.1919967968082, 45.789370772875], [-1.1749504479715, 45.793552459949], [-1.1595510306588, 45.801417483779], [-1.1409697147076, 45.798212034993], [-1.132892019615, 45.807422776222], [-1.137157980964, 45.819898709185], [-1.1502088102145, 45.830706445563], [-1.1545872388857, 45.840814345567], [-1.1680717875645, 45.845145151766], [-1.157329540581, 45.85452985161], [-1.153187170193, 45.862358814767], [-1.1210426718188, 45.856462545265], [-1.1008913277365, 45.872209699286], [-1.0952763372146, 45.885483654804], [-1.081212277475, 45.898789509328], [-1.0737883386215, 45.914234695342], [-1.076864753109, 45.936699490286], [-1.0959775740275, 45.942016808278], [-1.094399319351, 45.948773629702], [-1.0643262929189, 45.949911547118], [-1.0650836422026, 45.955876942711], [-1.0760315150124, 45.958641591561], [-1.0824929437006, 45.965886353981], [-1.0833944490579, 45.978241345779], [-1.0942868235613, 45.98407853197], [-1.0989532154989, 45.990511008295], [-1.0842912197077, 45.995595529343], [-1.0630867195678, 45.994435355467], [-1.0556386696802, 45.999342515679], [-1.0526895091436, 46.011182592646], [-1.0611535121644, 46.028848986934], [-1.0567431675806, 46.035915721056], [-1.0670030997899, 46.050149738322], [-1.0888412421854, 46.053947103542], [-1.0938493810902, 46.077074374166], [-1.1007240096268, 46.093795091913], [-1.1150482792811, 46.102319452799], [-1.1300954807717, 46.101767963634], [-1.1431683463329, 46.10884040725], [-1.1253028796809, 46.110920815275], [-1.1264071986579, 46.124260358299], [-1.1483371896137, 46.132006346959], [-1.1554222855991, 46.137461403915], [-1.1729310087073, 46.139283394105], [-1.1712255083601, 46.146518573114], [-1.1618314872923, 46.148520817666], [-1.1607229685204, 46.1554895116], [-1.1893147393064, 46.150729023324], [-1.206939036394, 46.145764027266], [-1.2284491051228, 46.1497260682], [-1.2420434969372, 46.157446715501], [-1.2361325026972, 46.166145111409], [-1.2238703709795, 46.165946361191], [-1.2184421668953, 46.180122028855], [-1.2066150416523, 46.184680886611], [-1.1993303516663, 46.194320636545], [-1.2065329820075, 46.204362200351], [-1.1990017582044, 46.213243547272], [-1.1713508437289, 46.224055692443], [-1.1484576572781, 46.238406807482], [-1.1411322001501, 46.249709112106], [-1.1182950608301, 46.261125374832], [-1.1111664091524, 46.261342685351], [-1.1219630552981, 46.290281706357], [-1.1207134213387, 46.296691182666], [-1.1294064331873, 46.310272328818], [-1.1236420717667, 46.321795835911], [-1.113284059211, 46.316302232447], [-1.0997364979128, 46.314471710528], [-1.0782951920661, 46.316911662518], [-1.0807238252872, 46.321431313321], [-1.0645117099073, 46.335517206168], [-1.0525331368763, 46.342540560637], [-1.0290641764217, 46.348867660129], [-1.013809705621, 46.35562286986], [-0.99521192821645, 46.350317645688], [-0.97744453847283, 46.351108789901], [-0.96451829359621, 46.365398033698], [-0.95084003340185, 46.360617622608], [-0.94112049397563, 46.367862165606], [-0.92857576719505, 46.371051399922], [-0.93790474501528, 46.353157499224], [-0.9441551264402, 46.336048129241], [-0.9612310671154, 46.323395683014], [-0.93489398189823, 46.312857623927], [-0.90480272235534, 46.313812430336], [-0.89270136944125, 46.320101412175], [-0.88767597392192, 46.326322589931], [-0.8509424448661, 46.317185675508], [-0.84487598314026, 46.3245597282], [-0.84865539686859, 46.332512597898], [-0.83988457052554, 46.340367099668], [-0.83052754444062, 46.341529547924], [-0.82415169186325, 46.335854967946], [-0.80732128185426, 46.339293680039], [-0.80247564445275, 46.325156566217], [-0.78424343720168, 46.318861879535], [-0.77570312778264, 46.318376375981], [-0.75794915819339, 46.311254056955], [-0.75047134037184, 46.304254425344], [-0.73459543046899, 46.304955701863], [-0.72191414100459, 46.302372661742], [-0.7201487066083, 46.314890543328], [-0.70757171772654, 46.317704940913], [-0.69732735736344, 46.325092837487], [-0.67227364916502, 46.316216425466], [-0.64825320981615, 46.317143530802], [-0.63998183318338, 46.322110972748], [-0.63660376728023, 46.33759543996], [-0.61868206115959, 46.339099077209], [-0.60547077785894, 46.347207865876], [-0.60325195656142, 46.361468010185], [-0.57567653828611, 46.356508034766], [-0.55764744918976, 46.363451353574], [-0.53779518169029, 46.38646382767], [-0.55052040300574, 46.393343323056], [-0.56605536149932, 46.393082159377], [-0.57238400631421, 46.400707224569], [-0.58189775121858, 46.40217377528], [-0.59417281123848, 46.410185950063], [-0.61017966919341, 46.413733221347], [-0.62088828506372, 46.390451131851], [-0.63658749242212, 46.395578228534], [-0.63282952674398, 46.403812558564], [-0.6406468690526, 46.416224664644], [-0.63684012869206, 46.432305656566], [-0.61877090027571, 46.438854562232], [-0.61983716832458, 46.452467117452], [-0.6124273279524, 46.45873668738], [-0.6241822995269, 46.48674665851], [-0.62483750061224, 46.496362745962], [-0.636581601251, 46.506095217567], [-0.64519375671477, 46.5085710348], [-0.63352903140625, 46.526545961083], [-0.61002538912342, 46.52729145947], [-0.60213244964129, 46.533279525109], [-0.60670934401643, 46.562331917411], [-0.61785426354446, 46.562043099519], [-0.62456684878994, 46.577400290716], [-0.61190793736705, 46.588307031212], [-0.61671038535954, 46.598536566433], [-0.62702650527698, 46.605651097302], [-0.61411399285986, 46.62039129053], [-0.62619906297455, 46.633078356802], [-0.64405974899964, 46.638024434086], [-0.65717243733762, 46.634619354943], [-0.64924847916988, 46.653283801506], [-0.63771460553181, 46.66348907218], [-0.65787343587941, 46.676827080382], [-0.68073310425929, 46.686803996225], [-0.65619325740221, 46.700774517445], [-0.66888364550954, 46.717232370405], [-0.68397597689122, 46.727863770277], [-0.70015414355827, 46.73579562558], [-0.69413275947291, 46.742731111953], [-0.70417950073791, 46.74945353126], [-0.71534345605879, 46.751789737735], [-0.72079949738479, 46.762538021138], [-0.72731204616972, 46.76763065568], [-0.71783828712373, 46.800521372146], [-0.7008577279242, 46.80862581328], [-0.70883784005248, 46.821063616454], [-0.72752746779957, 46.821938243707], [-0.74431663878843, 46.830243411726], [-0.75815720893345, 46.831399908556], [-0.78164600263284, 46.84282764491], [-0.79477643718776, 46.861061682533], [-0.80837576068615, 46.869152331931], [-0.81527450811283, 46.879362263307], [-0.8321856982677, 46.884537016923], [-0.82020445366662, 46.899619563541], [-0.81977358192379, 46.909085252586], [-0.80739348796693, 46.9198254879], [-0.8226181521192, 46.919496882097], [-0.8291494586578, 46.933361861306], [-0.84069799142137, 46.933043168191], [-0.85194566174473, 46.946506302307], [-0.87298436818273, 46.944344247689], [-0.8837974960632, 46.950388590831], [-0.87713915299698, 46.955855606347], [-0.88359502600069, 46.962369264823], [-0.87712517316223, 46.968538385199], [-0.88901027465591, 46.970996440972], [-0.89196408624284, 46.975820414303], [-0.8797290084417, 46.975803771985], [-0.85764337306558, 46.969397597368], [-0.84915622076396, 46.973775579115], [-0.85591689102216, 46.979079840933], [-0.83853635765488, 46.985503699072], [-0.82697025806846, 46.992404409034], [-0.80044123437384, 46.994429249843], [-0.78757295549441, 47.005134613994], [-0.7738784459047, 47.004247669583], [-0.76195094831376, 46.992143526967], [-0.74760195615967, 46.991449795286], [-0.74336287533223, 47.000701964828], [-0.72790285494931, 46.994993345811], [-0.71305373485382, 46.986070538333], [-0.69637193445308, 46.994704963523], [-0.68018770038511, 46.987658683517], [-0.67605096460406, 47.000124265341], [-0.64422463763986, 46.995602969044], [-0.62971403267853, 46.996851004876], [-0.61997935748009, 46.993321083755], [-0.59549628776894, 46.997955261938], [-0.58641245768408, 47.009979798203], [-0.57652952670071, 47.017027138711], [-0.56546953385811, 47.019423404938], [-0.56225950470765, 47.030666495232], [-0.54565906541349, 47.029239134682], [-0.54222220688058, 47.035131514655], [-0.55557809674432, 47.043528672476], [-0.55518423855519, 47.056996280386], [-0.55953163443577, 47.061883133164], [-0.54271238339803, 47.068832410093], [-0.49533635185918, 47.082386236675], [-0.46269595640292, 47.081925505658], [-0.46404370608664, 47.074916254874], [-0.47635021862705, 47.072140351589], [-0.48553786553274, 47.065209021486], [-0.47634088284647, 47.054361886701], [-0.46425258388436, 47.067574344676], [-0.44613773080732, 47.067564764094], [-0.4258514883367, 47.072734496606], [-0.40931478414398, 47.06628937151], [-0.40078196900616, 47.070768258647], [-0.39631090043786, 47.087753100169], [-0.38345929253299, 47.087697613397], [-0.35741871073042, 47.094026201074], [-0.34498093726671, 47.09177095779], [-0.34146522078634, 47.087332841605], [-0.3142510524831, 47.091338121731], [-0.29895654468625, 47.099250384298], [-0.2879249468488, 47.101438124536], [-0.25537525933525, 47.100286155299], [-0.24153284082639, 47.1057275119], [-0.20607508372803, 47.09328538537], [-0.18649707382196, 47.101547033466], [-0.18483829723431, 47.108333434925], [-0.15721241252843, 47.101780345038], [-0.14125473717962, 47.103745079728], [-0.14555986138819, 47.091366857483], [-0.15947412139976, 47.085935164317], [-0.17848280781104, 47.069769863363], [-0.16599081567743, 47.064596744766], [-0.14766123249005, 47.069855194532], [-0.13678317485552, 47.063924090649], [-0.13712137046296, 47.058426719475], [-0.12837866130337, 47.054429041651], [-0.1021158452812, 47.06480003115], [-0.10150441660145, 47.08326376928], [-0.098719424061378, 47.090117668474], [-0.085909274640678, 47.101010256779], [-0.060661742719366, 47.09514763055], [-0.044169213959146, 47.093239781385], [-0.03562437381954, 47.086261232309], [-0.029234974929682, 47.095257561848], [-0.026535185584925, 47.105798471803], [-0.039289561029516, 47.108055925394], [-0.040856468682482, 47.112928627112], [-0.034011786935389, 47.127334734816], [-0.010739414334867, 47.15751215065], [0.019016376976915, 47.175754285742], [0.036501918227681, 47.160445278183], [0.049480342584696, 47.168623012343], [0.053830055961677, 47.16373374848], [0.066259497472021, 47.143215902043], [0.078395363975684, 47.146334786534], [0.08087053131906, 47.137653029292], [0.076371249669326, 47.123931049218], [0.084648249403316, 47.118377760157], [0.10471937462849, 47.120793812241], [0.11111857810383, 47.129423259303], [0.12372359489648, 47.128315822721], [0.12716663727095, 47.119967203103], [0.13613099833731, 47.121578754741], [0.13471650901781, 47.107872599064], [0.16126718554822, 47.100796179607], [0.16598416316105, 47.107162285602], [0.18145709966147, 47.1143899519], [0.18811779784912, 47.100828164294], [0.20095307158529, 47.091257976623], [0.17421802926902, 47.071274231914], [0.17997285846393, 47.059187917933], [0.19167202519639, 47.064672009871], [0.20799449312514, 47.053230964732], [0.23175079195616, 47.064054806793], [0.24245135321948, 47.0711879788], [0.26165981464917, 47.070051249456], [0.26761937550861, 47.067504197075], [0.26201563438582, 47.057459330927], [0.26770726634947, 47.04388297477], [0.29822992579073, 47.053922293608], [0.30698465850517, 47.048723481399], [0.30969866315285, 47.025643877461], [0.29867667498614, 47.019599341054], [0.30543065376719, 47.012362068122], [0.30884587377182, 46.999441441774], [0.30178521378569, 46.984422127588], [0.3083994154951, 46.978149875297], [0.30073879657193, 46.973829519846], [0.30507546032998, 46.965176268239], [0.3052147303369, 46.952805098497], [0.31123243685649, 46.937837015115], [0.32483667041576, 46.930652041087], [0.33952563735758, 46.936623468454], [0.34773843894922, 46.936585764264], [0.35524351132264, 46.94418585304], [0.36651145250788, 46.949554418002], [0.38814626546636, 46.943624533306], [0.40666063754734, 46.936647597652], [0.41852515647745, 46.937386922114], [0.43870457627727, 46.929578354733], [0.44480103455716, 46.941152434129], [0.47662392866394, 46.949861808585], [0.5061349705044, 46.959245419792], [0.52812896085369, 46.955971768907], [0.53928916139484, 46.960219024665], [0.57084220800147, 46.95593925543], [0.59834824957594, 46.956764146875], [0.60155821661783, 46.959107207652], [0.60117289544287, 46.973094369377], [0.59353374575945, 46.977612888014], [0.57382203251682, 46.983340464589], [0.57368515665648, 46.995531274591], [0.56695306996355, 47.002266858023], [0.59055093530507, 47.006722651596], [0.6188740376389, 47.007464569411], [0.62124367303806, 46.997106205666], [0.63621078823085, 46.985451013839], [0.64769454368947, 46.98827539877], [0.65646206458496, 46.985434564914], [0.66162129594461, 46.978086547342], [0.68216214670066, 46.977079806439], [0.69256676799124, 46.974304310533], [0.6961893847553, 46.956809748541], [0.70624788531743, 46.937157219193], [0.70357222720342, 46.930055655547], [0.7043177119069, 46.903295922263], [0.72673737636298, 46.886740909711], [0.73368489987152, 46.876040130575], [0.74733084634723, 46.869392079962], [0.75088169303492, 46.863524734354], [0.77198838768839, 46.860643073187], [0.76879944678165, 46.85074613749], [0.79032856900623, 46.852389283147], [0.79645898941075, 46.848962468561], [0.78680224354972, 46.840463346525], [0.79509333742744, 46.832522249054], [0.80932023680023, 46.827853568236], [0.81032866524034, 46.813064718291], [0.8153195131751, 46.805707876783], [0.81190192936381, 46.794504364542], [0.81628357550664, 46.787769101729], [0.82943649435874, 46.783579432834], [0.83064773545714, 46.775361466403], [0.84293807311317, 46.764275112746], [0.85444929067001, 46.759970797231], [0.86746898682573, 46.748216404838], [0.88777529605684, 46.737902736858], [0.90104236961312, 46.736090564754], [0.91455153531157, 46.710120272246], [0.9249533025609, 46.699991021542], [0.92474929055741, 46.692789633606], [0.90215945171528, 46.67919114553], [0.91071057116932, 46.677183661606], [0.9067032428601, 46.665571264221], [0.91742860399951, 46.65036307159], [0.90652086468369, 46.647752216163], [0.89638293110539, 46.633451946341], [0.89430329614895, 46.625732175305], [0.90693650860659, 46.615213230068], [0.90986438287983, 46.603447081391], [0.91586544594852, 46.596627887059], [0.93775566335965, 46.594420109118], [0.9371898310662, 46.586044724789], [0.94202235129636, 46.580794785364], [0.96266777384523, 46.574297702094], [0.98209440694689, 46.572640353042], [0.98723321911375, 46.565560099789], [1.0147685045818, 46.567759565973], [1.0219575008089, 46.55371655484], [1.0206003685537, 46.537099020664], [1.0722975106803, 46.53723511351], [1.0875973131695, 46.538168324634], [1.1082856489547, 46.531510215741], [1.1459288779804, 46.506400874677], [1.1491485689753, 46.502205353076], [1.1349675834984, 46.495262876365], [1.1405271083029, 46.485634879486], [1.1529790996043, 46.472957682593], [1.1355078072574, 46.470884241481], [1.1516072310249, 46.449233517349], [1.1689192762458, 46.446308575491], [1.1860178766023, 46.441083576014], [1.1834055129956, 46.429224899772], [1.2011339896178, 46.432466167404], [1.2126877519811, 46.432217971701], [1.1944727430082, 46.410351612296], [1.1950871576883, 46.40275403272], [1.1772787760985, 46.383948000481], [1.1841495355328, 46.37729147918], [1.191538104043, 46.376759451936], [1.2047664407221, 46.387689428519], [1.2164239770673, 46.367784938774], [1.2408646690892, 46.367573686174], [1.245105268008, 46.37323860456], [1.2603993142262, 46.378783327264], [1.2795549241983, 46.376488887271], [1.3030594710726, 46.370991990563], [1.3093599883058, 46.378135125428], [1.3204740000508, 46.38163178083], [1.3223398241302, 46.389656273383], [1.3309220641861, 46.396705560378], [1.3442929839887, 46.401546863371], [1.3560243049838, 46.4001195921], [1.3775283931369, 46.382803331341], [1.3835201223913, 46.374755471612], [1.3965775759913, 46.371445233126], [1.4048447784072, 46.364056923495], [1.4151854142983, 46.347214822447], [1.438395055125, 46.35797267046], [1.4353743494744, 46.363842198651], [1.454349713379, 46.376048839285], [1.4629367778167, 46.375349793186], [1.472558559102, 46.383431643989], [1.4775958033831, 46.393726557044], [1.4929348173659, 46.398340551367], [1.5059901336348, 46.409908716453], [1.5112050540502, 46.419594596972], [1.5223067601736, 46.426527695424], [1.5350519004493, 46.424455702933], [1.5439680356057, 46.41688301363], [1.5461946362171, 46.39346025752], [1.5524923075161, 46.394133824944], [1.5696914589532, 46.405498471105], [1.5920388571659, 46.407311867592], [1.6092554805936, 46.423123163216], [1.6226552998913, 46.418260263211], [1.6143064140463, 46.405295947029], [1.628836514357, 46.388247455127], [1.6448463938248, 46.386816749434], [1.6611836253306, 46.403538218482], [1.683606447426, 46.418176923275], [1.6974668292376, 46.406604886198], [1.7091312929501, 46.393353821969], [1.7277096608449, 46.388955998124], [1.7392119982362, 46.401254100808], [1.7505449826939, 46.405586225701], [1.7493159438657, 46.41093389201], [1.757375741134, 46.423616429483], [1.7566658918784, 46.441292317573], [1.7475915839665, 46.450017868926], [1.7548573832317, 46.452214535934], [1.7983753858278, 46.45481310551], [1.8031391002694, 46.44691836733], [1.816812388337, 46.439524938483], [1.8195044214246, 46.430033877555], [1.8383647496008, 46.42728517531], [1.8580375856722, 46.433476804112], [1.8834368991965, 46.432557252889], [1.89071589528, 46.441493184019], [1.902458213237, 46.43780452052], [1.909180451657, 46.443498226347], [1.9195527692358, 46.440208070783], [1.9243017577068, 46.431903065788], [1.943869602507, 46.433996659264], [1.9542508363527, 46.438125703166], [1.9781042758382, 46.439772572322], [1.9930771581051, 46.430917343442], [2.0203464671203, 46.429421918521], [2.0294174309506, 46.424588797264], [2.0741962684953, 46.419842978652], [2.0803472806508, 46.411894246794], [2.0889457684929, 46.40889961632], [2.1083721397147, 46.413528592759], [2.1126347187417, 46.420825387231], [2.1296807376318, 46.419867872386], [2.1677843748983, 46.424069192575], [2.1851558899005, 46.423284068779], [2.1975676755012, 46.428294141001], [2.2206403396014, 46.423664161021], [2.2334148941606, 46.423384135542], [2.2498765158587, 46.426366967242], [2.2810437278384, 46.420403547753], [2.2804029533754, 46.410236476962], [2.2850442774167, 46.385857562809], [2.3154715753059, 46.375205741584], [2.3315900743858, 46.378176612964], [2.3371146519405, 46.366795923975], [2.3233383727294, 46.366525024524], [2.313389172619, 46.356936451493], [2.3027460023726, 46.354419802873], [2.3093794648902, 46.342006193666], [2.3230230944721, 46.329277448172], [2.3345821354246, 46.325320260055], [2.3549060485425, 46.325678438006], [2.370482749419, 46.312629017475], [2.3840641130619, 46.328908641081], [2.3918581379529, 46.329985164159], [2.4113176626179, 46.314094483732], [2.4204656768519, 46.310129656565], [2.4161017112175, 46.300056006693], [2.421335782135, 46.284622030263], [2.4309509758156, 46.291519676804], [2.4430263839161, 46.294995852237], [2.4789445821479, 46.281145991526], [2.4770972903349, 46.269361724579], [2.489106418147, 46.248968644305], [2.5163085117785, 46.239436870366], [2.5154284346668, 46.228012112114], [2.5215270201899, 46.21133367553], [2.5216954121117, 46.203035380932], [2.5280194815711, 46.195466990157], [2.5286290573702, 46.184894945309], [2.5431674609911, 46.175602605523], [2.5597996290957, 46.173366559433], [2.5607637153191, 46.155596225642], [2.5654816305578, 46.153967351319], [2.5653725529015, 46.143035759957], [2.5586220340193, 46.138326224613], [2.5582364865104, 46.130701979674], [2.5490488887945, 46.114075006608], [2.5518219731636, 46.103970633498], [2.5518715312783, 46.083457348801], [2.5570843667475, 46.069300275416], [2.5631828961231, 46.064609781776], [2.5716988273144, 46.048689825423], [2.6025059601172, 46.033461930485], [2.5944202186196, 45.989440975795], [2.6074695080176, 45.979108641029], [2.6107853057918, 45.971228071516], [2.5891875589674, 45.960437573506], [2.5651781859373, 45.95661981464], [2.5657173898648, 45.946856793309], [2.5516381183225, 45.941261078502], [2.5509536719711, 45.935761668247], [2.5415060022687, 45.921531781083], [2.5550056008106, 45.912509471984], [2.5376912527467, 45.900845994537], [2.5262086816167, 45.896727274022], [2.5099613389201, 45.88666598071], [2.4922279879729, 45.864029936278], [2.4797383951775, 45.864541357011], [2.4706137918202, 45.872335245229], [2.4425827259717, 45.863008040763], [2.4478280089908, 45.84581866569], [2.436436952669, 45.846998827989], [2.4265364620605, 45.834771343876], [2.4013447310476, 45.837577232244], [2.388014020679, 45.827373168854], [2.4006773662183, 45.817289546629], [2.4185991219253, 45.798475127769], [2.4274035046023, 45.794285013202], [2.4329800874586, 45.783888824912], [2.4341123429169, 45.769852817869], [2.4414259075117, 45.762378997013], [2.4547914690758, 45.761151249494], [2.4751529321011, 45.747688866007], [2.4846414659033, 45.748521466442], [2.4921294160933, 45.7376701128], [2.5183220391127, 45.712799669432], [2.5198739656449, 45.697052906827], [2.5268700649094, 45.694919495794], [2.5283596411119, 45.681924314977], [2.5129233228036, 45.6713335771], [2.5151301172176, 45.664284079976], [2.5249384159848, 45.657234455338], [2.5142980219448, 45.639528483879], [2.5011495345088, 45.638738876646], [2.4897451626044, 45.642353692], [2.4833880353068, 45.639303519147], [2.4790816386943, 45.62246233864], [2.4784344946797, 45.607911789419], [2.4653445128497, 45.600820150088], [2.4646251782029, 45.594410586781], [2.4725367701592, 45.580929716396], [2.4874305070125, 45.569384021272], [2.4909285469766, 45.560394087282], [2.5064679621685, 45.553444063405], [2.5163271748739, 45.55342839279], [2.5165205610225, 45.524032787608], [2.5203805740984, 45.520450992238], [2.5115199537568, 45.511153110817], [2.5089910453543, 45.500226403127], [2.5138913543334, 45.492347782226], [2.5084125130653, 45.478501516921], [2.5067704533992, 45.464065004968], [2.4955946696815, 45.44550416324], [2.487471709413, 45.418842030111], [2.4927584232596, 45.413842323437], [2.5159713869265, 45.403236533013], [2.5220338520841, 45.402237812322], [2.5262353366501, 45.389343818253], [2.5227321270438, 45.382084686424], [2.4857679741129, 45.378946887778], [2.4778316883062, 45.370410647653], [2.4734557788383, 45.38152628147], [2.4580813755781, 45.384827047932], [2.441865995091, 45.384259395763], [2.4226736731266, 45.397229870143], [2.4129045453324, 45.396651442056], [2.3982881363717, 45.400169538674], [2.3954865345645, 45.407322290365], [2.3782501191323, 45.414302210343], [2.3551307955913, 45.415027972839], [2.3500842175271, 45.409676058097], [2.3545525332951, 45.401398504646], [2.3644462766137, 45.395234506367], [2.3682726042671, 45.388621392102], [2.3629697029865, 45.378412337982], [2.3647790516305, 45.357919621969], [2.3513461420151, 45.348610937353], [2.3593793404283, 45.335790299537], [2.3504806858312, 45.327560923525], [2.3177397642658, 45.322963729764], [2.3073512042479, 45.312659714856], [2.2920696943683, 45.290569998093], [2.2800803441611, 45.287325615297], [2.2714111009736, 45.290154603854], [2.2617348470443, 45.28322143744], [2.2585683903144, 45.270220164439], [2.245004874828, 45.267106520498], [2.2387747025234, 45.260353952142], [2.2413408281325, 45.24942616212], [2.2249287044688, 45.241854962029], [2.1953636990438, 45.220851418291], [2.1905131897891, 45.20213434701], [2.1985478420586, 45.194408666334], [2.2011879889027, 45.181494229499], [2.2195874303098, 45.172114610573], [2.2335857511761, 45.167181650239], [2.225397887065, 45.160336595328], [2.2137008320653, 45.160189965969], [2.2115654221992, 45.14844827392], [2.1948369367108, 45.136027708871], [2.1787905007908, 45.136297935946], [2.1852692693185, 45.113998024195], [2.1794393252059, 45.109177492216], [2.1803618094732, 45.09734068898], [2.1717594845165, 45.081496802672], [2.1456535641311, 45.085592171697], [2.1298193059745, 45.078932414297], [2.1183646353816, 45.070379067781], [2.1037456940938, 45.065812421906], [2.0951568732001, 45.056033465741], [2.0993181256264, 45.047622806571], [2.1094104611066, 45.041521518867], [2.1168066989252, 45.02111434735], [2.1406414310588, 45.005858479694], [2.1381513494782, 44.992811832821], [2.1329815746739, 44.985516038406], [2.1003714972007, 44.983427469854], [2.0905743960003, 44.984665148518], [2.0766169639286, 44.978785623857], [2.0629079799591, 44.9765045515], [2.0806940542158, 44.953285983552], [2.0763195910268, 44.940561879615], [2.0786238601329, 44.932494333995], [2.0892278644094, 44.928560463933], [2.1081047030139, 44.910638688547], [2.0864901589829, 44.901079919432], [2.0837359232769, 44.887424173789], [2.0942097640089, 44.872012369152], [2.1165704984568, 44.850184202716], [2.1227770243941, 44.847633102732], [2.1398031019064, 44.823820670465], [2.1658208187006, 44.812904212621], [2.1652929430823, 44.799560342182], [2.1716374993124, 44.790027108976], [2.1667022088341, 44.772651831571], [2.1493997719958, 44.769790512407], [2.1534957604021, 44.753104006989], [2.1522238006118, 44.736723151663], [2.1479681938401, 44.723035803571], [2.1336852541707, 44.70956475715], [2.1301318075949, 44.698486086307], [2.1386637746726, 44.692880659597], [2.1552964923022, 44.70023944349], [2.1630322730753, 44.690215331586], [2.1791523780579, 44.674446124105], [2.1655660362222, 44.661375303382], [2.1740442827509, 44.653644834741], [2.1687595856936, 44.647386736712], [2.1694164789558, 44.638069782843], [2.1908059572226, 44.628252004845], [2.2074728028173, 44.61552895784], [2.2198705673093, 44.623646052351], [2.214541909482, 44.627080806224], [2.2084152778134, 44.643842310283], [2.2286252203003, 44.655106676519], [2.2508940527358, 44.651888047018], [2.264931023707, 44.660757552111], [2.270930098105, 44.660401110765], [2.2910368223518, 44.666581877606], [2.3045868091932, 44.662449015977], [2.3267908312388, 44.669693386939], [2.3365579816568, 44.661275985276], [2.3327786804308, 44.650617960529], [2.3485386057121, 44.641480228035], [2.3659976814652, 44.641342211431], [2.3782230201151, 44.650161602045], [2.397445965387, 44.646186044198], [2.4055217700154, 44.647179554811], [2.435000853128, 44.638874930003], [2.4521635947204, 44.648220759561], [2.4680389011889, 44.642888409527], [2.4689992507151, 44.649641593651], [2.4831874702259, 44.650342597738], [2.4901340080947, 44.656773198157], [2.4875777637021, 44.666984218285], [2.4989152190022, 44.687020949858], [2.5188863490069, 44.699027751647], [2.5184594908124, 44.703480601801], [2.556122557476, 44.721283990134], [2.5519407104745, 44.732804630794], [2.5544909688881, 44.73964379349], [2.5516388576146, 44.750719684187], [2.5585893921439, 44.757924931793], [2.5627129322914, 44.775756861827], [2.5735477024072, 44.784962589937], [2.5865648469617, 44.783990021983], [2.5993613568997, 44.792806185507], [2.6013884128515, 44.807574409416], [2.5971356193221, 44.819510989142], [2.6074714184, 44.824096540945], [2.6117393110443, 44.83131246301], [2.6026823497168, 44.843163111324], [2.6180527448461, 44.854603721987], [2.6239295606463, 44.866918027702], [2.6366080646644, 44.872551413571], [2.6490646425252, 44.869728369056], [2.6562270538803, 44.87241580597], [2.6581063096255, 44.882979115397], [2.6812975408382, 44.907392758521], [2.6938913636929, 44.902938090171], [2.7064336715881, 44.907221617118], [2.7135929831216, 44.92713012749], [2.7240210839286, 44.924576074703], [2.731006631595, 44.936748083927], [2.738258109046, 44.941219492647], [2.7603927919273, 44.927510072233], [2.7735403561236, 44.915091091551], [2.776087665079, 44.908963934931], [2.7718590507401, 44.902271109449], [2.7783381480633, 44.887718357993], [2.77049124514, 44.875537836385], [2.7684108734637, 44.863858763976], [2.772707056045, 44.855545795389], [2.801957650579, 44.873625756087], [2.8220333243708, 44.87157004877], [2.8496519747355, 44.871490231757], [2.8596736604077, 44.874465473337], [2.8559650223393, 44.855179951014], [2.8705082792207, 44.827398299766], [2.8795747424774, 44.803006111318], [2.8897062556822, 44.788417083385], [2.9040726320859, 44.783702886621], [2.920189595566, 44.794308778558], [2.9345177106412, 44.779201871895], [2.9348220891073, 44.766338409064], [2.9208013627531, 44.765729671884], [2.9172495539886, 44.756714098966], [2.9284555057549, 44.755160769806], [2.9335256868255, 44.750101514437], [2.9322008334785, 44.738182515263], [2.9232670003911, 44.728642526112], [2.9350900117718, 44.705004788991], [2.9338731506521, 44.697402037726], [2.9408965571355, 44.683818918865], [2.9392865668235, 44.677756455026], [2.9487265645702, 44.672978048006], [2.9637576145748, 44.654316787673], [2.9729967000843, 44.645719145774], [2.981675726654, 44.644673011362], [3.0123078930023, 44.621912456139], [3.0214179128995, 44.608930242405], [3.0331802950598, 44.596905346963], [3.0501049511157, 44.590500887925], [3.0604239335947, 44.579596428744], [3.0759029843264, 44.572972781335], [3.0835939007747, 44.559017095166], [3.0747004023127, 44.533148056751], [3.0765891765907, 44.518061677636], [3.0685440473718, 44.503492403034], [3.0774798083215, 44.49407023418], [3.1013824675044, 44.47951694497], [3.117144504438, 44.4739200421], [3.1246425493523, 44.461312563753], [3.1357398668406, 44.454869326281], [3.1360486132034, 44.44476332926], [3.1417277675188, 44.428457291816], [3.1267160037072, 44.413956480342], [3.1373105135272, 44.408125009251], [3.1405520936589, 44.392614462133], [3.128709404669, 44.389778090383], [3.1197174609736, 44.383381712586], [3.1225802362026, 44.376236624007], [3.1211237751057, 44.361882416935], [3.131975205783, 44.357172903459], [3.1275801635609, 44.347699429055], [3.1339016413735, 44.332987029876], [3.1517097885451, 44.332414822245], [3.146528556073, 44.320565113439], [3.1542553794088, 44.308367530555], [3.1252325845717, 44.284463569435], [3.1241560155353, 44.260325302915], [3.1383625050444, 44.264142835763], [3.143570712599, 44.274014987734], [3.1540845204064, 44.273172636192], [3.1599553535076, 44.258596699063], [3.1572068425878, 44.250245796267], [3.1638192967351, 44.243869641892], [3.184224712712, 44.247476467225], [3.1956785894385, 44.240868744621], [3.2235353426493, 44.230170001588], [3.2298513180005, 44.226251406383], [3.2227886841663, 44.209610502596], [3.2066091665582, 44.189931038205], [3.2403288585343, 44.19083537067], [3.2620383777632, 44.199513868063], [3.2847604708491, 44.199421266759], [3.2950065737753, 44.206938814455], [3.3123376202084, 44.203071755455], [3.3391826316079, 44.202751760551], [3.3577957669957, 44.197913146727], [3.3623083641294, 44.188257426713], [3.3722574402673, 44.180111605641], [3.3736480685005, 44.170759472387], [3.3360552391264, 44.158673278061], [3.330219307158, 44.142163857886], [3.3202959752665, 44.135904522063], [3.3243954092282, 44.115339574608], [3.3210491311873, 44.109480171818], [3.3079202652498, 44.105128295087], [3.2930621216086, 44.105349947563], [3.2628340569911, 44.094041936297], [3.2905869474847, 44.071706686695], [3.2989038258849, 44.068666494351], [3.3084740785456, 44.070424721299], [3.3183631084637, 44.079075467836], [3.3289141381381, 44.079025392535], [3.336999456788, 44.062128764148], [3.3518362676391, 44.050202625217], [3.3681320672501, 44.057846083439], [3.3787941195253, 44.053878388731], [3.3901444043775, 44.053499221204], [3.4008249480855, 44.04327053535], [3.4211719681434, 44.038539216118], [3.4507554815828, 44.020787284367], [3.4458276845789, 44.004545160927], [3.4391614779864, 43.998039885422], [3.4186990670418, 43.993551717916], [3.405494605868, 43.970269140751], [3.3986628813639, 43.96772840409], [3.377150274913, 43.966974047152], [3.375642576892, 43.956010269674], [3.3559729058863, 43.946168277298], [3.3515992526365, 43.938039511601], [3.352251546542, 43.929514741403], [3.3583619084885, 43.913829285364], [3.3402696244377, 43.901731512332], [3.3425730593674, 43.894194468074], [3.3200536423899, 43.891011308338], [3.2954140626944, 43.895074688924], [3.2868926131443, 43.893275030194], [3.2750747460719, 43.89835141161], [3.2631323492161, 43.89279670985], [3.2603747807982, 43.883002113882], [3.2542327682907, 43.876752165048], [3.2430727112119, 43.875182911547], [3.2362244765786, 43.866546056431], [3.2344573700191, 43.857562353474], [3.2401209483517, 43.849238408157], [3.2510907532261, 43.842076507358], [3.249039481107, 43.829579698488], [3.232134595149, 43.826137964263], [3.2226912752071, 43.817777799078], [3.2031142100103, 43.813872681737], [3.1776878112357, 43.813838787452], [3.1580394141965, 43.817584693294], [3.1507104327409, 43.813766023316], [3.1291898204361, 43.816936067597], [3.1083746364905, 43.828954358627], [3.0871396285341, 43.835566967207], [3.064904986059, 43.835565364534], [3.0598597029877, 43.831644678221], [3.0602887615428, 43.809425149222], [3.0494059238588, 43.803825230583], [3.0555494622909, 43.792897708039], [3.0570585259457, 43.78263654452], [3.0657566296832, 43.774015383743], [3.0758854246252, 43.768517815391], [3.0684631726792, 43.756809234459], [3.0565260080024, 43.755307021132], [3.053062578971, 43.746187838209], [3.056150266167, 43.717771930329], [3.069161341669, 43.70684228008], [3.062401328145, 43.702474103432], [3.0607467059948, 43.693073684319], [3.0437823067902, 43.696691915948], [3.0334550457498, 43.692056102371], [3.0194605989081, 43.695490521581], [3.0094758861697, 43.701898593858], [2.985354094531, 43.708518052513], [2.9598110947795, 43.699399971151], [2.9465514566703, 43.69294074079], [2.93545676901, 43.694665082071], [2.9185719132589, 43.686154965245], [2.9197550319868, 43.680701165204], [2.9159852376449, 43.660020748267], [2.907351068949, 43.654226226268], [2.8789777619922, 43.65668899636], [2.874245630292, 43.647265454371], [2.8574751278235, 43.643382854664], [2.8402202097763, 43.642531059545], [2.8292347639089, 43.638059497972], [2.8159223190021, 43.640061402207], [2.7948563475217, 43.624431292653], [2.7758876987511, 43.623236718731], [2.7672355905264, 43.61724579423], [2.7545198343058, 43.614140577604], [2.7435418358694, 43.622064780506], [2.7389591104087, 43.630225717137], [2.7240271983999, 43.639996556656], [2.7111682176412, 43.645600379862], [2.6855446430858, 43.651325814028], [2.6538560490336, 43.649167216547], [2.6432649887562, 43.650141667656], [2.6352029674453, 43.625770020949], [2.6280316578289, 43.614603664441], [2.6146368129343, 43.599858204147], [2.6275661079079, 43.590933474599], [2.631783900316, 43.584146522163], [2.6156009876353, 43.566636032386], [2.6278174705033, 43.551599708027], [2.6586451413796, 43.525794979317], [2.660197072431, 43.503196229293], [2.6549028733756, 43.496866257055], [2.6595374969188, 43.48016534963], [2.6679938118926, 43.470045739812], [2.6646131742074, 43.463621465253], [2.6477479384405, 43.46889502584], [2.6378726798682, 43.465226848944], [2.6461799185216, 43.459128324826], [2.6201477651364, 43.441423623131], [2.6093386865917, 43.440409050201], [2.6060762155363, 43.431097353655], [2.5901376675255, 43.429563678533], [2.5840785671228, 43.425524480755], [2.5657824745312, 43.422957925066], [2.5515253933938, 43.424964573472], [2.5192290328736, 43.423576425204], [2.4973981397447, 43.433963920582], [2.4968512219793, 43.436930315048], [2.473998212403, 43.436557283321], [2.4583054839336, 43.433107071969], [2.4331067416938, 43.435174281522], [2.4069710225399, 43.424831119141], [2.4036354484854, 43.418668029268], [2.3913458849515, 43.418930753382], [2.3771444963265, 43.423399693102], [2.3672075625877, 43.423222447693], [2.3510335480095, 43.431916671343], [2.3312654102165, 43.437946745339], [2.3113702716933, 43.441548673638], [2.3029806665229, 43.447935084107], [2.2820110776793, 43.441222270986], [2.2591017375848, 43.459927734352], [2.250998241094, 43.449381408091], [2.2404078352143, 43.440294444075], [2.2241702265958, 43.431765391026], [2.2229731201607, 43.419302330127], [2.2297838407245, 43.410169660932], [2.2252355421611, 43.39729608099], [2.215023822395, 43.383508824887], [2.2028556152946, 43.386693811362], [2.1877018669943, 43.393900936651], [2.171548492892, 43.415775006477], [2.1594556186559, 43.415531590815], [2.1407815147228, 43.404247749359], [2.1335608464159, 43.40356043581], [2.110382625502, 43.39595635372], [2.086671283238, 43.398779217594], [2.0727969810099, 43.395690514022], [2.066365605718, 43.411113686999], [2.0531291058482, 43.430203153623], [2.0291341188294, 43.436895277153], [2.0392629517166, 43.424279689382], [2.0312013013995, 43.419350322258], [2.0207368926519, 43.423193392374], [2.0113607846882, 43.414767844117], [1.995617116255, 43.411730410053], [1.9882945357382, 43.407609041004], [1.9751843574489, 43.418256313419], [1.9681332504295, 43.417407513183], [1.9563869984965, 43.425420417265], [1.949447182419, 43.419590573873], [1.9295264375351, 43.422772232704], [1.9190398691635, 43.419373275391], [1.9208426857426, 43.413148027424], [1.9100983791881, 43.404056676343], [1.9086159183678, 43.396268158977], [1.8960817399884, 43.396442502675], [1.9030812461654, 43.406484362121], [1.8949983598871, 43.418625938245], [1.8833159335668, 43.424394923053], [1.8718099152709, 43.438110220087], [1.8587392319179, 43.443822651373], [1.8530463693539, 43.43726360404], [1.8429498236949, 43.432545015031], [1.8474991105402, 43.426704637628], [1.8432501603618, 43.419263434784], [1.8260977029306, 43.418114375667], [1.8171490943613, 43.409875231664], [1.8226596085892, 43.393339649196], [1.8098202342584, 43.394499387758], [1.8040809598206, 43.391685663532], [1.8062699140989, 43.380008857731], [1.8042786321114, 43.358580811058], [1.8166266244975, 43.349384816053], [1.8134239904389, 43.341407194984], [1.7969705125778, 43.340562392875], [1.7861676084759, 43.344942024922], [1.7747537463174, 43.34243454001], [1.7718387739464, 43.33715262084], [1.7589974639475, 43.345684622995], [1.7477265133075, 43.343736431882], [1.7238177566678, 43.329745464099], [1.7340683428468, 43.323055197932], [1.7358104191158, 43.314195591755], [1.7264517578662, 43.313558549895], [1.7041377368756, 43.302727433716], [1.7145108961303, 43.294682139948], [1.7059158532707, 43.28535876201], [1.6884233932357, 43.273554672371], [1.7007546159588, 43.260536148347], [1.6997831731081, 43.243827772182], [1.7238477981704, 43.224522495613], [1.7208867336366, 43.218745125508], [1.7255156257731, 43.211942040675], [1.7099424228066, 43.200585571526], [1.7100614045293, 43.189696294172], [1.7354358287353, 43.185789204059], [1.7435831558346, 43.182725893946], [1.7478461517093, 43.175363704104], [1.7778084523523, 43.160753591375], [1.8069320952074, 43.155501460795], [1.8247771300982, 43.145813043369], [1.8482001028058, 43.145922753518], [1.8436090403584, 43.157599334299], [1.8520774929174, 43.160513521664], [1.8561936135101, 43.145320584408], [1.8804018658747, 43.14153210392], [1.8809180435515, 43.126794944692], [1.9018860600783, 43.124357874809], [1.9023329243618, 43.130253440677], [1.9177421166021, 43.133234660517], [1.9494734751292, 43.11949081683], [1.9506935999843, 43.102254614249], [1.9557697173495, 43.085445578423], [1.9497271826879, 43.080024986538], [1.9638549172992, 43.06917736292], [1.9452104401249, 43.066549790409], [1.9403303636833, 43.061716671606], [1.9411266925152, 43.052718110265], [1.9508584341989, 43.046590894868], [1.9586368389642, 43.050369497515], [1.9720976511514, 43.046611393848], [1.9849967014251, 43.032613312256], [1.9850967867381, 43.026271388398], [1.9695836475611, 43.007942793079], [1.9851357344142, 43.004594554874], [1.9853242058519, 42.966955184292], [2.0036244299195, 42.960482549519], [1.9991183826026, 42.955003012434], [1.9885860585978, 42.953374578941], [1.9802189219425, 42.959688363682], [1.9622253344282, 42.961140470724], [1.936037298041, 42.951628828023], [1.9338478606359, 42.939320639064], [1.9805767739427, 42.929578816015], [1.9875408762769, 42.917157059247], [1.9910671704996, 42.904641621976], [1.9810016845404, 42.87841643035], [1.9869222151088, 42.871007203276], [1.9456608008971, 42.856195612969], [1.8804691523907, 42.852666520642], [1.8750171229238, 42.84606877232], [1.8729010044834, 42.83589155119], [1.8602403431469, 42.827608292584], [1.8593817847995, 42.820804962781], [1.8692014277833, 42.815082423983], [1.8960901541122, 42.808667398867], [1.9169252616661, 42.78350434537], [1.9288394992032, 42.774948091707], [1.9081785403601, 42.767670627363], [1.9182615505133, 42.757409155918], [1.9424553009298, 42.746581205068], [1.9554004775238, 42.736704442421], [2.0079257545377, 42.73412313884], [2.0132744900391, 42.738369124152], [2.0254188897268, 42.738989255526], [2.0323055427977, 42.746594223398], [2.0423514687936, 42.746734851366], [2.0572091234374, 42.756222904226], [2.0862958088794, 42.751796313706], [2.0873246405121, 42.739333179139], [2.1270176793049, 42.716509230656], [2.1395519109111, 42.71229378372], [2.1406094709408, 42.70582111524], [2.1606300279024, 42.701123613621], [2.1678528137192, 42.696187020903], [2.1758766074869, 42.682791646952], [2.1674816196022, 42.673376591782], [2.1660488223224, 42.663917432789], [2.1512958319248, 42.661961816254], [2.1326197747187, 42.668366655895], [2.1198625508162, 42.669463714715], [2.1114677613897, 42.66602438992], [2.0958625941193, 42.664104385792], [2.0828721186904, 42.665789382917], [2.0545205344694, 42.663059183043], [2.02903411415, 42.652957529531], [2.0187871252783, 42.653420586628], [2.0005161638086, 42.661563048952], [1.971753608035, 42.616917738425], [1.9521185022163, 42.618306812711], [1.9361237389211, 42.605411191977], [1.9259284809876, 42.609220331127], [1.9072909860169, 42.608629529051], [1.9001799629623, 42.614904331366], [1.8919813333501, 42.594979956731], [1.8870814211318, 42.590550434192], [1.8742279234244, 42.590001308736], [1.8744788516217, 42.581409515841], [1.8557145165105, 42.58322866123], [1.8334569182939, 42.582739817452], [1.8192693018026, 42.579501861534], [1.800999700616, 42.572397819345], [1.7861298758203, 42.573623487381], [1.7809401403226, 42.582603070692], [1.7731587094773, 42.580676227298], [1.7536481560277, 42.582645134018], [1.7419674623208, 42.587752779596], [1.7259218933308, 42.59036432389], [1.7264445544535, 42.599644154949], [1.7379681342676, 42.611311358201], [1.7349772402613, 42.617150103375], [1.7179447596001, 42.614762264528], [1.7000214431602, 42.621543905731], [1.6873563216807, 42.623900502482], [1.6620231363069, 42.619477292944], [1.6537229363056, 42.626311949339], [1.6413815633821, 42.628126820518], [1.6190091695864, 42.626912244592], [1.6014688979593, 42.628040210076], [1.5842076238912, 42.634095648993], [1.5687902887144, 42.648434939425], [1.5492508690021, 42.655772723263], [1.5221497444791, 42.649182732256], [1.5189050579628, 42.645476248608], [1.5014171161218, 42.645160693912], [1.4937449489606, 42.653208850036], [1.4801092686891, 42.651393752761], [1.4778976589457, 42.643814220979], [1.4683365082247, 42.630822512454], [1.4772664705807, 42.614964046337], [1.4694604333944, 42.606890205337], [1.4589391989978, 42.603637712724], [1.4401541878412, 42.60350366823], [1.4350570021221, 42.60607368638], [1.4200859104601, 42.627197957489], [1.4135896331553, 42.651807228313], [1.3942419945616, 42.668386695134], [1.3877372500693, 42.670986654888], [1.3895995518927, 42.685085573888], [1.3786606854809, 42.693636239811], [1.3544057158196, 42.699495465984], [1.3523647298671, 42.708889639069], [1.3568943438009, 42.71932288287], [1.342365880439, 42.719196972787], [1.3352658325545, 42.724033974941], [1.3250225479117, 42.723901216656], [1.310831490396, 42.718075501434], [1.2980552717348, 42.718971253687], [1.2775594332565, 42.714750302311], [1.251508843902, 42.717851623956], [1.2474713412106, 42.722040389267], [1.2302143018174, 42.72758342439], [1.2171573089305, 42.720482304172], [1.1848025015663, 42.715102850609], [1.1727736952394, 42.708100928642], [1.1618506762641, 42.711043675126], [1.1333056678708, 42.72901199858], [1.1300970414747, 42.752068486433], [1.1221505221208, 42.76017431013], [1.1092203049835, 42.768379798114], [1.0751085868396, 42.785348263934], [1.0543403754335, 42.782370278653], [1.0356210186709, 42.786428027141], [1.0123628046297, 42.788067996977], [1.0055793118079, 42.790800484118], [0.99648511466901, 42.78745217576], [0.98310308426902, 42.787068077252], [0.9732840226901, 42.797457087229], [0.95989089975521, 42.805643824863], [0.93973887204259, 42.796973247404], [0.93391854092192, 42.789522309625], [0.92732709328685, 42.789255631926], [0.91105922430916, 42.796342655042], [0.88384668496068, 42.813501413999], [0.87039192320778, 42.816245743581], [0.85830081521383, 42.825718092689], [0.83173917183391, 42.829191852348], [0.80892253420252, 42.83905419597], [0.80148779146423, 42.840484414153], [0.78649531003324, 42.835955315429], [0.76764000650777, 42.838976644913], [0.7473099643863, 42.846684787469], [0.73505963063002, 42.854313618439], [0.70837530047161, 42.861402691964], [0.6920253593771, 42.855311818756], [0.67832018690678, 42.855018835179], [0.67858428353724, 42.847952666471], [0.65901722875138, 42.838528619974], [0.66114635943904, 42.830368839742], [0.66851393517847, 42.820350298964], [0.66536072645848, 42.81251191916], [0.66968713590557, 42.802095308449], [0.65863120147728, 42.79715230059], [0.65128983839552, 42.786597088659], [0.64453806422139, 42.783076412205], [0.66423575825517, 42.77167292571], [0.65032149143529, 42.764168646382], [0.6474308997985, 42.751662642856], [0.6599389520435, 42.752435876543], [0.66957491088554, 42.73276995512], [0.67901232540769, 42.722784338644], [0.67386650187529, 42.716586587301], [0.68225754178415, 42.708965425559], [0.67377451374064, 42.699841320693], [0.67057744875758, 42.68989270234], [0.6379005478724, 42.693041495792], [0.60764322210758, 42.699058087497], [0.59731972324609, 42.705833174186], [0.58683088027779, 42.694999039016], [0.53028817299211, 42.702427361485], [0.51254065154989, 42.692054778891], [0.49187864436583, 42.695004250993], [0.47775091439859, 42.699986776967], [0.4569304439913, 42.692659152242]]], [[[-1.3380521527432, 45.917870413489], [-1.3509545085702, 45.925036655573], [-1.3839170490528, 45.951445390606], [-1.3917174561272, 45.974042547349], [-1.387253309976, 45.993870516375], [-1.3890812144965, 46.002682308229], [-1.4005330150939, 46.016128617682], [-1.4134350122266, 46.04686461584], [-1.4070525832078, 46.048113296884], [-1.3861064565982, 46.041600222214], [-1.3712729567201, 46.039341747981], [-1.3720788977654, 46.032155177051], [-1.3659284854243, 46.027268018796], [-1.3358134208014, 46.012041108959], [-1.3127603503815, 45.992975701298], [-1.2957631118509, 45.989021011393], [-1.2811865787963, 45.988409134288], [-1.2479197959851, 45.990418426217], [-1.236032979657, 45.98151962032], [-1.2354604124334, 45.968794257852], [-1.2420820613428, 45.957461306685], [-1.2297931152534, 45.944251359832], [-1.2290798225525, 45.933287072883], [-1.2337729337151, 45.927058615789], [-1.2235741052757, 45.913107194719], [-1.2064336016984, 45.901445384945], [-1.188429054638, 45.886745497166], [-1.1883892570962, 45.882604284253], [-1.2000379808165, 45.867288972841], [-1.2077101197588, 45.85034131532], [-1.1956190365959, 45.82969276273], [-1.2052089250964, 45.824572656016], [-1.217429755495, 45.813047230038], [-1.2364238849087, 45.80453236122], [-1.2456662479746, 45.821355001166], [-1.2502595149646, 45.845963455069], [-1.2592163284786, 45.868298982277], [-1.2661547831538, 45.878168876396], [-1.2875743906736, 45.894605091082], [-1.3380521527432, 45.917870413489]]], [[[-1.4439097820914, 46.213520554457], [-1.4220989041249, 46.204879920432], [-1.4042066055981, 46.203130836583], [-1.3638972806052, 46.207474893999], [-1.3476852125515, 46.202734923599], [-1.3222125679058, 46.187529767805], [-1.3079558339781, 46.190556844426], [-1.2910690463149, 46.186236068993], [-1.2742343920981, 46.160161159723], [-1.2567915781519, 46.160986989161], [-1.2761678172975, 46.147264631398], [-1.3047717732064, 46.142879010637], [-1.3216316554218, 46.14503661833], [-1.3274184383871, 46.14822687302], [-1.3549550613137, 46.15588643192], [-1.3709015663159, 46.167389183114], [-1.3895694731475, 46.175712081226], [-1.4616048806387, 46.202118585061], [-1.4746222599077, 46.202761956375], [-1.5059249533038, 46.194090752981], [-1.5353231579785, 46.204392826596], [-1.5438132194944, 46.219775891607], [-1.5614107739691, 46.237187235682], [-1.5614800452621, 46.245426793509], [-1.5410961547552, 46.243605472781], [-1.5235573630959, 46.251304814865], [-1.5143738942926, 46.25771379421], [-1.500577180767, 46.258182208227], [-1.4820147319539, 46.247190230382], [-1.4745480329933, 46.23325461767], [-1.4820134280193, 46.228634812137], [-1.4915224496683, 46.22912437982], [-1.4963233614182, 46.234948705937], [-1.5127175658592, 46.222324670773], [-1.5067150732904, 46.214570690055], [-1.4995344178725, 46.216647439156], [-1.4876936351453, 46.206896731453], [-1.4809035280913, 46.210026584191], [-1.4670590519219, 46.217438107669], [-1.4581989257469, 46.228670423688], [-1.4129379411055, 46.230133712834], [-1.4220417034491, 46.218167984195], [-1.4439097820914, 46.213520554457]]]]}}, {"type": "Feature", "properties": {"region_name": "M\u00c9DITERRAN\u00c9E"}, "geometry": {"type": "MultiPolygon", "coordinates": [[[[3.0388174616362, 42.731854400073], [3.0406344364503, 42.717464171238], [3.0354235158251, 42.678251792455], [3.0348448670056, 42.660160793544], [3.0374210506027, 42.623834642628], [3.045187180481, 42.594580128259], [3.0461959546139, 42.571621030681], [3.0496015552694, 42.550136565972], [3.0602531213169, 42.535571457297], [3.0820579326701, 42.531560165182], [3.0884117662963, 42.525558183092], [3.1091343781376, 42.52489266491], [3.1245047496547, 42.521008572288], [3.1335799243959, 42.512937683655], [3.125266856012, 42.502379897222], [3.1329574003536, 42.49727637329], [3.1301915393708, 42.485333147407], [3.1331140504699, 42.48125657057], [3.1530079401401, 42.477772687552], [3.1556347078439, 42.469619425916], [3.1624454541281, 42.464978147207], [3.1598953323874, 42.451898657834], [3.1673878928116, 42.448419269998], [3.1747892794105, 42.438690536519], [3.1732186031539, 42.434878294177], [3.1254604409588, 42.43468722687], [3.1207651976703, 42.438008576998], [3.1072768828596, 42.432657662278], [3.0983029144992, 42.424928915316], [3.0854409735932, 42.425513473771], [3.0573242267829, 42.446987385415], [3.049039409754, 42.455546175261], [3.0407584675862, 42.473141908956], [3.0198010082741, 42.470624644994], [3.0125732677896, 42.466522275456], [3.0009203931282, 42.472988789014], [2.9822385301958, 42.471613793793], [2.9689921527615, 42.465793999445], [2.9470281255671, 42.481796599661], [2.9302139076263, 42.472078747973], [2.924484683878, 42.458390971344], [2.9070949041858, 42.456950703603], [2.8920092453183, 42.461788700333], [2.8809448199987, 42.461172866792], [2.8727897478221, 42.467059299379], [2.8635181251783, 42.463685068523], [2.859676897177, 42.454572528495], [2.8414158207066, 42.458521817354], [2.8331700496324, 42.452804895516], [2.8271034160314, 42.439240137443], [2.8162952658984, 42.439738013572], [2.8031487735856, 42.428224313103], [2.7992434851571, 42.41857137482], [2.790949549749, 42.417857916921], [2.7769704769536, 42.411950189136], [2.7685368540735, 42.413430586275], [2.7531989854034, 42.4253608469], [2.7166720712852, 42.42122422902], [2.6945491255524, 42.407887936979], [2.6750400951504, 42.404970989064], [2.6714146160115, 42.387529592347], [2.6556398345705, 42.388430725188], [2.660742170663, 42.378153731227], [2.6611097557922, 42.365961556824], [2.6727185269299, 42.359466239204], [2.6760751446233, 42.351638965741], [2.6717703199325, 42.341177323897], [2.6559403579543, 42.341429322911], [2.6495298474086, 42.344118258289], [2.6178064323289, 42.345509163763], [2.5778257714722, 42.357932340651], [2.562716553225, 42.357067819912], [2.5573378574231, 42.354085820691], [2.5521719085286, 42.343319051918], [2.5400380013544, 42.333755393653], [2.5257604063048, 42.33364688988], [2.5003055444058, 42.342908435218], [2.4829568103055, 42.33964742313], [2.4675348479811, 42.358923606052], [2.4514681079426, 42.369203663978], [2.4454040688981, 42.36956863647], [2.4334669708382, 42.377094638841], [2.4354845211197, 42.388880175068], [2.4288205957426, 42.394335723771], [2.4167902772506, 42.392360477665], [2.3954903182362, 42.395121661663], [2.3899700764621, 42.398051030902], [2.3688351288602, 42.401165613258], [2.3491768366401, 42.406745263737], [2.3341179227016, 42.415651766886], [2.3253087868373, 42.417410301027], [2.3141335755949, 42.427849671933], [2.3069588238745, 42.428790247213], [2.2923849967665, 42.422976621044], [2.2738581951916, 42.432690437335], [2.2578039229724, 42.438353537568], [2.2466730218158, 42.429496737389], [2.2222325344186, 42.424592964147], [2.2010574502093, 42.41629050573], [2.1563381691629, 42.423423821077], [2.1313502035542, 42.413484336715], [2.114896793444, 42.394507212494], [2.1167685660168, 42.383217532845], [2.0916681165323, 42.374166894014], [2.0835932961683, 42.362697401901], [2.0723509915714, 42.364576641156], [2.0580021628496, 42.357888067271], [2.0234953451252, 42.355223026123], [2.0169227090321, 42.348686254163], [1.9859078905071, 42.362044583467], [1.980584938619, 42.369405890793], [1.971695415142, 42.373783371899], [1.9620597540182, 42.389876289524], [1.9607755007324, 42.403677303718], [1.9558602817575, 42.412475519734], [1.9582805852121, 42.424047755767], [1.9417250599361, 42.429661230654], [1.9430207870612, 42.44411210649], [1.9353061351198, 42.453582304437], [1.9166392735781, 42.446308629241], [1.8982681400083, 42.450058731348], [1.8854483131238, 42.449295307775], [1.8814265985157, 42.459710961468], [1.8683724263794, 42.465058824645], [1.8585449890657, 42.462680550073], [1.8469943350858, 42.470704743694], [1.8433611119041, 42.477147183315], [1.8346241667293, 42.481783546447], [1.8064207841596, 42.488451645516], [1.7950029277753, 42.486845300346], [1.7632599240148, 42.486844325683], [1.7461600305578, 42.49532036127], [1.7298892803686, 42.495327493594], [1.7258285070201, 42.503605106587], [1.7256472450279, 42.515034379784], [1.7343746270315, 42.535650381024], [1.7359462939386, 42.548521333167], [1.7411151935539, 42.557100349798], [1.7498796321903, 42.563587757319], [1.7699598880127, 42.564819783733], [1.7861298758203, 42.573623487381], [1.800999700616, 42.572397819345], [1.8192693018026, 42.579501861534], [1.8334569182939, 42.582739817452], [1.8557145165105, 42.58322866123], [1.8744788516217, 42.581409515841], [1.8742279234244, 42.590001308736], [1.8870814211318, 42.590550434192], [1.8919813333501, 42.594979956731], [1.9001799629623, 42.614904331366], [1.9072909860169, 42.608629529051], [1.9259284809876, 42.609220331127], [1.9361237389211, 42.605411191977], [1.9521185022163, 42.618306812711], [1.971753608035, 42.616917738425], [2.0005161638086, 42.661563048952], [2.0187871252783, 42.653420586628], [2.02903411415, 42.652957529531], [2.0545205344694, 42.663059183043], [2.0828721186904, 42.665789382917], [2.0958625941193, 42.664104385792], [2.1114677613897, 42.66602438992], [2.1198625508162, 42.669463714715], [2.1326197747187, 42.668366655895], [2.1512958319248, 42.661961816254], [2.1660488223224, 42.663917432789], [2.1674816196022, 42.673376591782], [2.1758766074869, 42.682791646952], [2.1678528137192, 42.696187020903], [2.1606300279024, 42.701123613621], [2.1406094709408, 42.70582111524], [2.1395519109111, 42.71229378372], [2.1270176793049, 42.716509230656], [2.0873246405121, 42.739333179139], [2.0862958088794, 42.751796313706], [2.0572091234374, 42.756222904226], [2.0423514687936, 42.746734851366], [2.0323055427977, 42.746594223398], [2.0254188897268, 42.738989255526], [2.0132744900391, 42.738369124152], [2.0079257545377, 42.73412313884], [1.9554004775238, 42.736704442421], [1.9424553009298, 42.746581205068], [1.9182615505133, 42.757409155918], [1.9081785403601, 42.767670627363], [1.9288394992032, 42.774948091707], [1.9169252616661, 42.78350434537], [1.8960901541122, 42.808667398867], [1.8692014277833, 42.815082423983], [1.8593817847995, 42.820804962781], [1.8602403431469, 42.827608292584], [1.8729010044834, 42.83589155119], [1.8750171229238, 42.84606877232], [1.8804691523907, 42.852666520642], [1.9456608008971, 42.856195612969], [1.9869222151088, 42.871007203276], [1.9810016845404, 42.87841643035], [1.9910671704996, 42.904641621976], [1.9875408762769, 42.917157059247], [1.9805767739427, 42.929578816015], [1.9338478606359, 42.939320639064], [1.936037298041, 42.951628828023], [1.9622253344282, 42.961140470724], [1.9802189219425, 42.959688363682], [1.9885860585978, 42.953374578941], [1.9991183826026, 42.955003012434], [2.0036244299195, 42.960482549519], [1.9853242058519, 42.966955184292], [1.9851357344142, 43.004594554874], [1.9695836475611, 43.007942793079], [1.9850967867381, 43.026271388398], [1.9849967014251, 43.032613312256], [1.9720976511514, 43.046611393848], [1.9586368389642, 43.050369497515], [1.9508584341989, 43.046590894868], [1.9411266925152, 43.052718110265], [1.9403303636833, 43.061716671606], [1.9452104401249, 43.066549790409], [1.9638549172992, 43.06917736292], [1.9497271826879, 43.080024986538], [1.9557697173495, 43.085445578423], [1.9506935999843, 43.102254614249], [1.9494734751292, 43.11949081683], [1.9177421166021, 43.133234660517], [1.9023329243618, 43.130253440677], [1.9018860600783, 43.124357874809], [1.8809180435515, 43.126794944692], [1.8804018658747, 43.14153210392], [1.8561936135101, 43.145320584408], [1.8520774929174, 43.160513521664], [1.8436090403584, 43.157599334299], [1.8482001028058, 43.145922753518], [1.8247771300982, 43.145813043369], [1.8069320952074, 43.155501460795], [1.7778084523523, 43.160753591375], [1.7478461517093, 43.175363704104], [1.7435831558346, 43.182725893946], [1.7354358287353, 43.185789204059], [1.7100614045293, 43.189696294172], [1.7099424228066, 43.200585571526], [1.7255156257731, 43.211942040675], [1.7208867336366, 43.218745125508], [1.7238477981704, 43.224522495613], [1.6997831731081, 43.243827772182], [1.7007546159588, 43.260536148347], [1.6884233932357, 43.273554672371], [1.7059158532707, 43.28535876201], [1.7145108961303, 43.294682139948], [1.7041377368756, 43.302727433716], [1.7264517578662, 43.313558549895], [1.7358104191158, 43.314195591755], [1.7340683428468, 43.323055197932], [1.7238177566678, 43.329745464099], [1.7477265133075, 43.343736431882], [1.7589974639475, 43.345684622995], [1.7718387739464, 43.33715262084], [1.7747537463174, 43.34243454001], [1.7861676084759, 43.344942024922], [1.7969705125778, 43.340562392875], [1.8134239904389, 43.341407194984], [1.8166266244975, 43.349384816053], [1.8042786321114, 43.358580811058], [1.8062699140989, 43.380008857731], [1.8040809598206, 43.391685663532], [1.8098202342584, 43.394499387758], [1.8226596085892, 43.393339649196], [1.8171490943613, 43.409875231664], [1.8260977029306, 43.418114375667], [1.8432501603618, 43.419263434784], [1.8474991105402, 43.426704637628], [1.8429498236949, 43.432545015031], [1.8530463693539, 43.43726360404], [1.8587392319179, 43.443822651373], [1.8718099152709, 43.438110220087], [1.8833159335668, 43.424394923053], [1.8949983598871, 43.418625938245], [1.9030812461654, 43.406484362121], [1.8960817399884, 43.396442502675], [1.9086159183678, 43.396268158977], [1.9100983791881, 43.404056676343], [1.9208426857426, 43.413148027424], [1.9190398691635, 43.419373275391], [1.9295264375351, 43.422772232704], [1.949447182419, 43.419590573873], [1.9563869984965, 43.425420417265], [1.9681332504295, 43.417407513183], [1.9751843574489, 43.418256313419], [1.9882945357382, 43.407609041004], [1.995617116255, 43.411730410053], [2.0113607846882, 43.414767844117], [2.0207368926519, 43.423193392374], [2.0312013013995, 43.419350322258], [2.0392629517166, 43.424279689382], [2.0291341188294, 43.436895277153], [2.0531291058482, 43.430203153623], [2.066365605718, 43.411113686999], [2.0727969810099, 43.395690514022], [2.086671283238, 43.398779217594], [2.110382625502, 43.39595635372], [2.1335608464159, 43.40356043581], [2.1407815147228, 43.404247749359], [2.1594556186559, 43.415531590815], [2.171548492892, 43.415775006477], [2.1877018669943, 43.393900936651], [2.2028556152946, 43.386693811362], [2.215023822395, 43.383508824887], [2.2252355421611, 43.39729608099], [2.2297838407245, 43.410169660932], [2.2229731201607, 43.419302330127], [2.2241702265958, 43.431765391026], [2.2404078352143, 43.440294444075], [2.250998241094, 43.449381408091], [2.2591017375848, 43.459927734352], [2.2820110776793, 43.441222270986], [2.3029806665229, 43.447935084107], [2.3113702716933, 43.441548673638], [2.3312654102165, 43.437946745339], [2.3510335480095, 43.431916671343], [2.3672075625877, 43.423222447693], [2.3771444963265, 43.423399693102], [2.3913458849515, 43.418930753382], [2.4036354484854, 43.418668029268], [2.4069710225399, 43.424831119141], [2.4331067416938, 43.435174281522], [2.4583054839336, 43.433107071969], [2.473998212403, 43.436557283321], [2.4968512219793, 43.436930315048], [2.4973981397447, 43.433963920582], [2.5192290328736, 43.423576425204], [2.5515253933938, 43.424964573472], [2.5657824745312, 43.422957925066], [2.5840785671228, 43.425524480755], [2.5901376675255, 43.429563678533], [2.6060762155363, 43.431097353655], [2.6093386865917, 43.440409050201], [2.6201477651364, 43.441423623131], [2.6461799185216, 43.459128324826], [2.6378726798682, 43.465226848944], [2.6477479384405, 43.46889502584], [2.6646131742074, 43.463621465253], [2.6679938118926, 43.470045739812], [2.6595374969188, 43.48016534963], [2.6549028733756, 43.496866257055], [2.660197072431, 43.503196229293], [2.6586451413796, 43.525794979317], [2.6278174705033, 43.551599708027], [2.6156009876353, 43.566636032386], [2.631783900316, 43.584146522163], [2.6275661079079, 43.590933474599], [2.6146368129343, 43.599858204147], [2.6280316578289, 43.614603664441], [2.6352029674453, 43.625770020949], [2.6432649887562, 43.650141667656], [2.6538560490336, 43.649167216547], [2.6855446430858, 43.651325814028], [2.7111682176412, 43.645600379862], [2.7240271983999, 43.639996556656], [2.7389591104087, 43.630225717137], [2.7435418358694, 43.622064780506], [2.7545198343058, 43.614140577604], [2.7672355905264, 43.61724579423], [2.7758876987511, 43.623236718731], [2.7948563475217, 43.624431292653], [2.8159223190021, 43.640061402207], [2.8292347639089, 43.638059497972], [2.8402202097763, 43.642531059545], [2.8574751278235, 43.643382854664], [2.874245630292, 43.647265454371], [2.8789777619922, 43.65668899636], [2.907351068949, 43.654226226268], [2.9159852376449, 43.660020748267], [2.9197550319868, 43.680701165204], [2.9185719132589, 43.686154965245], [2.93545676901, 43.694665082071], [2.9465514566703, 43.69294074079], [2.9598110947795, 43.699399971151], [2.985354094531, 43.708518052513], [3.0094758861697, 43.701898593858], [3.0194605989081, 43.695490521581], [3.0334550457498, 43.692056102371], [3.0437823067902, 43.696691915948], [3.0607467059948, 43.693073684319], [3.062401328145, 43.702474103432], [3.069161341669, 43.70684228008], [3.056150266167, 43.717771930329], [3.053062578971, 43.746187838209], [3.0565260080024, 43.755307021132], [3.0684631726792, 43.756809234459], [3.0758854246252, 43.768517815391], [3.0657566296832, 43.774015383743], [3.0570585259457, 43.78263654452], [3.0555494622909, 43.792897708039], [3.0494059238588, 43.803825230583], [3.0602887615428, 43.809425149222], [3.0598597029877, 43.831644678221], [3.064904986059, 43.835565364534], [3.0871396285341, 43.835566967207], [3.1083746364905, 43.828954358627], [3.1291898204361, 43.816936067597], [3.1507104327409, 43.813766023316], [3.1580394141965, 43.817584693294], [3.1776878112357, 43.813838787452], [3.2031142100103, 43.813872681737], [3.2226912752071, 43.817777799078], [3.232134595149, 43.826137964263], [3.249039481107, 43.829579698488], [3.2510907532261, 43.842076507358], [3.2401209483517, 43.849238408157], [3.2344573700191, 43.857562353474], [3.2362244765786, 43.866546056431], [3.2430727112119, 43.875182911547], [3.2542327682907, 43.876752165048], [3.2603747807982, 43.883002113882], [3.2631323492161, 43.89279670985], [3.2750747460719, 43.89835141161], [3.2868926131443, 43.893275030194], [3.2954140626944, 43.895074688924], [3.3200536423899, 43.891011308338], [3.3425730593674, 43.894194468074], [3.3402696244377, 43.901731512332], [3.3583619084885, 43.913829285364], [3.352251546542, 43.929514741403], [3.3515992526365, 43.938039511601], [3.3559729058863, 43.946168277298], [3.375642576892, 43.956010269674], [3.377150274913, 43.966974047152], [3.3986628813639, 43.96772840409], [3.405494605868, 43.970269140751], [3.4186990670418, 43.993551717916], [3.4391614779864, 43.998039885422], [3.4458276845789, 44.004545160927], [3.4507554815828, 44.020787284367], [3.4211719681434, 44.038539216118], [3.4008249480855, 44.04327053535], [3.3901444043775, 44.053499221204], [3.3787941195253, 44.053878388731], [3.3681320672501, 44.057846083439], [3.3518362676391, 44.050202625217], [3.336999456788, 44.062128764148], [3.3289141381381, 44.079025392535], [3.3183631084637, 44.079075467836], [3.3084740785456, 44.070424721299], [3.2989038258849, 44.068666494351], [3.2905869474847, 44.071706686695], [3.2628340569911, 44.094041936297], [3.2930621216086, 44.105349947563], [3.3079202652498, 44.105128295087], [3.3210491311873, 44.109480171818], [3.3243954092282, 44.115339574608], [3.3202959752665, 44.135904522063], [3.330219307158, 44.142163857886], [3.3360552391264, 44.158673278061], [3.3736480685005, 44.170759472387], [3.3722574402673, 44.180111605641], [3.3623083641294, 44.188257426713], [3.3577957669957, 44.197913146727], [3.3391826316079, 44.202751760551], [3.3123376202084, 44.203071755455], [3.2950065737753, 44.206938814455], [3.2847604708491, 44.199421266759], [3.2620383777632, 44.199513868063], [3.2403288585343, 44.19083537067], [3.2066091665582, 44.189931038205], [3.2227886841663, 44.209610502596], [3.2298513180005, 44.226251406383], [3.2235353426493, 44.230170001588], [3.1956785894385, 44.240868744621], [3.184224712712, 44.247476467225], [3.1638192967351, 44.243869641892], [3.1572068425878, 44.250245796267], [3.1599553535076, 44.258596699063], [3.1540845204064, 44.273172636192], [3.143570712599, 44.274014987734], [3.1383625050444, 44.264142835763], [3.1241560155353, 44.260325302915], [3.1252325845717, 44.284463569435], [3.1542553794088, 44.308367530555], [3.146528556073, 44.320565113439], [3.1517097885451, 44.332414822245], [3.1339016413735, 44.332987029876], [3.1275801635609, 44.347699429055], [3.131975205783, 44.357172903459], [3.1211237751057, 44.361882416935], [3.1225802362026, 44.376236624007], [3.1197174609736, 44.383381712586], [3.128709404669, 44.389778090383], [3.1405520936589, 44.392614462133], [3.1373105135272, 44.408125009251], [3.1267160037072, 44.413956480342], [3.1417277675188, 44.428457291816], [3.1360486132034, 44.44476332926], [3.1357398668406, 44.454869326281], [3.1246425493523, 44.461312563753], [3.117144504438, 44.4739200421], [3.1013824675044, 44.47951694497], [3.0774798083215, 44.49407023418], [3.0685440473718, 44.503492403034], [3.0765891765907, 44.518061677636], [3.0747004023127, 44.533148056751], [3.0835939007747, 44.559017095166], [3.0759029843264, 44.572972781335], [3.0604239335947, 44.579596428744], [3.0501049511157, 44.590500887925], [3.0331802950598, 44.596905346963], [3.0214179128995, 44.608930242405], [3.0123078930023, 44.621912456139], [2.981675726654, 44.644673011362], [2.981760369824, 44.651994919411], [2.9985742640224, 44.674442966678], [3.0160122019676, 44.713692453341], [3.0251405593834, 44.716097238134], [3.0391236076168, 44.714995724501], [3.0353535096078, 44.727206782516], [3.028416597051, 44.73255744411], [3.0310731845345, 44.749413959606], [3.0422427573327, 44.75938114179], [3.0503924394573, 44.779809366102], [3.0457487033386, 44.799052030765], [3.0615217992797, 44.817172380452], [3.0768587089093, 44.824410436955], [3.0714754944234, 44.834124974928], [3.0994806863618, 44.833584813393], [3.1001211680904, 44.844373808687], [3.0953252337809, 44.85208399024], [3.1050371687709, 44.86639509115], [3.1054945101096, 44.886774806731], [3.1229128915544, 44.892733396595], [3.1283803710941, 44.903578216134], [3.1410977876348, 44.903315197313], [3.1531732734567, 44.893017216949], [3.1690213470506, 44.874091478783], [3.1823170380273, 44.863735423357], [3.1991804637825, 44.874642009283], [3.2159619013053, 44.875041006609], [3.2252942367053, 44.882045162686], [3.2323433112231, 44.891622050737], [3.2269844428022, 44.897602452938], [3.2278135177439, 44.909928387989], [3.2496887102206, 44.916235200562], [3.245167534381, 44.93480347612], [3.2595403854401, 44.942429341236], [3.2615217326405, 44.932067820131], [3.2713373103277, 44.927600109493], [3.2860179111885, 44.926382028761], [3.2973059946128, 44.935604538605], [3.3379420512705, 44.955906998959], [3.3545315434466, 44.9548199209], [3.3613476310625, 44.971408091786], [3.3703185777492, 44.96998390468], [3.3713550433617, 44.960250089988], [3.3863677767162, 44.952742049715], [3.3969930219391, 44.958577768116], [3.4045530849223, 44.956400427592], [3.412832200087, 44.944841611062], [3.4149529202982, 44.932631887178], [3.413833246774, 44.919859843574], [3.4192590880448, 44.908428284947], [3.417976841379, 44.900767433551], [3.4357050101121, 44.88024496334], [3.4386254407679, 44.86082184192], [3.4416742987403, 44.854449680958], [3.4541989644633, 44.844563734203], [3.4570624789322, 44.833777540962], [3.4757711698307, 44.815370629667], [3.478809589921, 44.809446829457], [3.4909959832186, 44.808474309867], [3.4948664240388, 44.815405935965], [3.5056459727137, 44.823846663279], [3.5397515164373, 44.828176022752], [3.5615758039452, 44.824976812591], [3.5638205108562, 44.832831791958], [3.5745418907117, 44.83460991769], [3.578465058473, 44.825696757681], [3.5893552432085, 44.832194014444], [3.5920659249124, 44.84796463101], [3.5980348128056, 44.859504969144], [3.5943335024029, 44.875433384901], [3.6082755428246, 44.879331218549], [3.6147496711134, 44.874174272057], [3.6264517258551, 44.880253899231], [3.6423461696965, 44.878382169756], [3.6595224161061, 44.86994134545], [3.6704785324924, 44.850864431429], [3.6718167758914, 44.843382404889], [3.6574209674758, 44.836124356852], [3.6663623630222, 44.828776303359], [3.6954389564378, 44.830958625259], [3.7003857822671, 44.836813194859], [3.7228844822867, 44.830986703517], [3.7406494702404, 44.838697356604], [3.7526807081682, 44.82097908395], [3.7624285152172, 44.810666360605], [3.7587613653652, 44.805576543778], [3.7794867433517, 44.79731064671], [3.8032312316337, 44.781579343618], [3.8033308935883, 44.770414179887], [3.8121315885881, 44.766032837865], [3.8198835993274, 44.772685233514], [3.8301463157408, 44.775710594028], [3.841603226393, 44.772129900378], [3.8428722625525, 44.767659869676], [3.8304555521813, 44.756161500223], [3.8365590308337, 44.747847636802], [3.8625310211191, 44.743866105932], [3.8754615107331, 44.740626944691], [3.8762993159981, 44.731800448649], [3.8677916785686, 44.728142672276], [3.8615128126047, 44.71201694644], [3.8718913936808, 44.705396507123], [3.8696426954409, 44.696962680173], [3.8845476207292, 44.697347879776], [3.8732699495096, 44.678201691122], [3.882909471786, 44.660088831897], [3.8947423692172, 44.651129115275], [3.8926148288923, 44.623030105672], [3.8985315708048, 44.613411802763], [3.9083038945979, 44.606615580322], [3.90517074571, 44.592708958301], [3.9191671077331, 44.585245092622], [3.9207367872473, 44.575746388916], [3.9284831974258, 44.569998826159], [3.9451514993013, 44.573790000095], [3.9608749832371, 44.554803732187], [3.9657451606381, 44.537497086144], [3.9753657955514, 44.523650580786], [3.9766536412959, 44.516689836275], [3.9837035025138, 44.510167633816], [3.9873321701777, 44.499162516354], [3.985747412107, 44.487924045953], [3.9875441966947, 44.473361271665], [3.9981617468281, 44.459798467391], [4.0149839677909, 44.454514219975], [4.0232058055546, 44.445573236432], [4.0375991394785, 44.445719563488], [4.0464583808932, 44.432710617884], [4.0354823981467, 44.420090870159], [4.0561040289114, 44.414335993335], [4.0684449498584, 44.405111736232], [4.0572129135807, 44.393348439495], [4.042468868612, 44.39464402593], [4.0437442732688, 44.384550041392], [4.0529853320038, 44.378694159984], [4.055527118005, 44.365626171449], [4.0531535999561, 44.340968920772], [4.0450038312264, 44.333082309228], [4.0368667860025, 44.330771008666], [4.0514566440182, 44.317321809072], [4.0716270663138, 44.327298770679], [4.1039911697566, 44.333899706452], [4.1125125628157, 44.329490022147], [4.1267455749949, 44.337730884113], [4.1403038447089, 44.327883881292], [4.1428714788751, 44.313351716383], [4.1548869300058, 44.31262212801], [4.1777450676527, 44.317879259785], [4.1867071328058, 44.29968541211], [4.2164426737394, 44.288852848267], [4.2413235022379, 44.270096446791], [4.2588499153827, 44.264783733394], [4.2766179866697, 44.274252680812], [4.2894096266193, 44.293214668623], [4.2884228053033, 44.31465771441], [4.3044280048901, 44.315234251029], [4.3217239441113, 44.323989000128], [4.3360706324228, 44.339519174094], [4.3667775642003, 44.339497579716], [4.3865260888309, 44.346613937013], [4.3941986915176, 44.345264673242], [4.4032085466386, 44.333895573125], [4.3907812808888, 44.303051306396], [4.3934072251798, 44.293647114857], [4.3989780395897, 44.288943564372], [4.4218910835178, 44.287324346637], [4.440502356745, 44.284053476816], [4.4506900513602, 44.297286859459], [4.4492717103226, 44.304914782152], [4.4508857895897, 44.33261714008], [4.4576163712243, 44.341635623893], [4.4761161664256, 44.34074524217], [4.484186331178, 44.337581914669], [4.503538697272, 44.340187516986], [4.5178637257565, 44.329927083074], [4.5326208269687, 44.32252533633], [4.5444682300368, 44.320766940178], [4.5586960480886, 44.302442886009], [4.574187229155, 44.300751054654], [4.5869814679806, 44.29459622458], [4.6068181251102, 44.290471804776], [4.6181459353598, 44.278542099268], [4.6288231783395, 44.284004141308], [4.6380600403344, 44.282964739036], [4.641962943496, 44.273967232879], [4.649227423465, 44.270359808636], [4.653662160064, 44.297280366126], [4.6506111734968, 44.329803148128], [4.6790253292764, 44.320490236187], [4.7130169314739, 44.320649375535], [4.7201274920268, 44.326711236709], [4.7622549890071, 44.325381622419], [4.7825467521402, 44.315582694107], [4.7991000020835, 44.303525444918], [4.8028804076615, 44.296593704504], [4.8052938582648, 44.268723026395], [4.8126620207402, 44.257716427139], [4.814089831112, 44.232314781729], [4.8266501157802, 44.228322408488], [4.845368774508, 44.241470533268], [4.8737563985909, 44.25925825523], [4.8961483935046, 44.264431155121], [4.9060631576886, 44.260294315057], [4.9175325402435, 44.260348620291], [4.935492573713, 44.264314996193], [4.9598922113805, 44.274192870866], [4.9814530758182, 44.284833474448], [5.0069116240356, 44.287554489231], [5.0218466033995, 44.295587171529], [5.0384946811178, 44.299637776655], [5.0605607254823, 44.308137131551], [5.0765144884036, 44.284084169033], [5.1078521429136, 44.280398126188], [5.1214657621262, 44.287480229186], [5.1546757377907, 44.301844910979], [5.1524172226752, 44.307683682999], [5.1664353137721, 44.314853482023], [5.1726899918655, 44.309391119528], [5.1672051148975, 44.292050008972], [5.1497309928727, 44.282086494235], [5.1474716753569, 44.269525185767], [5.1571364176122, 44.267225182448], [5.1615500254058, 44.245588822308], [5.1516592069293, 44.23772859876], [5.1548996659898, 44.230941470835], [5.1735074807317, 44.2219664549], [5.2046138867346, 44.215116852293], [5.2381459551442, 44.213233409548], [5.2404514324301, 44.230825507739], [5.2565049248197, 44.230055506], [5.2911909842134, 44.214933969307], [5.3037098672957, 44.206011143284], [5.3183111725222, 44.209869282984], [5.336784174291, 44.20389269414], [5.3540415690827, 44.213431973111], [5.3845269211658, 44.20104933819], [5.3830416498971, 44.198796138337], [5.3864765223646, 44.1769070133], [5.3832371388833, 44.155284811726], [5.3905234132549, 44.1534251894], [5.4357509062277, 44.152249650949], [5.4369459430348, 44.142812945214], [5.4472805287304, 44.135994708471], [5.4492512328028, 44.124591922526], [5.4547151332789, 44.119226133429], [5.4987864391759, 44.115716677493], [5.5048243383524, 44.116270397321], [5.5197573760784, 44.126616149895], [5.5329588653579, 44.130053463575], [5.5439848356077, 44.136389912148], [5.5513311325106, 44.149791971653], [5.5695065039633, 44.148099520416], [5.5829754941585, 44.157625987959], [5.5643706424911, 44.170901794193], [5.5761919645305, 44.188037035508], [5.5962058311559, 44.187648959302], [5.6020555143928, 44.191496296599], [5.6162160024561, 44.181069460057], [5.6395945851702, 44.167581524], [5.6311399737751, 44.150576623162], [5.65770809672, 44.147529418679], [5.6679496679388, 44.148873764468], [5.6786089032088, 44.146091300526], [5.6827091460673, 44.163217461898], [5.6626325073952, 44.16686426058], [5.6469586945897, 44.166287300205], [5.6436911140627, 44.172641360479], [5.6522929653271, 44.185411124162], [5.6515861240321, 44.189572730485], [5.6760358633349, 44.191428664539], [5.6864432188187, 44.197157935534], [5.6760207339785, 44.212146588276], [5.6813154432669, 44.232890979586], [5.6726438758953, 44.245665214395], [5.6753443584242, 44.258110993228], [5.6865615009091, 44.266921017987], [5.6752912853484, 44.275852112257], [5.6467811994158, 44.267088776629], [5.6332659808825, 44.282119871541], [5.6377527896773, 44.29968895608], [5.6079060792589, 44.306669558882], [5.6138324838557, 44.316139439714], [5.6315982014425, 44.32830571643], [5.6269152221035, 44.334764537726], [5.6171385399181, 44.332478533509], [5.5868917748447, 44.332226010325], [5.5738598675994, 44.333940368466], [5.5491114786402, 44.330396465555], [5.5373655887575, 44.333521248655], [5.5398634524253, 44.342637263297], [5.5135447821727, 44.347485508397], [5.4930701487957, 44.337173950444], [5.4824720338071, 44.349605960068], [5.4679488171996, 44.352676849629], [5.4629658844687, 44.367052180352], [5.4344154288602, 44.36962646376], [5.4351137570212, 44.37707693084], [5.4423608910239, 44.381659799255], [5.4430201938352, 44.391233871018], [5.434309527365, 44.409479438419], [5.422756262532, 44.416770650479], [5.4185330627929, 44.424944615913], [5.4338571063313, 44.433224179441], [5.4507590745848, 44.430873511581], [5.4764846044694, 44.419722107544], [5.4865672289608, 44.429310933518], [5.4936153322299, 44.428217653577], [5.496803836369, 44.438493779503], [5.4644276220352, 44.447890408205], [5.4640494490072, 44.457360043051], [5.4587312484193, 44.466142946772], [5.463575747607, 44.480512627606], [5.4569314822479, 44.496235778443], [5.4653894088793, 44.500459334817], [5.4735960069771, 44.498568843239], [5.479877306738, 44.491243239804], [5.5133416154223, 44.491125991349], [5.5447008857046, 44.482537575762], [5.5624010016641, 44.474853738869], [5.5703041972283, 44.476754841678], [5.5792007067241, 44.471686064395], [5.6036448321495, 44.465542446118], [5.618123153083, 44.474812657295], [5.6297876074114, 44.501187043038], [5.6526558596497, 44.499962952183], [5.6645041823511, 44.501894932126], [5.6531427146706, 44.514831250068], [5.630802337654, 44.531597332459], [5.6149927369414, 44.532817987531], [5.5972525723721, 44.543273639184], [5.5997980521304, 44.553941311612], [5.6070190339977, 44.568348424227], [5.6257986898421, 44.586275880643], [5.6274790368545, 44.594965971046], [5.6475161192881, 44.612808143065], [5.6496311179712, 44.617884606434], [5.6403729488497, 44.633825447345], [5.6417177024073, 44.65107732796], [5.6544567435058, 44.655393257217], [5.6593597358465, 44.650663453626], [5.6853621391431, 44.649596345809], [5.7260329075738, 44.639393999475], [5.7358025109287, 44.640415596891], [5.7360131774513, 44.649510358823], [5.7511047252626, 44.648611621404], [5.748257168346, 44.655090844363], [5.7539428619931, 44.662710867987], [5.7666311555846, 44.655266851559], [5.790623681681, 44.653292905762], [5.8064797515589, 44.677181975541], [5.8246351320469, 44.685278024621], [5.8294720463131, 44.692425284611], [5.8271099006445, 44.700288039663], [5.8014699513145, 44.706777613167], [5.8087945811456, 44.712101632921], [5.8177724444737, 44.730405199263], [5.8277714297865, 44.740086051546], [5.8270981940509, 44.759688387455], [5.8371577512142, 44.757677183301], [5.8503937497009, 44.750747373326], [5.8652264931802, 44.75155204943], [5.8794954997212, 44.747015345674], [5.8888310649581, 44.748803778249], [5.900149637893, 44.758315310611], [5.9152344231519, 44.754703072251], [5.926812494728, 44.757135657325], [5.937984096823, 44.763046424986], [5.952471613503, 44.76214052281], [5.9555147438847, 44.772449015839], [5.9801493330969, 44.781181602373], [5.9777793189449, 44.790983738721], [5.9537639530916, 44.799525853781], [5.9495216336669, 44.804527356596], [5.9781993713916, 44.818035522208], [5.9961657258664, 44.81787407617], [6.0048600553234, 44.820439050514], [6.0159331963205, 44.835485814051], [6.0302157011626, 44.838097758941], [6.0402065129253, 44.827867468677], [6.0563403817425, 44.815907431783], [6.0653153781591, 44.82268480473], [6.0965156572897, 44.837489421771], [6.1007058869493, 44.84257849233], [6.1166725017074, 44.849313192704], [6.1283556561161, 44.861901713563], [6.1362266704196, 44.864071820118], [6.1490188906075, 44.858169876067], [6.1684510585274, 44.852242761941], [6.1852192319643, 44.853991864943], [6.1963759402105, 44.858978334449], [6.2243745547304, 44.852494101643], [6.2505425682344, 44.852650516632], [6.2581706057376, 44.86248397325], [6.2677561761734, 44.86950109295], [6.2882129459689, 44.874030533685], [6.302850434726, 44.873257969643], [6.3192302042703, 44.85684625453], [6.3363165518362, 44.848370410548], [6.3553625022057, 44.854775353601], [6.3507779137165, 44.881204072575], [6.3581697523493, 44.893778946012], [6.3546140951868, 44.923593300625], [6.3588423781754, 44.941280796729], [6.3290046114892, 44.947315364095], [6.3229180108318, 44.953019839313], [6.3285012874077, 44.969714464603], [6.3148100239742, 44.980185922577], [6.3196573396763, 44.994552811249], [6.3182021615637, 45.003859362058], [6.2970615457571, 45.003365126963], [6.2696990840472, 44.998351365091], [6.2517609476002, 44.996700081455], [6.2039233205269, 45.012471073947], [6.2063284689408, 45.026782796498], [6.2200802599652, 45.065369735518], [6.2401205372094, 45.06771808518], [6.2358324302027, 45.087232804381], [6.2296723977867, 45.100589085615], [6.2293919345611, 45.108749945384], [6.2438305270389, 45.117298075856], [6.2544936755586, 45.120790168264], [6.2605698000566, 45.12684420383], [6.275502630793, 45.115299423706], [6.2862810761543, 45.110160822134], [6.3019155994585, 45.108954317068], [6.3312951655489, 45.118123866818], [6.3344836229796, 45.122836461323], [6.3629265157708, 45.104492035764], [6.3735310876429, 45.084151804143], [6.365073385182, 45.071290490956], [6.3939107242634, 45.0618177275], [6.4002434258614, 45.063261148419], [6.4385899722107, 45.06258734764], [6.4433986588263, 45.055077367768], [6.4535295918669, 45.051837207667], [6.4728883939578, 45.056011644618], [6.4862360357216, 45.056075754404], [6.4893378703322, 45.068353912844], [6.4812555476638, 45.094138953543], [6.4995275838537, 45.10159781596], [6.5104239586159, 45.108998029314], [6.5297109874994, 45.0985691169], [6.556730767951, 45.104079390462], [6.5630788445458, 45.11303936929], [6.5765291374542, 45.123092743765], [6.5906851893034, 45.119010630972], [6.6155462835465, 45.121477875934], [6.6299923020059, 45.109324963809], [6.6274839517535, 45.101215174371], [6.6454471568466, 45.085321118769], [6.6452449110874, 45.075644489098], [6.6621102280893, 45.071636240322], [6.6619665564343, 45.054254651103], [6.6697329651003, 45.041528589974], [6.6642057859606, 45.033852692689], [6.6738842245217, 45.019618440205], [6.7208749671212, 45.021947970161], [6.7408121549644, 45.016732773834], [6.7455184581155, 45.012636232743], [6.7511816747145, 44.997554388257], [6.7376368487818, 44.991489847333], [6.7487248532957, 44.985300837089], [6.7500991466522, 44.979004278299], [6.7634620292171, 44.971216274205], [6.7649436361829, 44.959669769983], [6.7530762964187, 44.942964787789], [6.760454851589, 44.933557259798], [6.7509575667282, 44.924736641884], [6.7497507150819, 44.907359345497], [6.7707561827724, 44.903356119918], [6.778831730714, 44.895247653895], [6.7997873639988, 44.885790632096], [6.8040834784844, 44.877494910069], [6.8286189375326, 44.867936372769], [6.8365561972179, 44.862113162368], [6.8598658043828, 44.852903429339], [6.8837432066014, 44.847958551328], [6.9137650533034, 44.845420317518], [6.9277645236266, 44.859966074683], [6.9336859786803, 44.862026116862], [6.9536880142387, 44.855488865035], [6.9726101112827, 44.846235246901], [6.9838519381402, 44.845869843048], [7.0067725151035, 44.839316013319], [7.0093160771169, 44.826729413865], [7.0217860677102, 44.821493498314], [7.0182872220085, 44.812302571705], [6.9995699130659, 44.789443859689], [7.014173059144, 44.780240783682], [7.0247448800861, 44.762381967485], [7.0217840296699, 44.753151161226], [7.0237266250912, 44.741017074034], [7.032722682298, 44.727849112916], [7.043680201538, 44.71814154062], [7.0657832187637, 44.71360393024], [7.0663991317632, 44.707135672178], [7.0741932187631, 44.69248281361], [7.0771048243018, 44.680914951343], [7.0597229739436, 44.679959761356], [7.0370906551502, 44.689271101061], [7.0237344527351, 44.691300223227], [7.0063373453242, 44.68821962595], [6.9870611832936, 44.690137664959], [6.9763421453374, 44.681204625623], [6.9626468064561, 44.677766961935], [6.9483326980915, 44.654818187455], [6.9545132491635, 44.636224928214], [6.9668199032047, 44.625347388492], [6.9507674204422, 44.619841837282], [6.9449335028933, 44.605789563959], [6.9383975462678, 44.603747763937], [6.9327380313786, 44.592705761063], [6.9335092809034, 44.5759534554], [6.9219454035638, 44.570243826413], [6.9132069817362, 44.558829270084], [6.876030406824, 44.55015646598], [6.8698392887424, 44.536836939535], [6.8584936249176, 44.534359207877], [6.854014437248, 44.52912511427], [6.8612281786649, 44.503421026182], [6.8819639305182, 44.477256328072], [6.9063376727978, 44.466843845236], [6.9110962932443, 44.452367703384], [6.9371328757365, 44.438869491063], [6.9445579172439, 44.432057527562], [6.9239709413721, 44.422877906287], [6.9179670246858, 44.427399028125], [6.9028825840578, 44.420453193274], [6.8928683040571, 44.420779824329], [6.8956192908931, 44.40850443666], [6.8943641862255, 44.397964299149], [6.8965054422432, 44.374301434879], [6.8874351607458, 44.361051257141], [6.9039405145375, 44.358363946255], [6.922408948521, 44.348259672782], [6.9264745551235, 44.334748792521], [6.952951586736, 44.317556187214], [6.9606383114524, 44.308313554754], [6.956527244135, 44.298637866463], [6.9746845616164, 44.284947324084], [6.9818271258487, 44.286410035391], [6.9934466941361, 44.280889629925], [6.9961055050865, 44.274898557636], [6.9971354940846, 44.251969663265], [7.008058899486, 44.236434519326], [7.0236065351574, 44.234002611242], [7.0309527146887, 44.227886412564], [7.0423543174862, 44.225341715295], [7.071038657434, 44.232947084937], [7.0875099114445, 44.228292359933], [7.0956034766404, 44.220998156705], [7.1122287931144, 44.217330653519], [7.1410513675592, 44.200999432021], [7.1597408386494, 44.20620668921], [7.1889131681001, 44.197800735913], [7.1936149196336, 44.187096791929], [7.2077263762825, 44.179359647414], [7.2188636397203, 44.168943578203], [7.2330706376379, 44.171847122805], [7.2433604024762, 44.16824934948], [7.2485713354452, 44.158510912489], [7.2627871994961, 44.148031915773], [7.2819657633804, 44.143448609313], [7.3094385951796, 44.145823690919], [7.319723239617, 44.142984830429], [7.3441996623578, 44.145160179669], [7.3486515313978, 44.132703415252], [7.3560379859181, 44.120862631994], [7.3678650497535, 44.116393672544], [7.3862710914984, 44.123786171069], [7.402623982354, 44.120705927946], [7.4269527801501, 44.112874801646], [7.4299229881381, 44.12780018313], [7.4353553212408, 44.12936252164], [7.457603190617, 44.126386684548], [7.4877154419517, 44.135762163943], [7.5057396587933, 44.143648852302], [7.520182785703, 44.137674317137], [7.537290343427, 44.145959889905], [7.5567907106942, 44.146921089934], [7.5730685064726, 44.152945056661], [7.6145604124219, 44.149672411542], [7.6272700685025, 44.158689779815], [7.6300545159959, 44.170243633498], [7.6366204125639, 44.177106922757], [7.645279607809, 44.177974572433], [7.6845890381135, 44.174017398395], [7.6809496805966, 44.164264593246], [7.6708532380976, 44.153736855882], [7.6785361248798, 44.145890169308], [7.6665952665469, 44.130757105938], [7.6745231655973, 44.117978245486], [7.687962616314, 44.110091318983], [7.6966096855559, 44.097734290199], [7.7119543533479, 44.088263855715], [7.7169378581589, 44.081762896271], [7.7140726367423, 44.065430655301], [7.7040230585525, 44.0525085058], [7.7000270318339, 44.040791675149], [7.6898090293654, 44.039470511681], [7.6782822841591, 44.03329165478], [7.6649824687263, 44.030663880807], [7.6618347607452, 44.017913762433], [7.6702052888494, 43.998468338078], [7.6485982666394, 43.974109522666], [7.6401015316808, 43.971240651171], [7.6155485013064, 43.957789271068], [7.5980648513608, 43.957024140012], [7.5836834071779, 43.952447983137], [7.5671101389754, 43.943674367953], [7.5707221149432, 43.937343618185], [7.5682448275089, 43.923261011537], [7.5599292736857, 43.914444652084], [7.5628129682105, 43.901908468635], [7.5592240305265, 43.89729711992], [7.5360791029785, 43.892182868868], [7.5105146453694, 43.881552779572], [7.5012119292534, 43.874828789654], [7.4954411094938, 43.864355738536], [7.4986078220042, 43.846177765064], [7.5073719223254, 43.841680148497], [7.5102522518857, 43.828199938911], [7.5187225864577, 43.802507945967], [7.5285185561398, 43.790517639429], [7.5247262568589, 43.784879584787], [7.5117948400642, 43.781115025816], [7.5114975854043, 43.776215035435], [7.4902105843582, 43.767195024672], [7.4759133369426, 43.750794270454], [7.4597361031449, 43.7600397197], [7.4466232736677, 43.751857229949], [7.4372257692862, 43.751597325308], [7.4122682542985, 43.734386932687], [7.4156350290343, 43.725913755066], [7.4064566044271, 43.71962940636], [7.3979400485547, 43.718906163039], [7.3832708147641, 43.722581448981], [7.3693528634512, 43.719373461503], [7.3585182511974, 43.721877364751], [7.3511879110757, 43.715209965617], [7.3361061972735, 43.710332184327], [7.3296137110006, 43.701909777531], [7.3336420480539, 43.693576495112], [7.3353474080935, 43.67821377735], [7.3263641460951, 43.674107370674], [7.3202887345678, 43.69132875931], [7.3253410136934, 43.700155817322], [7.3147161986497, 43.70653561017], [7.3068448365673, 43.697863928793], [7.308767626144, 43.691876117984], [7.2972030752041, 43.686139330004], [7.2851740716363, 43.694320779226], [7.2624291447135, 43.69425697459], [7.2418855125179, 43.688481372627], [7.230632479809, 43.678552633914], [7.2258833224864, 43.662250909247], [7.2064521654727, 43.645639308042], [7.1945395872153, 43.657918311572], [7.1792252554182, 43.655921466708], [7.1676659649864, 43.657401670267], [7.1510535551671, 43.649273147891], [7.1371975190968, 43.634490533121], [7.1264731964483, 43.605277906363], [7.1258107141258, 43.594574055426], [7.1296893171876, 43.58264162915], [7.1255471645856, 43.575784139356], [7.1392394995248, 43.564445498702], [7.1347862801153, 43.555745223246], [7.1441717937997, 43.552949923404], [7.1385034267534, 43.545620722537], [7.1191937177542, 43.544452103717], [7.1216246082512, 43.554189213515], [7.1145834190314, 43.565833873571], [7.1012671442927, 43.5706815908], [7.0843069068568, 43.569546459525], [7.0675647780773, 43.561637194767], [7.0559473239941, 43.547965476969], [7.0404439376582, 43.541582782416], [7.026613869621, 43.548604342901], [7.0148286615711, 43.550852905577], [6.9872491529001, 43.548425210345], [6.9718325905645, 43.545451297616], [6.9521643765802, 43.53471627255], [6.9383636746132, 43.516390841291], [6.9383938694233, 43.508638111929], [6.9547512806261, 43.504724793903], [6.9489893541651, 43.493480863369], [6.9488401316243, 43.485496928717], [6.9326931753823, 43.484349210212], [6.9337211159516, 43.480065494401], [6.923867212973, 43.470960837627], [6.9243598479502, 43.464066349035], [6.9179721528571, 43.447738536354], [6.9051351716853, 43.445353094761], [6.8938948378079, 43.436171115171], [6.8918037687118, 43.428580015191], [6.8745353033552, 43.426537753906], [6.8652393715348, 43.433930920766], [6.8569996758254, 43.430477732013], [6.8594727968345, 43.418159528215], [6.8550478015615, 43.411429429877], [6.8425087566418, 43.416314042768], [6.8267609493565, 43.417371848056], [6.7988544528977, 43.413719926554], [6.7896945798181, 43.408266782123], [6.7634118379603, 43.424488987703], [6.750657595625, 43.420845307432], [6.7398086751923, 43.41288238776], [6.7295091701175, 43.397245962638], [6.7263132753371, 43.383104485014], [6.7143312441348, 43.36790258606], [6.7165464557638, 43.347490862069], [6.7099603836418, 43.344598306055], [6.6816193520365, 43.340959774178], [6.6689910907851, 43.33292829161], [6.6659564383834, 43.31821983472], [6.6504467498051, 43.30930360706], [6.6286232743314, 43.304542794427], [6.6212969072192, 43.296033806007], [6.6017039878442, 43.285829711816], [6.5899812585712, 43.28243883097], [6.5838742224265, 43.277308105612], [6.585990659385, 43.264473629553], [6.5934629712796, 43.262265776308], [6.6234880954753, 43.265350514242], [6.6457979042857, 43.273835088392], [6.662121282463, 43.264909792407], [6.6695313240363, 43.268462885728], [6.6704136972555, 43.27640069302], [6.6773068762378, 43.278794827575], [6.6972545497172, 43.265497283834], [6.6904226539265, 43.253768484541], [6.676365540846, 43.244474024822], [6.6685654818411, 43.245554369751], [6.6635799631008, 43.238043384914], [6.6626657632275, 43.217572199696], [6.677034229563, 43.197186519392], [6.6593271741191, 43.195930208865], [6.6420225769795, 43.183734132211], [6.6355350265918, 43.172509449193], [6.6236623943555, 43.165300606932], [6.612901777714, 43.165892299234], [6.6004702842875, 43.182582281991], [6.5919303129754, 43.185477402074], [6.5596377554811, 43.188632638495], [6.541396288166, 43.182330817397], [6.534084190046, 43.172782676664], [6.5363193464327, 43.165106616411], [6.5228061651254, 43.165323967594], [6.5087687818106, 43.156648567314], [6.4934958461812, 43.150223730387], [6.4883740268723, 43.152806138202], [6.4641477513921, 43.157528246642], [6.4492154874295, 43.153387552888], [6.44429973474, 43.145456324914], [6.4290707640808, 43.151423030929], [6.4051586594236, 43.148994996899], [6.3875680181733, 43.144900254259], [6.3802996760452, 43.138559151429], [6.3687216170301, 43.136975338721], [6.3597633175514, 43.119904355977], [6.3598808549228, 43.105074542854], [6.368364474458, 43.102269062044], [6.3682566796679, 43.089914872597], [6.3492877575107, 43.088191211862], [6.3325137465072, 43.091093655786], [6.3253619900804, 43.095399033313], [6.3166670705359, 43.106166407372], [6.3092405738884, 43.108321309527], [6.2882203945084, 43.108702218392], [6.2881595756018, 43.114200760657], [6.274941161023, 43.120741066834], [6.2652965375011, 43.121041023451], [6.2343366461075, 43.113014447828], [6.2080853497602, 43.116444167346], [6.2007847463615, 43.115790863382], [6.1839926131867, 43.108536285948], [6.1704563295787, 43.0997558313], [6.1598371974529, 43.088451636416], [6.150270989362, 43.064453888882], [6.1499595681806, 43.045856056649], [6.1531565349953, 43.035245722363], [6.147899852463, 43.026960466647], [6.1368994767253, 43.030616602392], [6.1339953631425, 43.036214235727], [6.120936317207, 43.032186182571], [6.115004757531, 43.034956601301], [6.1025906616279, 43.028782647513], [6.0918311311331, 43.036774442924], [6.1047189809048, 43.041956746957], [6.1167138627143, 43.039240063655], [6.1281920087398, 43.042671102624], [6.1323295631249, 43.059513879555], [6.124051799264, 43.07930650726], [6.1139934267722, 43.083654682725], [6.0812978668083, 43.087226281584], [6.0608714971149, 43.081747669597], [6.0314352379439, 43.07747526022], [6.0215343544984, 43.078256714006], [6.0168236605891, 43.083635285965], [6.0234652560844, 43.094811520978], [6.0050157080904, 43.103799383815], [5.9762269212434, 43.10757701689], [5.9662730514685, 43.1056392255], [5.9412493838579, 43.107661088538], [5.9257873894364, 43.103970758155], [5.9343359139287, 43.118604366719], [5.9074795895659, 43.118881530843], [5.8890107013515, 43.11005127935], [5.8868360567952, 43.103450269366], [5.901008542602, 43.103996533879], [5.909107117861, 43.10046149114], [5.8947710571836, 43.081712418128], [5.9095702721446, 43.079393797213], [5.9170857708081, 43.085825411251], [5.9289528079791, 43.082919298522], [5.9376580436388, 43.08457851954], [5.9509582392784, 43.076765254429], [5.943881221795, 43.066409791665], [5.9366458228053, 43.071725835864], [5.9285981186439, 43.071716453532], [5.9112894628203, 43.06578413673], [5.8984664585895, 43.07758725099], [5.8871334844754, 43.077225735618], [5.8657541086125, 43.059881682488], [5.8574553138035, 43.046618874503], [5.8276382705234, 43.05034932291], [5.8167124624351, 43.062314625126], [5.7941055326647, 43.068774233408], [5.8045644441502, 43.078283139099], [5.8105134830279, 43.092326111559], [5.8127322115996, 43.109367157095], [5.8069507607973, 43.115679350616], [5.7910184437069, 43.112424881887], [5.7886661988609, 43.116377367101], [5.7744948217719, 43.116904330683], [5.7736877374351, 43.124358146456], [5.7806944360543, 43.129636959482], [5.7712544214782, 43.138932344182], [5.7522954712541, 43.13316137548], [5.7258497190477, 43.136527153376], [5.7190149570316, 43.147273734952], [5.6948752166924, 43.143589707468], [5.682675442198, 43.160132349422], [5.69476068803, 43.168021818342], [5.6924387435758, 43.174870299627], [5.6845946967002, 43.180061736494], [5.6718787324219, 43.179269594604], [5.6525593241702, 43.187314477783], [5.6383239998299, 43.189173766465], [5.6172174635767, 43.18371473989], [5.6098389569561, 43.17368424192], [5.6146454833389, 43.169198477141], [5.6008948125683, 43.162545513212], [5.5714983888382, 43.173555880459], [5.5479598370767, 43.196023901121], [5.5499085142965, 43.207367827769], [5.5369302937792, 43.214490076169], [5.515763799187, 43.203024207623], [5.5100611678748, 43.197689816439], [5.5002885068597, 43.196790895695], [5.4865704178615, 43.204153568372], [5.468036914708, 43.20872417933], [5.4461877784161, 43.210231385585], [5.4256485097191, 43.203784469675], [5.4033807899197, 43.21282384953], [5.3910567260333, 43.212122982456], [5.3636491661807, 43.207122106689], [5.3456097729721, 43.212497555779], [5.3425610087084, 43.216257869717], [5.3483543737945, 43.2298241001], [5.3725248187308, 43.245077650705], [5.3760469740713, 43.255156912202], [5.3673730695884, 43.268907750223], [5.3456836221411, 43.282366222064], [5.3629864899254, 43.301953092747], [5.3644147192511, 43.312140169969], [5.3620502253915, 43.321960251309], [5.3556316786832, 43.322291979926], [5.352523739124, 43.332822871057], [5.3431794461906, 43.339096162428], [5.341020887781, 43.344783149914], [5.3173099513093, 43.355086515457], [5.3110302222328, 43.360879997437], [5.2885149096553, 43.357326659023], [5.2703975054675, 43.344652472176], [5.2576422113991, 43.33785745169], [5.2405905351428, 43.331712598278], [5.2213339498192, 43.328358899356], [5.1954386570072, 43.33000275989], [5.1774744273398, 43.333616525803], [5.164476902229, 43.327323286526], [5.1482109690618, 43.326418360361], [5.1351880880297, 43.329222149882], [5.094781174269, 43.329270900706], [5.0815876357356, 43.327877052599], [5.0627982236147, 43.331087967135], [5.0539150268677, 43.324272099372], [5.0410400764889, 43.327284831154], [5.0190482280859, 43.342937227035], [5.0242965902058, 43.355559161915], [5.017109588485, 43.35694335664], [5.0113980677591, 43.368027586573], [5.0001976645609, 43.377116357469], [4.9876375735659, 43.391776901932], [5.0010677938316, 43.398215886274], [4.9955040109031, 43.403478734365], [4.9776421775338, 43.407406133291], [4.9730488082218, 43.420933908913], [4.9677103819671, 43.426100332678], [4.9494334707518, 43.429224186554], [4.941216499844, 43.428254043212], [4.931376951317, 43.433157232314], [4.9106063278399, 43.427280115584], [4.9063533880916, 43.419737286499], [4.8865877345916, 43.412880564295], [4.8839595728386, 43.419515397166], [4.8674100871644, 43.432331363619], [4.8773029521565, 43.410513204152], [4.8668499113366, 43.404678136755], [4.8291209117113, 43.428264665696], [4.8244333765645, 43.424394088096], [4.8614681256348, 43.40076989363], [4.8500135070493, 43.398836197988], [4.8416101405785, 43.404034087959], [4.8358563366124, 43.398039616459], [4.8551101946662, 43.387877558547], [4.8494840577119, 43.380013571741], [4.8569334158861, 43.370915251699], [4.8667320208315, 43.369607444541], [4.8737024584045, 43.360848282232], [4.9022342998273, 43.370982432633], [4.89252239213, 43.360161697152], [4.8550448910375, 43.332618516509], [4.8481410380544, 43.333670742325], [4.8330340586153, 43.32986959949], [4.8231844261886, 43.335956971178], [4.8019643201692, 43.343146781855], [4.783356801758, 43.347189434094], [4.7595949251318, 43.349936079368], [4.7177423514311, 43.350306361918], [4.7057078087084, 43.34779914182], [4.6617842756445, 43.346410527778], [4.6380886588302, 43.351001855561], [4.6131027136534, 43.353767124036], [4.5858024446726, 43.360071509782], [4.5627978195916, 43.372134942713], [4.5556106083519, 43.38282276464], [4.5627131374003, 43.392243971332], [4.5735916278341, 43.393577384459], [4.5876982001696, 43.400712121388], [4.5929514695631, 43.409939117692], [4.5880988195327, 43.422705156053], [4.5731686445663, 43.437345552555], [4.5549165862997, 43.446213275115], [4.5347167281545, 43.451636616845], [4.5163610320847, 43.454715093233], [4.4652664495204, 43.457150995927], [4.4417093298303, 43.45488352219], [4.4334372492981, 43.451162718975], [4.4045865202341, 43.448120304403], [4.3820421638572, 43.45227212971], [4.3037217279638, 43.456772476562], [4.2302808850321, 43.460183661653], [4.1938625454583, 43.465779027827], [4.1656196762668, 43.471915156827], [4.137670466646, 43.481949459061], [4.1231397009828, 43.494201235057], [4.1165892511326, 43.508710525509], [4.1298746993328, 43.522765554616], [4.1382579687386, 43.526105311289], [4.1391197547669, 43.531898260949], [4.12162781658, 43.547075001142], [4.1010404384135, 43.554370958977], [4.0663488317709, 43.557386111903], [4.0422520205905, 43.556806676461], [4.0111840974253, 43.552446664056], [3.9685717523119, 43.540018483347], [3.9071379792073, 43.516845546072], [3.8864007764545, 43.50687119465], [3.8496233013451, 43.485360022977], [3.8288196651265, 43.469199818772], [3.818529911629, 43.458313042789], [3.7966687778375, 43.441038572476], [3.7745683768076, 43.431420834377], [3.7462817628759, 43.423623789327], [3.724920103348, 43.41579312533], [3.7230347632352, 43.401095090434], [3.715556142844, 43.400687731567], [3.6919033474737, 43.391883457324], [3.6621617057021, 43.392279948911], [3.6460792124476, 43.384774104561], [3.6196750009169, 43.367836073788], [3.6026227584831, 43.355428335099], [3.5661200382653, 43.325717677552], [3.5273014618389, 43.28981147991], [3.5109592064433, 43.273328841308], [3.4683351175459, 43.276598485695], [3.4303317007418, 43.290210436006], [3.4034831432597, 43.287900440396], [3.3869052230084, 43.284136091601], [3.3438584522568, 43.270394222721], [3.2871141319468, 43.241993153845], [3.2634509331275, 43.228864618646], [3.2405623482295, 43.212804132866], [3.2178713301191, 43.197502303167], [3.1901982904968, 43.175846370089], [3.1683477733427, 43.157328349219], [3.140800124971, 43.128768756296], [3.1309240074639, 43.111758439868], [3.1172266379458, 43.101836432273], [3.0928818865124, 43.06914587835], [3.0838489259408, 43.055302627989], [3.0655869638129, 43.021675065612], [3.0615075416401, 43.008829254021], [3.0525103814528, 42.990159118293], [3.0428444157674, 42.960156485478], [3.0393165218276, 42.941683366716], [3.0404673397314, 42.929700731159], [3.0525504097283, 42.926207159025], [3.0605893002724, 42.91706260281], [3.0521306763747, 42.885348067732], [3.0435046945933, 42.838148318333], [3.0393825874565, 42.799198332564], [3.0383147458062, 42.759308922454], [3.0388174616362, 42.731854400073]], [[2.0126872587813, 42.448344388962], [2.0109536138017, 42.454821453137], [1.9966046469832, 42.461186871026], [1.9872946716006, 42.469685808584], [1.9865299951704, 42.475761010873], [1.9960839145775, 42.484654179931], [1.994441965458, 42.488880134829], [1.978759694687, 42.494769707784], [1.9761955998207, 42.48559878431], [1.9613838814667, 42.472523712782], [1.9573803578127, 42.461623243383], [1.9597995518936, 42.453259523701], [1.9813423517482, 42.44752541931], [2.0000647814638, 42.446778541763], [2.0126872587813, 42.448344388962]], [[5.054121512102, 43.442021912977], [5.0611076258685, 43.423140307283], [5.0580213222048, 43.409552133438], [5.0595684339306, 43.403974555677], [5.0703896715519, 43.400202593118], [5.0927056002731, 43.400605101589], [5.1107078769979, 43.404127256643], [5.125776538992, 43.400015717235], [5.137266271971, 43.400185493623], [5.157534521038, 43.409584196466], [5.1828633330337, 43.426606568488], [5.1912661780646, 43.434900512668], [5.2084471015655, 43.445433671054], [5.2203482060614, 43.449162229641], [5.2301377569344, 43.465078044372], [5.2225521040856, 43.483465085916], [5.2175169994984, 43.488096323996], [5.2027922080577, 43.491173117668], [5.1908429897818, 43.486475795117], [5.1824609658291, 43.479350075479], [5.1651054168282, 43.471767081519], [5.1496876211759, 43.457026659088], [5.1321152674543, 43.473849327421], [5.123114322047, 43.48615366834], [5.1135686679163, 43.504660978563], [5.1182092489503, 43.518012416527], [5.1086615060731, 43.525496816445], [5.0893141543062, 43.525515609476], [5.0643299415117, 43.527830813843], [5.046434902166, 43.522138786534], [5.0322512284114, 43.5397685648], [5.0309517808795, 43.54682479433], [5.0219939854938, 43.55615613908], [5.0132835978236, 43.554448679869], [5.0122049007424, 43.545526935893], [5.0154635062157, 43.529718860201], [5.0024501091134, 43.512784134911], [4.9985487475088, 43.49810611091], [5.0029037494134, 43.486740851749], [5.000857898128, 43.474094351803], [5.006004863914, 43.469664960408], [5.0178344377819, 43.469321193939], [5.0379847941255, 43.470644268033], [5.0518847547722, 43.463560167399], [5.0549690681399, 43.453888162229], [5.054121512102, 43.442021912977]]], [[[6.2164360797719, 42.991108164979], [6.2086710614315, 42.98338081093], [6.1978984464393, 42.982043008785], [6.1938577077542, 42.99020258064], [6.1773879229647, 42.996127936721], [6.1645371983983, 42.997829141178], [6.1712703057401, 43.00620484955], [6.1840052925618, 43.008256946209], [6.2016813018254, 43.000829346611], [6.2117350144, 43.002561912277], [6.2204147969509, 43.012437419854], [6.2339910204288, 43.011656466491], [6.2440741459649, 43.020035297662], [6.2484869352116, 43.016627467203], [6.2504533863157, 42.999408277823], [6.2265230585799, 42.992424259693], [6.2164360797719, 42.991108164979]]], [[[4.893168871015, 44.367875394193], [4.9066213399272, 44.374101025322], [4.9117660520568, 44.387044638589], [4.9123797297803, 44.399635600585], [4.9185138149855, 44.407786865574], [4.960461816094, 44.420048061058], [4.9704375593477, 44.431367227183], [4.9786944339347, 44.423476108149], [4.9886124577738, 44.423200264487], [5.0010692090687, 44.412604850416], [5.0187537016752, 44.415979484324], [5.0133020500209, 44.405342926953], [5.0157545106617, 44.392767137778], [5.033568721145, 44.391088844502], [5.0450881649883, 44.38222013058], [5.0708829483659, 44.383226380932], [5.0715584929227, 44.377495636793], [5.0520104655825, 44.364657329845], [5.0270113166527, 44.362835272711], [5.0217054810597, 44.35674765583], [5.0232851187488, 44.345948323084], [5.0090024588591, 44.333764157861], [5.0133769832902, 44.326136687081], [4.9931295821934, 44.314275867797], [4.9872903058308, 44.293201871035], [4.9785833048477, 44.29746123871], [4.9592140611525, 44.300383345912], [4.9451171535381, 44.304930431589], [4.9221541568202, 44.308786460381], [4.8895301353902, 44.304153097826], [4.8898043773976, 44.314637092176], [4.8816338901906, 44.324867070891], [4.8881212108854, 44.331685388726], [4.8953267719183, 44.338062405104], [4.8796465016088, 44.345346527391], [4.8753963679389, 44.351439190756], [4.8906819005659, 44.359781959098], [4.893168871015, 44.367875394193]]], [[[9.273659440522, 41.369221791575], [9.2710321280228, 41.364959299521], [9.265698545799, 41.362164776515], [9.2558829669799, 41.368794222327], [9.2602446048541, 41.373651229899], [9.273659440522, 41.369221791575]]], [[[9.3991901775403, 41.790143164158], [9.3981451175547, 41.778459013889], [9.4073217319481, 41.767634723217], [9.4052716742874, 41.754575654188], [9.4062185485145, 41.73920137245], [9.4013418072307, 41.716959615945], [9.4035331655531, 41.710840198665], [9.3998192801504, 41.69279867], [9.3810879581743, 41.688001244821], [9.3723006750494, 41.678830164331], [9.3757375815574, 41.670619677977], [9.3874913966427, 41.657359062003], [9.3850563977806, 41.652970458201], [9.3644131875031, 41.636179025769], [9.3547387700685, 41.640710164794], [9.3476012746477, 41.636632418311], [9.3463932296058, 41.63002302864], [9.3538271659327, 41.626632801378], [9.3463550313306, 41.617508503613], [9.3367416523086, 41.621538780451], [9.3272049926403, 41.616356949796], [9.3082365328383, 41.628487552777], [9.3060190567968, 41.617470193836], [9.2970016566957, 41.610930362027], [9.2883407858234, 41.609067528624], [9.2825337896991, 41.596415718545], [9.286354138341, 41.589453101103], [9.2956793037693, 41.583322361133], [9.3083814880745, 41.593972713908], [9.3130806771213, 41.601132392709], [9.3215169876122, 41.604837299741], [9.3350988345063, 41.602027547324], [9.3470681679656, 41.594390886207], [9.3685744931696, 41.596897302353], [9.3533825795291, 41.577938443543], [9.3481742396925, 41.575388818689], [9.3501715740997, 41.566187005133], [9.3408997155844, 41.559241730325], [9.3239922254982, 41.557236366366], [9.3023216696934, 41.545198419563], [9.2875574726946, 41.530228755368], [9.2730739945179, 41.53019271867], [9.273680106865, 41.522517947178], [9.2839183612598, 41.520450085063], [9.277308421099, 41.506124986587], [9.2688973149711, 41.501624751876], [9.2759308530555, 41.49643713783], [9.2876523998677, 41.494831125938], [9.28400186333, 41.477572296911], [9.2772722837641, 41.475358221151], [9.2777164179139, 41.46495547492], [9.2658821075424, 41.465995458816], [9.2429445240833, 41.446705574174], [9.223954267893, 41.442488841516], [9.2232723456115, 41.436025985419], [9.2288969116275, 41.425302049177], [9.2281191406951, 41.409110517705], [9.2442363338799, 41.421181163353], [9.2651023772974, 41.428283396377], [9.2591670709159, 41.413375395828], [9.2507254948685, 41.40960553083], [9.2361643789523, 41.393559251695], [9.2331233905073, 41.386560178849], [9.2214883823877, 41.376328969738], [9.2196789477427, 41.368211945774], [9.1988058887608, 41.36588583439], [9.1803693126024, 41.366438293705], [9.1743707764701, 41.379329284074], [9.1672444080415, 41.385592973955], [9.1446146072237, 41.387183678065], [9.1208631045283, 41.39644315535], [9.0938398987455, 41.393839319394], [9.0911719516959, 41.401806079279], [9.0955320043022, 41.412431710561], [9.1089222562469, 41.419940163471], [9.1043469551733, 41.425502848125], [9.120687595476, 41.437616309687], [9.1192193922242, 41.440772011484], [9.0994499566209, 41.442768149338], [9.0935832833779, 41.449719424027], [9.0822010138671, 41.441973884937], [9.0743134372406, 41.442920620722], [9.0664301578555, 41.451023602972], [9.0704320220003, 41.466940562623], [9.070286926691, 41.475671427311], [9.0508357375037, 41.459641860478], [9.0382611446596, 41.459645198212], [9.0180268691937, 41.467748490519], [9.0128843778786, 41.476121872495], [9.0021701866201, 41.475774397275], [8.9928461630234, 41.485396435585], [8.9808637276524, 41.479330164884], [8.9594585113313, 41.492130159311], [8.938402541315, 41.48966848731], [8.9317877201954, 41.495378064347], [8.9210126230225, 41.497499034287], [8.9147467175153, 41.507208151354], [8.9001835704243, 41.508774219762], [8.8846150462285, 41.50507236925], [8.8820378648188, 41.509239075837], [8.8882614285546, 41.51707992067], [8.8778100883194, 41.523794452944], [8.865369828875, 41.520128455719], [8.8450740207766, 41.517958079633], [8.8414047053005, 41.523766509681], [8.8519237231626, 41.533233974908], [8.8511877593354, 41.540860979943], [8.8416810361388, 41.546552827363], [8.8229182141785, 41.546156093531], [8.814890471805, 41.553906217363], [8.7885345993036, 41.557735921446], [8.7854932407521, 41.563658878459], [8.8019653365352, 41.5725251973], [8.7827891492503, 41.585681206952], [8.7771927389114, 41.592763979819], [8.7839015050151, 41.59639969226], [8.7909467331176, 41.608501287066], [8.7930767849103, 41.629554383445], [8.8024752261462, 41.633221115876], [8.8217796251471, 41.630090136165], [8.8265171763194, 41.635951775657], [8.8540761012096, 41.647017321432], [8.8695009599086, 41.646091120096], [8.877264032596, 41.652454617448], [8.8809129542854, 41.668095186004], [8.8928931495104, 41.674100351332], [8.9080176286522, 41.677007881852], [8.9153277451781, 41.681282755136], [8.9145075925891, 41.689723682063], [8.8856557174325, 41.690849961129], [8.8782882421796, 41.695973169993], [8.8412808961089, 41.697551641036], [8.8302939411387, 41.706262922095], [8.8127122072851, 41.714129905775], [8.7937675276411, 41.707893097781], [8.7729726652092, 41.711919063255], [8.7845453570537, 41.731664815454], [8.7800237021371, 41.739414158852], [8.7724546247573, 41.741517274673], [8.7600821507981, 41.738380383757], [8.7366474883573, 41.729424936258], [8.7254848567332, 41.727545668736], [8.7172417233064, 41.722774526354], [8.7030325607564, 41.726005824599], [8.7076082107898, 41.73618560032], [8.6976380199228, 41.741319354452], [8.6820097937715, 41.739918393262], [8.6717700658097, 41.743688167428], [8.6585643232553, 41.741804670222], [8.6597494147728, 41.749463503232], [8.6682797961785, 41.752894642014], [8.6845169668936, 41.747002332036], [8.7044093153393, 41.757890543543], [8.7131431683495, 41.760833582026], [8.7300880504804, 41.77591212379], [8.7271678055689, 41.78708867668], [8.7195718291105, 41.788893754962], [8.7212499540158, 41.797809382794], [8.7409410916134, 41.79868785997], [8.7482572136005, 41.810823729007], [8.7575460129466, 41.80895026474], [8.7712959607968, 41.811239419914], [8.7747951360312, 41.82504031127], [8.7820652523774, 41.833703364592], [8.7708086871301, 41.836461210042], [8.767794604169, 41.845931092466], [8.7841001717388, 41.848170286407], [8.7906166495097, 41.855520792589], [8.7902752705309, 41.866416605405], [8.781211947867, 41.880668839163], [8.8031333721604, 41.891381047926], [8.795661885825, 41.908865779323], [8.7858171453796, 41.920265738823], [8.7726394721087, 41.927375596769], [8.7608963047658, 41.924460972208], [8.7549076702854, 41.932565729457], [8.745110539203, 41.933164242485], [8.7399479222249, 41.928307210691], [8.7410637125693, 41.91754841615], [8.7310370715364, 41.915900103573], [8.7214300448374, 41.909256183947], [8.7032845356386, 41.907630033647], [8.6868554085917, 41.90859416785], [8.6704582677272, 41.905060573018], [8.6643099502431, 41.907384856241], [8.6414501138477, 41.909889243142], [8.6149322619016, 41.902346804089], [8.610306446193, 41.913050837853], [8.6218879056671, 41.927827389358], [8.6207764177835, 41.939541948075], [8.6089998541718, 41.940155623683], [8.6056928687397, 41.951055349782], [8.5976997733316, 41.953238328668], [8.5958844509261, 41.9660969095], [8.6148401371518, 41.971330910765], [8.6390210889529, 41.967471298128], [8.6460663299246, 41.968130756625], [8.6688781676627, 41.982429503353], [8.6684592293729, 41.991610798065], [8.6575664515333, 41.993436712754], [8.6564246405607, 42.009345707145], [8.66801032159, 42.017457160521], [8.6903254906641, 42.027593059646], [8.702011655943, 42.026639132045], [8.7253458869114, 42.034356688034], [8.7226820538602, 42.042540055616], [8.741329138221, 42.040912179268], [8.7469869224827, 42.0502108539], [8.7391608385257, 42.062698609291], [8.7198555560589, 42.06351093709], [8.7203352966306, 42.069442470516], [8.7147668279995, 42.08153861531], [8.7047370379813, 42.087940049587], [8.7102579733595, 42.095822368407], [8.7002490365492, 42.10604379347], [8.6999858627077, 42.112515614544], [8.6891550495107, 42.115105402635], [8.680727946306, 42.105996814848], [8.6712597688232, 42.107107181013], [8.6605028767172, 42.103588496488], [8.6470086216948, 42.121131891644], [8.6374753377432, 42.11976700426], [8.6256340976664, 42.122670550852], [8.6099541503765, 42.1345450022], [8.5958860094781, 42.13025896889], [8.5825175645431, 42.129323208282], [8.5849834154329, 42.135866535707], [8.5939572487287, 42.143185234803], [8.5897456767979, 42.149152267892], [8.5774733357997, 42.156554543452], [8.5901738822205, 42.163884812642], [8.5884884100621, 42.171421188299], [8.5682188559922, 42.169017173529], [8.5654392505696, 42.177332135912], [8.582879148895, 42.178547241363], [8.578217141654, 42.188551889364], [8.5813855583817, 42.205939854644], [8.5696750552871, 42.2080024677], [8.5753209823783, 42.216374212666], [8.567135591097, 42.219577195648], [8.5735416635984, 42.225839882474], [8.5703414705341, 42.230300843511], [8.5481905843276, 42.228905913957], [8.5401025407511, 42.234990759489], [8.5492440260065, 42.239976932275], [8.5561122651665, 42.236039038782], [8.5731170667844, 42.238745320634], [8.578263306898, 42.244253414861], [8.5893237006741, 42.24450377404], [8.616717053661, 42.255458016475], [8.6267416458828, 42.25175456083], [8.6418418463671, 42.256428059655], [8.6655881496278, 42.259320114998], [8.6715712790019, 42.262059482484], [8.6891048520685, 42.263527621966], [8.6901226204434, 42.278207035825], [8.6759776798364, 42.283615563315], [8.67395545525, 42.294337194236], [8.660571343066, 42.302118549571], [8.6486515166656, 42.302732559447], [8.639933499141, 42.299416084547], [8.6255148911749, 42.312261962884], [8.6103565562315, 42.308394659111], [8.5974331518027, 42.316054932892], [8.6046294578781, 42.322652105253], [8.6215546415518, 42.327510035659], [8.6279955733531, 42.332296015498], [8.6264440528796, 42.340241753638], [8.6182826215658, 42.340701534987], [8.6002435360509, 42.352999825029], [8.5915444423808, 42.352772156997], [8.5815591608145, 42.347468214352], [8.5738501697388, 42.338412964424], [8.5648822039848, 42.333214755035], [8.5533077910528, 42.333031073096], [8.5588034162198, 42.343784641612], [8.5517937879479, 42.347375798384], [8.5558846856209, 42.364749965739], [8.5432048758181, 42.367016637162], [8.547948004985, 42.379354824713], [8.5575710562857, 42.370756414133], [8.5666906484566, 42.370692862461], [8.5783059458289, 42.375541718692], [8.5734085639674, 42.381404942274], [8.5851262589954, 42.38532518234], [8.5962264339561, 42.382398762993], [8.6088441270775, 42.386379953813], [8.6022869184152, 42.400052818571], [8.6116794771433, 42.403198147717], [8.6040429146329, 42.409512946067], [8.6084169092937, 42.416822082277], [8.6234377365159, 42.421017847031], [8.6393957751413, 42.418519567154], [8.6481082467376, 42.413119060137], [8.6552300368167, 42.415734337364], [8.6622200218125, 42.426291905255], [8.6604105317327, 42.43528280362], [8.6482384069515, 42.442410807187], [8.6673206951673, 42.444883992318], [8.6681439215198, 42.45801303094], [8.6798297088815, 42.468113820166], [8.6747918186735, 42.476242956982], [8.6492357429259, 42.474309683953], [8.6499303561134, 42.478239958239], [8.6645502904805, 42.49299417376], [8.6665085981229, 42.515223865295], [8.6748420529906, 42.518622461042], [8.6837613976392, 42.516458985462], [8.6968431485562, 42.525583517795], [8.7104476758167, 42.523703513378], [8.7186158657164, 42.528245234685], [8.7102577314429, 42.535723624921], [8.7189524706419, 42.540795175147], [8.7166314657641, 42.549267771155], [8.7228204001293, 42.556778273386], [8.7150751347624, 42.564027675983], [8.7109904635305, 42.576605764442], [8.7243185035707, 42.584093673826], [8.7238415443762, 42.574014082285], [8.7270436936434, 42.561604463168], [8.7381119728326, 42.567802968518], [8.7482834774653, 42.568188079066], [8.7604416501391, 42.558569577855], [8.7686425102482, 42.555811440464], [8.7878053378926, 42.558171123435], [8.8040993857369, 42.569855594773], [8.8001589769082, 42.582398778056], [8.8110798196196, 42.589684742309], [8.8089320042038, 42.599059599401], [8.8235352570811, 42.606187366031], [8.8343194896775, 42.601743500142], [8.8509405731086, 42.610583827688], [8.8649682002014, 42.607999881244], [8.8750416263931, 42.613164920347], [8.8740939946005, 42.61817996916], [8.8865269490476, 42.628966058933], [8.9024157028959, 42.627137432183], [8.9111573343141, 42.628894923509], [8.9181350468671, 42.63690550884], [8.9342605989761, 42.638771827731], [8.9417828616377, 42.634096039449], [8.9593730520526, 42.635081802897], [8.9751743716955, 42.640043666233], [9.0006328532992, 42.641910192535], [9.0103777713521, 42.64035209136], [9.0206940431911, 42.644272763711], [9.0275141840511, 42.652054428408], [9.0460037274368, 42.655043174979], [9.0593208042615, 42.660064628209], [9.0618252740801, 42.665092965545], [9.0538043881836, 42.679958481466], [9.0590940519087, 42.694609453744], [9.0717031140713, 42.693409341766], [9.0797009215888, 42.700848589665], [9.0857643447586, 42.714609110752], [9.0998800974121, 42.715246309427], [9.1059770511843, 42.724097520742], [9.1180072147931, 42.726542533128], [9.1245519786652, 42.731631049124], [9.1360558292684, 42.730227284287], [9.1668856039546, 42.736563616418], [9.1881552949011, 42.727336456562], [9.2038452583029, 42.726315061736], [9.217626725491, 42.734222269857], [9.2245533152652, 42.731999951427], [9.2340050664169, 42.719909789956], [9.2544476997124, 42.718515074833], [9.2593250469014, 42.700693050085], [9.2679444804296, 42.699476951561], [9.2788565397074, 42.689592099364], [9.2844265705845, 42.676336087658], [9.2933224871581, 42.674311357318], [9.30315826849, 42.684062221748], [9.3141769700085, 42.688991839255], [9.3225981035062, 42.698103422439], [9.321292738335, 42.713400038631], [9.3395766319473, 42.728992493133], [9.3444782391532, 42.737810423971], [9.339181189137, 42.757928245104], [9.339659755223, 42.776011504848], [9.3425627879236, 42.79480205062], [9.337774931012, 42.804079605712], [9.3251300488766, 42.813332647957], [9.3205438024435, 42.823408404009], [9.3110153694299, 42.834679311095], [9.3321782165813, 42.85847260124], [9.3401543659189, 42.86548579796], [9.3298530724956, 42.872395584774], [9.3262689644171, 42.890315517283], [9.322223463327, 42.899632639571], [9.353819146522, 42.916234653141], [9.3560395125976, 42.927003469485], [9.3488941969672, 42.92930970895], [9.358603665308, 42.94633937258], [9.348145476117, 42.951797488202], [9.3457582466882, 42.957906943631], [9.3505448749339, 42.968270031649], [9.3421423687094, 42.978546347423], [9.3443683003848, 42.985532557301], [9.3408728322382, 42.994464747166], [9.3590415875145, 43.006725446764], [9.3728616504645, 43.004763668513], [9.3799389872775, 43.008193389796], [9.4044764187179, 43.005823769617], [9.4136701217893, 43.006531836354], [9.4217576417904, 43.011724041684], [9.4308368621636, 43.00272384855], [9.4385130519137, 43.000490605004], [9.4512650406387, 42.990315238432], [9.4635582980189, 42.986401078046], [9.4540973301679, 42.97307892537], [9.4518764864235, 42.964359720868], [9.4576350561474, 42.949057159617], [9.4693212926991, 42.936145296863], [9.4676737905393, 42.926807351234], [9.4707921080556, 42.918530856678], [9.4738686210525, 42.891155154693], [9.4775278660748, 42.881442813563], [9.4730668331504, 42.874128797384], [9.4823148818977, 42.864255300645], [9.484277260776, 42.850189178286], [9.4807429643273, 42.840776037517], [9.485811781953, 42.832427261458], [9.4923850966255, 42.805100268638], [9.4910751495896, 42.794970088426], [9.472078926813, 42.77053370509], [9.4671143214594, 42.760859543836], [9.4685604695043, 42.753048544421], [9.4613913735206, 42.740659678567], [9.4624714977006, 42.735628024208], [9.4561949971884, 42.718039470181], [9.4523972721956, 42.693495855424], [9.4463872288639, 42.686125087855], [9.446189061428, 42.673577272426], [9.4491942129664, 42.662239762642], [9.4621969995941, 42.640114758488], [9.4748795080564, 42.624836118132], [9.5162152677147, 42.583012642887], [9.5256781330523, 42.569008285145], [9.5331957398235, 42.545946562512], [9.5344917834473, 42.523982588056], [9.5300256352103, 42.5032908319], [9.5312290693099, 42.484415645223], [9.5404627433876, 42.461067005301], [9.5408346733534, 42.440809257975], [9.5433951533138, 42.428490625529], [9.5386315892536, 42.414019694859], [9.532672682662, 42.379967969125], [9.5333702262866, 42.366280319789], [9.5372430000044, 42.345209511976], [9.5425016250046, 42.328804455976], [9.5504574617621, 42.313214942216], [9.5588293070416, 42.285264635275], [9.5592262719626, 42.271734300663], [9.5532133692255, 42.241433836434], [9.5528601939832, 42.221257653469], [9.557438978743, 42.203166452024], [9.5544087218137, 42.157011398157], [9.5566017971818, 42.142142733245], [9.5499796055405, 42.104165986623], [9.5313440713912, 42.087489423987], [9.5029309613993, 42.055616031082], [9.4647863427601, 42.010954139334], [9.4415478574917, 41.98974926191], [9.424255411615, 41.971535954188], [9.4125689541656, 41.952475652276], [9.4120532345487, 41.939726645644], [9.4149982681884, 41.925108109695], [9.4112475276506, 41.91100050268], [9.4020635619458, 41.897155488353], [9.3970189665487, 41.874613277788], [9.4022711090103, 41.858701678165], [9.4020526477352, 41.845844224512], [9.4062743560399, 41.822363784172], [9.3941343569793, 41.79894215528], [9.3991901775403, 41.790143164158]]], [[[6.4085816077235, 43.018603831541], [6.4206661963932, 43.013709224929], [6.4069003940727, 42.997223596606], [6.3970913857265, 42.992801774792], [6.3850038068943, 42.997874748913], [6.3714123570963, 42.997142408976], [6.3697195012539, 43.001244421426], [6.3824109734744, 43.011037691381], [6.4085816077235, 43.018603831541]]], [[[6.4702163404405, 43.045167505797], [6.5041808620696, 43.05334030784], [6.5112885804875, 43.046821992697], [6.5047119129479, 43.043075249916], [6.4895900424486, 43.042642232202], [6.4710212810966, 43.01921193325], [6.4616995826693, 43.013939106124], [6.4528033958039, 43.016843850293], [6.4391012526205, 43.004472055456], [6.4341485392957, 43.013347028571], [6.4339410610688, 43.020253759896], [6.4402634234376, 43.024842658411], [6.4552030224291, 43.02681507814], [6.4702163404405, 43.045167505797]]], [[[7.0708767870982, 43.51736504678], [7.0671175705284, 43.513649369297], [7.0361331446075, 43.517461440788], [7.0322078648162, 43.523439858109], [7.0500971114395, 43.522515412284], [7.0708767870982, 43.51736504678]]]]}}, {"type": "Feature", "properties": {"region_name": "AUVERGNE RH\u00d4NE ALPES"}, "geometry": {"type": "Polygon", "coordinates": [[[4.653662160064, 44.297280366126], [4.649227423465, 44.270359808636], [4.641962943496, 44.273967232879], [4.6380600403344, 44.282964739036], [4.6288231783395, 44.284004141308], [4.6181459353598, 44.278542099268], [4.6068181251102, 44.290471804776], [4.5869814679806, 44.29459622458], [4.574187229155, 44.300751054654], [4.5586960480886, 44.302442886009], [4.5444682300368, 44.320766940178], [4.5326208269687, 44.32252533633], [4.5178637257565, 44.329927083074], [4.503538697272, 44.340187516986], [4.484186331178, 44.337581914669], [4.4761161664256, 44.34074524217], [4.4576163712243, 44.341635623893], [4.4508857895897, 44.33261714008], [4.4492717103226, 44.304914782152], [4.4506900513602, 44.297286859459], [4.440502356745, 44.284053476816], [4.4218910835178, 44.287324346637], [4.3989780395897, 44.288943564372], [4.3934072251798, 44.293647114857], [4.3907812808888, 44.303051306396], [4.4032085466386, 44.333895573125], [4.3941986915176, 44.345264673242], [4.3865260888309, 44.346613937013], [4.3667775642003, 44.339497579716], [4.3360706324228, 44.339519174094], [4.3217239441113, 44.323989000128], [4.3044280048901, 44.315234251029], [4.2884228053033, 44.31465771441], [4.2894096266193, 44.293214668623], [4.2766179866697, 44.274252680812], [4.2588499153827, 44.264783733394], [4.2413235022379, 44.270096446791], [4.2164426737394, 44.288852848267], [4.1867071328058, 44.29968541211], [4.1777450676527, 44.317879259785], [4.1548869300058, 44.31262212801], [4.1428714788751, 44.313351716383], [4.1403038447089, 44.327883881292], [4.1267455749949, 44.337730884113], [4.1125125628157, 44.329490022147], [4.1039911697566, 44.333899706452], [4.0716270663138, 44.327298770679], [4.0514566440182, 44.317321809072], [4.0368667860025, 44.330771008666], [4.0450038312264, 44.333082309228], [4.0531535999561, 44.340968920772], [4.055527118005, 44.365626171449], [4.0529853320038, 44.378694159984], [4.0437442732688, 44.384550041392], [4.042468868612, 44.39464402593], [4.0572129135807, 44.393348439495], [4.0684449498584, 44.405111736232], [4.0561040289114, 44.414335993335], [4.0354823981467, 44.420090870159], [4.0464583808932, 44.432710617884], [4.0375991394785, 44.445719563488], [4.0232058055546, 44.445573236432], [4.0149839677909, 44.454514219975], [3.9981617468281, 44.459798467391], [3.9875441966947, 44.473361271665], [3.985747412107, 44.487924045953], [3.9873321701777, 44.499162516354], [3.9837035025138, 44.510167633816], [3.9766536412959, 44.516689836275], [3.9753657955514, 44.523650580786], [3.9657451606381, 44.537497086144], [3.9608749832371, 44.554803732187], [3.9451514993013, 44.573790000095], [3.9284831974258, 44.569998826159], [3.9207367872473, 44.575746388916], [3.9191671077331, 44.585245092622], [3.90517074571, 44.592708958301], [3.9083038945979, 44.606615580322], [3.8985315708048, 44.613411802763], [3.8926148288923, 44.623030105672], [3.8947423692172, 44.651129115275], [3.882909471786, 44.660088831897], [3.8732699495096, 44.678201691122], [3.8845476207292, 44.697347879776], [3.8696426954409, 44.696962680173], [3.8718913936808, 44.705396507123], [3.8615128126047, 44.71201694644], [3.8677916785686, 44.728142672276], [3.8762993159981, 44.731800448649], [3.8754615107331, 44.740626944691], [3.8625310211191, 44.743866105932], [3.8365590308337, 44.747847636802], [3.8304555521813, 44.756161500223], [3.8428722625525, 44.767659869676], [3.841603226393, 44.772129900378], [3.8301463157408, 44.775710594028], [3.8198835993274, 44.772685233514], [3.8121315885881, 44.766032837865], [3.8033308935883, 44.770414179887], [3.8032312316337, 44.781579343618], [3.7794867433517, 44.79731064671], [3.7587613653652, 44.805576543778], [3.7624285152172, 44.810666360605], [3.7526807081682, 44.82097908395], [3.7406494702404, 44.838697356604], [3.7228844822867, 44.830986703517], [3.7003857822671, 44.836813194859], [3.6954389564378, 44.830958625259], [3.6663623630222, 44.828776303359], [3.6574209674758, 44.836124356852], [3.6718167758914, 44.843382404889], [3.6704785324924, 44.850864431429], [3.6595224161061, 44.86994134545], [3.6423461696965, 44.878382169756], [3.6264517258551, 44.880253899231], [3.6147496711134, 44.874174272057], [3.6082755428246, 44.879331218549], [3.5943335024029, 44.875433384901], [3.5980348128056, 44.859504969144], [3.5920659249124, 44.84796463101], [3.5893552432085, 44.832194014444], [3.578465058473, 44.825696757681], [3.5745418907117, 44.83460991769], [3.5638205108562, 44.832831791958], [3.5615758039452, 44.824976812591], [3.5397515164373, 44.828176022752], [3.5056459727137, 44.823846663279], [3.4948664240388, 44.815405935965], [3.4909959832186, 44.808474309867], [3.478809589921, 44.809446829457], [3.4757711698307, 44.815370629667], [3.4570624789322, 44.833777540962], [3.4541989644633, 44.844563734203], [3.4416742987403, 44.854449680958], [3.4386254407679, 44.86082184192], [3.4357050101121, 44.88024496334], [3.417976841379, 44.900767433551], [3.4192590880448, 44.908428284947], [3.413833246774, 44.919859843574], [3.4149529202982, 44.932631887178], [3.412832200087, 44.944841611062], [3.4045530849223, 44.956400427592], [3.3969930219391, 44.958577768116], [3.3863677767162, 44.952742049715], [3.3713550433617, 44.960250089988], [3.3703185777492, 44.96998390468], [3.3613476310625, 44.971408091786], [3.3545315434466, 44.9548199209], [3.3379420512705, 44.955906998959], [3.2973059946128, 44.935604538605], [3.2860179111885, 44.926382028761], [3.2713373103277, 44.927600109493], [3.2615217326405, 44.932067820131], [3.2595403854401, 44.942429341236], [3.245167534381, 44.93480347612], [3.2496887102206, 44.916235200562], [3.2278135177439, 44.909928387989], [3.2269844428022, 44.897602452938], [3.2323433112231, 44.891622050737], [3.2252942367053, 44.882045162686], [3.2159619013053, 44.875041006609], [3.1991804637825, 44.874642009283], [3.1823170380273, 44.863735423357], [3.1690213470506, 44.874091478783], [3.1531732734567, 44.893017216949], [3.1410977876348, 44.903315197313], [3.1283803710941, 44.903578216134], [3.1229128915544, 44.892733396595], [3.1054945101096, 44.886774806731], [3.1050371687709, 44.86639509115], [3.0953252337809, 44.85208399024], [3.1001211680904, 44.844373808687], [3.0994806863618, 44.833584813393], [3.0714754944234, 44.834124974928], [3.0768587089093, 44.824410436955], [3.0615217992797, 44.817172380452], [3.0457487033386, 44.799052030765], [3.0503924394573, 44.779809366102], [3.0422427573327, 44.75938114179], [3.0310731845345, 44.749413959606], [3.028416597051, 44.73255744411], [3.0353535096078, 44.727206782516], [3.0391236076168, 44.714995724501], [3.0251405593834, 44.716097238134], [3.0160122019676, 44.713692453341], [2.9985742640224, 44.674442966678], [2.981760369824, 44.651994919411], [2.981675726654, 44.644673011362], [2.9729967000843, 44.645719145774], [2.9637576145748, 44.654316787673], [2.9487265645702, 44.672978048006], [2.9392865668235, 44.677756455026], [2.9408965571355, 44.683818918865], [2.9338731506521, 44.697402037726], [2.9350900117718, 44.705004788991], [2.9232670003911, 44.728642526112], [2.9322008334785, 44.738182515263], [2.9335256868255, 44.750101514437], [2.9284555057549, 44.755160769806], [2.9172495539886, 44.756714098966], [2.9208013627531, 44.765729671884], [2.9348220891073, 44.766338409064], [2.9345177106412, 44.779201871895], [2.920189595566, 44.794308778558], [2.9040726320859, 44.783702886621], [2.8897062556822, 44.788417083385], [2.8795747424774, 44.803006111318], [2.8705082792207, 44.827398299766], [2.8559650223393, 44.855179951014], [2.8596736604077, 44.874465473337], [2.8496519747355, 44.871490231757], [2.8220333243708, 44.87157004877], [2.801957650579, 44.873625756087], [2.772707056045, 44.855545795389], [2.7684108734637, 44.863858763976], [2.77049124514, 44.875537836385], [2.7783381480633, 44.887718357993], [2.7718590507401, 44.902271109449], [2.776087665079, 44.908963934931], [2.7735403561236, 44.915091091551], [2.7603927919273, 44.927510072233], [2.738258109046, 44.941219492647], [2.731006631595, 44.936748083927], [2.7240210839286, 44.924576074703], [2.7135929831216, 44.92713012749], [2.7064336715881, 44.907221617118], [2.6938913636929, 44.902938090171], [2.6812975408382, 44.907392758521], [2.6581063096255, 44.882979115397], [2.6562270538803, 44.87241580597], [2.6490646425252, 44.869728369056], [2.6366080646644, 44.872551413571], [2.6239295606463, 44.866918027702], [2.6180527448461, 44.854603721987], [2.6026823497168, 44.843163111324], [2.6117393110443, 44.83131246301], [2.6074714184, 44.824096540945], [2.5971356193221, 44.819510989142], [2.6013884128515, 44.807574409416], [2.5993613568997, 44.792806185507], [2.5865648469617, 44.783990021983], [2.5735477024072, 44.784962589937], [2.5627129322914, 44.775756861827], [2.5585893921439, 44.757924931793], [2.5516388576146, 44.750719684187], [2.5544909688881, 44.73964379349], [2.5519407104745, 44.732804630794], [2.556122557476, 44.721283990134], [2.5184594908124, 44.703480601801], [2.5188863490069, 44.699027751647], [2.4989152190022, 44.687020949858], [2.4875777637021, 44.666984218285], [2.4901340080947, 44.656773198157], [2.4831874702259, 44.650342597738], [2.4689992507151, 44.649641593651], [2.4680389011889, 44.642888409527], [2.4521635947204, 44.648220759561], [2.435000853128, 44.638874930003], [2.4055217700154, 44.647179554811], [2.397445965387, 44.646186044198], [2.3782230201151, 44.650161602045], [2.3659976814652, 44.641342211431], [2.3485386057121, 44.641480228035], [2.3327786804308, 44.650617960529], [2.3365579816568, 44.661275985276], [2.3267908312388, 44.669693386939], [2.3045868091932, 44.662449015977], [2.2910368223518, 44.666581877606], [2.270930098105, 44.660401110765], [2.264931023707, 44.660757552111], [2.2508940527358, 44.651888047018], [2.2286252203003, 44.655106676519], [2.2084152778134, 44.643842310283], [2.214541909482, 44.627080806224], [2.2198705673093, 44.623646052351], [2.2074728028173, 44.61552895784], [2.1908059572226, 44.628252004845], [2.1694164789558, 44.638069782843], [2.1687595856936, 44.647386736712], [2.1740442827509, 44.653644834741], [2.1655660362222, 44.661375303382], [2.1791523780579, 44.674446124105], [2.1630322730753, 44.690215331586], [2.1552964923022, 44.70023944349], [2.1386637746726, 44.692880659597], [2.1301318075949, 44.698486086307], [2.1336852541707, 44.70956475715], [2.1479681938401, 44.723035803571], [2.1522238006118, 44.736723151663], [2.1534957604021, 44.753104006989], [2.1493997719958, 44.769790512407], [2.1667022088341, 44.772651831571], [2.1716374993124, 44.790027108976], [2.1652929430823, 44.799560342182], [2.1658208187006, 44.812904212621], [2.1398031019064, 44.823820670465], [2.1227770243941, 44.847633102732], [2.1165704984568, 44.850184202716], [2.0942097640089, 44.872012369152], [2.0837359232769, 44.887424173789], [2.0864901589829, 44.901079919432], [2.1081047030139, 44.910638688547], [2.0892278644094, 44.928560463933], [2.0786238601329, 44.932494333995], [2.0763195910268, 44.940561879615], [2.0806940542158, 44.953285983552], [2.0629079799591, 44.9765045515], [2.0766169639286, 44.978785623857], [2.0905743960003, 44.984665148518], [2.1003714972007, 44.983427469854], [2.1329815746739, 44.985516038406], [2.1381513494782, 44.992811832821], [2.1406414310588, 45.005858479694], [2.1168066989252, 45.02111434735], [2.1094104611066, 45.041521518867], [2.0993181256264, 45.047622806571], [2.0951568732001, 45.056033465741], [2.1037456940938, 45.065812421906], [2.1183646353816, 45.070379067781], [2.1298193059745, 45.078932414297], [2.1456535641311, 45.085592171697], [2.1717594845165, 45.081496802672], [2.1803618094732, 45.09734068898], [2.1794393252059, 45.109177492216], [2.1852692693185, 45.113998024195], [2.1787905007908, 45.136297935946], [2.1948369367108, 45.136027708871], [2.2115654221992, 45.14844827392], [2.2137008320653, 45.160189965969], [2.225397887065, 45.160336595328], [2.2335857511761, 45.167181650239], [2.2195874303098, 45.172114610573], [2.2011879889027, 45.181494229499], [2.1985478420586, 45.194408666334], [2.1905131897891, 45.20213434701], [2.1953636990438, 45.220851418291], [2.2249287044688, 45.241854962029], [2.2413408281325, 45.24942616212], [2.2387747025234, 45.260353952142], [2.245004874828, 45.267106520498], [2.2585683903144, 45.270220164439], [2.2617348470443, 45.28322143744], [2.2714111009736, 45.290154603854], [2.2800803441611, 45.287325615297], [2.2920696943683, 45.290569998093], [2.3073512042479, 45.312659714856], [2.3177397642658, 45.322963729764], [2.3504806858312, 45.327560923525], [2.3593793404283, 45.335790299537], [2.3513461420151, 45.348610937353], [2.3647790516305, 45.357919621969], [2.3629697029865, 45.378412337982], [2.3682726042671, 45.388621392102], [2.3644462766137, 45.395234506367], [2.3545525332951, 45.401398504646], [2.3500842175271, 45.409676058097], [2.3551307955913, 45.415027972839], [2.3782501191323, 45.414302210343], [2.3954865345645, 45.407322290365], [2.3982881363717, 45.400169538674], [2.4129045453324, 45.396651442056], [2.4226736731266, 45.397229870143], [2.441865995091, 45.384259395763], [2.4580813755781, 45.384827047932], [2.4734557788383, 45.38152628147], [2.4778316883062, 45.370410647653], [2.4857679741129, 45.378946887778], [2.5227321270438, 45.382084686424], [2.5262353366501, 45.389343818253], [2.5220338520841, 45.402237812322], [2.5159713869265, 45.403236533013], [2.4927584232596, 45.413842323437], [2.487471709413, 45.418842030111], [2.4955946696815, 45.44550416324], [2.5067704533992, 45.464065004968], [2.5084125130653, 45.478501516921], [2.5138913543334, 45.492347782226], [2.5089910453543, 45.500226403127], [2.5115199537568, 45.511153110817], [2.5203805740984, 45.520450992238], [2.5165205610225, 45.524032787608], [2.5163271748739, 45.55342839279], [2.5064679621685, 45.553444063405], [2.4909285469766, 45.560394087282], [2.4874305070125, 45.569384021272], [2.4725367701592, 45.580929716396], [2.4646251782029, 45.594410586781], [2.4653445128497, 45.600820150088], [2.4784344946797, 45.607911789419], [2.4790816386943, 45.62246233864], [2.4833880353068, 45.639303519147], [2.4897451626044, 45.642353692], [2.5011495345088, 45.638738876646], [2.5142980219448, 45.639528483879], [2.5249384159848, 45.657234455338], [2.5151301172176, 45.664284079976], [2.5129233228036, 45.6713335771], [2.5283596411119, 45.681924314977], [2.5268700649094, 45.694919495794], [2.5198739656449, 45.697052906827], [2.5183220391127, 45.712799669432], [2.4921294160933, 45.7376701128], [2.4846414659033, 45.748521466442], [2.4751529321011, 45.747688866007], [2.4547914690758, 45.761151249494], [2.4414259075117, 45.762378997013], [2.4341123429169, 45.769852817869], [2.4329800874586, 45.783888824912], [2.4274035046023, 45.794285013202], [2.4185991219253, 45.798475127769], [2.4006773662183, 45.817289546629], [2.388014020679, 45.827373168854], [2.4013447310476, 45.837577232244], [2.4265364620605, 45.834771343876], [2.436436952669, 45.846998827989], [2.4478280089908, 45.84581866569], [2.4425827259717, 45.863008040763], [2.4706137918202, 45.872335245229], [2.4797383951775, 45.864541357011], [2.4922279879729, 45.864029936278], [2.5099613389201, 45.88666598071], [2.5262086816167, 45.896727274022], [2.5376912527467, 45.900845994537], [2.5550056008106, 45.912509471984], [2.5415060022687, 45.921531781083], [2.5509536719711, 45.935761668247], [2.5516381183225, 45.941261078502], [2.5657173898648, 45.946856793309], [2.5651781859373, 45.95661981464], [2.5891875589674, 45.960437573506], [2.6107853057918, 45.971228071516], [2.6074695080176, 45.979108641029], [2.5944202186196, 45.989440975795], [2.6025059601172, 46.033461930485], [2.5716988273144, 46.048689825423], [2.5631828961231, 46.064609781776], [2.5570843667475, 46.069300275416], [2.5518715312783, 46.083457348801], [2.5518219731636, 46.103970633498], [2.5490488887945, 46.114075006608], [2.5582364865104, 46.130701979674], [2.5586220340193, 46.138326224613], [2.5653725529015, 46.143035759957], [2.5654816305578, 46.153967351319], [2.5607637153191, 46.155596225642], [2.5597996290957, 46.173366559433], [2.5431674609911, 46.175602605523], [2.5286290573702, 46.184894945309], [2.5280194815711, 46.195466990157], [2.5216954121117, 46.203035380932], [2.5215270201899, 46.21133367553], [2.5154284346668, 46.228012112114], [2.5163085117785, 46.239436870366], [2.489106418147, 46.248968644305], [2.4770972903349, 46.269361724579], [2.4789445821479, 46.281145991526], [2.4430263839161, 46.294995852237], [2.4309509758156, 46.291519676804], [2.421335782135, 46.284622030263], [2.4161017112175, 46.300056006693], [2.4204656768519, 46.310129656565], [2.4113176626179, 46.314094483732], [2.3918581379529, 46.329985164159], [2.3840641130619, 46.328908641081], [2.370482749419, 46.312629017475], [2.3549060485425, 46.325678438006], [2.3345821354246, 46.325320260055], [2.3230230944721, 46.329277448172], [2.3093794648902, 46.342006193666], [2.3027460023726, 46.354419802873], [2.313389172619, 46.356936451493], [2.3233383727294, 46.366525024524], [2.3371146519405, 46.366795923975], [2.3315900743858, 46.378176612964], [2.3154715753059, 46.375205741584], [2.2850442774167, 46.385857562809], [2.2804029533754, 46.410236476962], [2.2810437278384, 46.420403547753], [2.2857604795168, 46.453514664499], [2.3054693178764, 46.475428936804], [2.3166710404192, 46.468549195709], [2.3242884285484, 46.470978980874], [2.3298217389117, 46.479616607338], [2.3241785781947, 46.49036759012], [2.3520036091655, 46.512206845202], [2.3683002910262, 46.51843386298], [2.3884650716406, 46.518246292054], [2.4131644849466, 46.520301786364], [2.4266867789218, 46.526121661214], [2.4502811792897, 46.521935935452], [2.4685711377311, 46.526009632976], [2.4829275256976, 46.532694737487], [2.4969434776113, 46.533665788244], [2.4991226886431, 46.521292172555], [2.512426202843, 46.523880853474], [2.5201385391568, 46.530864132368], [2.5275313125159, 46.529030044988], [2.5366546066244, 46.519702557793], [2.5540275760751, 46.529387627047], [2.5724916070298, 46.533849645617], [2.5835051726425, 46.542741752192], [2.6149607060411, 46.553276455558], [2.60621930247, 46.565758488844], [2.6093779370947, 46.571328686404], [2.6045186165205, 46.579001838563], [2.6023203253116, 46.595164451357], [2.5815597567024, 46.593164438775], [2.5779519369239, 46.603788174773], [2.5691010154446, 46.609518978116], [2.5859628971047, 46.6142967727], [2.5852765586441, 46.622738638042], [2.5966478585977, 46.637215067759], [2.5895802639199, 46.648026747075], [2.5673899068872, 46.652347408754], [2.5721892884417, 46.659444642004], [2.5849748988646, 46.664165776546], [2.6050484721825, 46.668158037606], [2.6095979741835, 46.662840354764], [2.6246414896646, 46.657300692831], [2.6308613163993, 46.672294145791], [2.6215530530757, 46.678653259953], [2.6234039357923, 46.688702717854], [2.6313578708624, 46.690886867154], [2.6478858990075, 46.688908315282], [2.6547293011216, 46.696536792562], [2.6777927654584, 46.704612208045], [2.6881649904859, 46.720909610987], [2.7009209254283, 46.720959754269], [2.7049698717297, 46.739389993021], [2.7287214908144, 46.748308579779], [2.7372898083354, 46.743150242056], [2.7435704821949, 46.73008326729], [2.7567441474108, 46.724772483564], [2.7585207590938, 46.717748505775], [2.7744893811293, 46.718902897367], [2.787290827625, 46.728613960925], [2.8010724027789, 46.733722377214], [2.8276177034814, 46.735286079973], [2.8448121194469, 46.726844055458], [2.845419928846, 46.742855932849], [2.8612332862758, 46.754030340445], [2.8770157582915, 46.761468535881], [2.8761691440531, 46.768445733319], [2.9098049149944, 46.779347563944], [2.9081271826571, 46.787903599841], [2.9243754548552, 46.794523429403], [2.9378161550649, 46.795713700537], [2.9529591220769, 46.790999230159], [2.959918627937, 46.803872076205], [2.977801671991, 46.80377337386], [2.9895396276531, 46.799298294916], [3.0033551657685, 46.798122809815], [3.0175184994153, 46.799900698717], [3.0320629441459, 46.794909389217], [3.0368385012729, 46.784399457513], [3.0361449719957, 46.776351034743], [3.0490666680714, 46.758080742151], [3.0610780913415, 46.749849808096], [3.0839336875931, 46.737632194007], [3.1297797354937, 46.727201530755], [3.1631524413883, 46.693541123032], [3.1972601846791, 46.679928148065], [3.2155446436111, 46.682892755029], [3.2330363473519, 46.697017662903], [3.2551640362648, 46.706289026218], [3.2697959512206, 46.71674181988], [3.2988329664362, 46.713590484885], [3.3139651835149, 46.688751611332], [3.3467035850706, 46.684418162056], [3.3664449691016, 46.691259477216], [3.3754269760827, 46.699410803841], [3.3787310431309, 46.71134766179], [3.3877581200663, 46.714818365449], [3.4074108289121, 46.711510582242], [3.4341396009475, 46.711907843672], [3.4295672938027, 46.702504791218], [3.4329783660003, 46.693340026098], [3.4513122938683, 46.689900877873], [3.4535963621348, 46.681987883569], [3.4473385862025, 46.663554460402], [3.4572892729042, 46.651760006926], [3.4865354798384, 46.65380880583], [3.4871533162964, 46.658256156349], [3.5174930194471, 46.683185185586], [3.5300363962253, 46.688813284083], [3.5464728563281, 46.678292894912], [3.5543959772727, 46.684731744078], [3.5555591963708, 46.695741177165], [3.548207507912, 46.706166654281], [3.5503869458917, 46.715861095646], [3.5773137335153, 46.714852724197], [3.598000652576, 46.723983498355], [3.5971876767747, 46.728401657187], [3.5845515939144, 46.739382605418], [3.5806709648764, 46.752741235279], [3.5910525816638, 46.762426406979], [3.5977490685569, 46.76202889412], [3.6020398798222, 46.751247280578], [3.6201072037828, 46.754059565827], [3.6294223422648, 46.749456328005], [3.6225898833129, 46.740130866568], [3.6353341554133, 46.728514790806], [3.6381391050479, 46.722723829214], [3.637895263919, 46.707205199291], [3.6513931816228, 46.70282167235], [3.6554716665381, 46.687748401639], [3.6801004977635, 46.66852089269], [3.6969575528098, 46.660583034448], [3.699679505, 46.651867135799], [3.7121523238188, 46.633631635674], [3.7227091007956, 46.627609885471], [3.7230250098493, 46.622072726143], [3.7138737202882, 46.613995279712], [3.7176467323502, 46.605806262315], [3.7323776901235, 46.604907119963], [3.7432893129951, 46.567565263244], [3.7406549316466, 46.559049395025], [3.73154117491, 46.549578224034], [3.7418443310505, 46.539508443385], [3.7546629110025, 46.536019887064], [3.7656008328403, 46.537908481562], [3.7878963661806, 46.528042650186], [3.8017563839321, 46.519902255804], [3.8113440515561, 46.520138117834], [3.8176755382384, 46.525229454055], [3.8340033360184, 46.531134997034], [3.8464630176371, 46.524356398489], [3.8397556873666, 46.517562051932], [3.8494709455035, 46.513023833485], [3.8600251576626, 46.515222323315], [3.8646271424558, 46.509717077517], [3.860387224324, 46.495601253328], [3.8649127119961, 46.489736338385], [3.8904665810402, 46.481246458453], [3.896985633842, 46.481471942919], [3.9013529089878, 46.490636303507], [3.9189702450008, 46.496061208045], [3.9375764836594, 46.49076190287], [3.9496133283036, 46.492478893726], [3.9579376111726, 46.489753821104], [3.9520867242123, 46.481423383561], [3.9565931687991, 46.47688226209], [3.9730562040646, 46.477457398934], [3.9980402829299, 46.465463980924], [4.0015415164833, 46.458618151559], [3.997444424826, 46.450264670788], [4.0055701432229, 46.443531306791], [3.9881422985694, 46.435461575775], [3.9956151474212, 46.4286940195], [3.9844480228975, 46.416663389961], [3.9886970251491, 46.408772224942], [3.9772206054151, 46.399220047306], [3.9842615206377, 46.378286038678], [3.9916043062641, 46.369630419679], [3.9886640376734, 46.360561403255], [3.9847410554074, 46.32973022678], [3.9974052217542, 46.323291087799], [3.9866271252361, 46.319195576966], [3.9481286581435, 46.31979164002], [3.9477193967384, 46.303444864233], [3.942781911555, 46.298925500612], [3.9300977722843, 46.295820251472], [3.9135709840696, 46.296680727045], [3.8974208259956, 46.291460834216], [3.8912386850317, 46.28524616424], [3.899538631706, 46.275908099459], [3.9055127902449, 46.271596707683], [3.908821904601, 46.260346940334], [3.9076581109201, 46.242456213516], [3.8966112073781, 46.2371189424], [3.8981917464837, 46.226659321125], [3.890130972164, 46.214487049905], [3.9135693350409, 46.206918558033], [3.9179891232598, 46.202853033545], [3.933514918779, 46.206414377073], [3.9725466394127, 46.202707514639], [3.9728332574833, 46.193862543845], [3.9817823975359, 46.17634098728], [3.9887880883959, 46.169805261207], [4.0308840440337, 46.171882539683], [4.051960198465, 46.181690186415], [4.0614051962048, 46.188789802443], [4.0716672927165, 46.18807123789], [4.0908839436933, 46.192837097346], [4.1040867377072, 46.198391359055], [4.1324158349304, 46.177826358374], [4.1660889760454, 46.172928033288], [4.1884438149961, 46.175128955988], [4.1854551738783, 46.190162130834], [4.207903434232, 46.194833150686], [4.2246872961743, 46.177995338767], [4.2335294499164, 46.180026926884], [4.2423584224526, 46.188830459357], [4.2525000565082, 46.187922148658], [4.2610250986037, 46.178754364444], [4.2518988744775, 46.167097935374], [4.2520302327293, 46.157916681311], [4.2824944900944, 46.156946471815], [4.2952828837852, 46.172250410112], [4.3035807058325, 46.17426655994], [4.3157416420975, 46.172029804364], [4.3270887031684, 46.184790131282], [4.3357117653558, 46.181398292861], [4.3450682105084, 46.187441862916], [4.3648481141165, 46.183579311067], [4.3706868166882, 46.191620039558], [4.3631781812533, 46.200537276046], [4.3774743279046, 46.21020246009], [4.3893979878582, 46.213601360996], [4.3880744564659, 46.219790380732], [4.388291015925, 46.247956431405], [4.3920466116785, 46.263026545141], [4.4058135314858, 46.296057806589], [4.4218715520166, 46.294954263085], [4.4272337977412, 46.302730717527], [4.4397213287914, 46.293184568466], [4.4583704273073, 46.296976724079], [4.4765696377244, 46.284237867232], [4.488465816487, 46.287994462282], [4.5039940949336, 46.267132463094], [4.5372643385622, 46.269911483268], [4.5464477974735, 46.27391839397], [4.5480762222411, 46.282864938182], [4.5577956308141, 46.294551640092], [4.5698487572768, 46.293352201901], [4.5726687726239, 46.277139335718], [4.5865068000033, 46.268694622582], [4.6185580580588, 46.264793895574], [4.6220235259619, 46.270079226484], [4.6183224944202, 46.282440402941], [4.6314517777677, 46.289015276562], [4.6352614072065, 46.299289507242], [4.6546591822967, 46.303484822155], [4.6693820675804, 46.297910092985], [4.6794340760587, 46.303994122044], [4.6931098569714, 46.302197476983], [4.694515991108, 46.292672565821], [4.7075411259083, 46.284660070276], [4.7076872577415, 46.269647917424], [4.6878811178807, 46.265311972919], [4.6795502516132, 46.258666565339], [4.6883618181605, 46.25011389523], [4.7028290155173, 46.251330439429], [4.7357666167041, 46.234244688808], [4.7326605831699, 46.227019799221], [4.7206237625559, 46.222390986056], [4.7356928657613, 46.211923783014], [4.72266470068, 46.202320489849], [4.7243706747794, 46.184304976244], [4.7305257874621, 46.178368585861], [4.7597597705914, 46.172840600415], [4.7608053446831, 46.175968780182], [4.7802082627383, 46.176676203678], [4.7802430578135, 46.189052363162], [4.7933904888672, 46.204700104778], [4.7945859355866, 46.218311767171], [4.8077505003904, 46.236972415214], [4.8115552603184, 46.249932664612], [4.8109975376095, 46.259923276174], [4.8259515552341, 46.274785814873], [4.8332136171616, 46.300145048773], [4.8534210199043, 46.32990123356], [4.8514544831808, 46.356271094403], [4.8585287407096, 46.368018459572], [4.873839273104, 46.384668143424], [4.8882101486247, 46.402977057782], [4.8918151434404, 46.439918009678], [4.8992958191725, 46.450123277325], [4.9111172894635, 46.457732635494], [4.9157805036687, 46.465413333501], [4.9155507621799, 46.488939443669], [4.9257189717408, 46.497441604339], [4.9314208893674, 46.509211481378], [4.9400218107181, 46.517199374492], [4.9491021767105, 46.501380502462], [4.9645994700407, 46.513175985923], [4.9835496952255, 46.515392507897], [5.011007749262, 46.510294840159], [5.0141793460298, 46.500587565063], [5.0523715346281, 46.484873791529], [5.0700061667722, 46.485667291269], [5.0989387475854, 46.497166675779], [5.10737201939, 46.491919458253], [5.1152051358154, 46.494069043579], [5.141950046447, 46.508357328146], [5.1664495124354, 46.505590616989], [5.1667923612572, 46.514674866375], [5.1815968667213, 46.509758803783], [5.2011399666188, 46.508211405762], [5.2066353369633, 46.48639795185], [5.2130427939332, 46.481261974235], [5.2150628404089, 46.468359298393], [5.2255477233319, 46.468273543404], [5.2350290009581, 46.457948870166], [5.2468319237306, 46.459403653865], [5.2545935888787, 46.454117831184], [5.2759250637615, 46.4481213263], [5.3105633704742, 46.446769968334], [5.3194882695109, 46.430803499916], [5.308978572395, 46.424532251303], [5.3076872001929, 46.416819197974], [5.3147703161373, 46.40947618293], [5.331272401231, 46.399499315198], [5.3525084400185, 46.397586033829], [5.3552221284773, 46.39375452396], [5.3770431289975, 46.381355482485], [5.362996992744, 46.370926983475], [5.3770544086974, 46.364113395825], [5.3734648101425, 46.352234450451], [5.3819165667023, 46.345255630996], [5.3992759574473, 46.339521371463], [5.4042931339536, 46.332813029221], [5.4046508439018, 46.310338173994], [5.4102335548466, 46.30910668308], [5.4170861726833, 46.339534237431], [5.4278984240109, 46.342210714821], [5.4377949533958, 46.315109371064], [5.4669175767252, 46.323267248222], [5.4753005499335, 46.315382606424], [5.4674037740958, 46.295566233017], [5.4595129521644, 46.290471994825], [5.4568426743662, 46.274473574235], [5.4730515403718, 46.265066548043], [5.4995891133957, 46.268200455579], [5.5129432911698, 46.264539612518], [5.5420340189851, 46.270203795698], [5.5581274576637, 46.282173642648], [5.5663641424008, 46.294050213862], [5.5855011829326, 46.292557783319], [5.59838931795, 46.298445925032], [5.610460815624, 46.324211378495], [5.6176441912887, 46.329091983869], [5.6305151249665, 46.330204693001], [5.6419584041921, 46.342028332374], [5.6493445080392, 46.339494512081], [5.6529045876259, 46.323214774673], [5.6684418272398, 46.324369189279], [5.6833466019044, 46.316276892818], [5.6845768021754, 46.310927537001], [5.714721806193, 46.308772354673], [5.7192939761881, 46.293462363342], [5.7160491956243, 46.279915646538], [5.720112401844, 46.265870062788], [5.7251818400017, 46.260731935709], [5.7459179055539, 46.266368533117], [5.7656471814788, 46.268294754652], [5.8212837267024, 46.262094109034], [5.8498475590074, 46.262067170418], [5.8643332109856, 46.271208875005], [5.8702488945181, 46.265305590806], [5.8791206347196, 46.269936490689], [5.8946251190123, 46.286607913138], [5.9089357776791, 46.283950786541], [5.9185184907402, 46.307199659115], [5.9259040835744, 46.313765646046], [5.9414094008927, 46.309446510031], [5.9535602724875, 46.326531457174], [5.9729173069373, 46.346856233903], [5.9868463201736, 46.364869353266], [6.0106565375389, 46.374508650286], [6.0295137846375, 46.38681604791], [6.0480752195777, 46.405125490757], [6.0551820813125, 46.414801045991], [6.064005627331, 46.416222559892], [6.0981978560935, 46.40879028923], [6.1036883616715, 46.401582285672], [6.1185950336377, 46.396898818592], [6.1361111289261, 46.387666375676], [6.1475847015617, 46.379107190355], [6.1613607860611, 46.375593565193], [6.1697363568789, 46.367935207296], [6.1593091645661, 46.357523011537], [6.1487581545338, 46.342474971902], [6.1390806928978, 46.339163368564], [6.1378901936654, 46.333067215087], [6.1195873808544, 46.308278314384], [6.1193736282587, 46.294908886937], [6.1026435450234, 46.285062924822], [6.1039528249604, 46.279569729649], [6.115111632378, 46.266272590393], [6.1201369325078, 46.264754303732], [6.1242461802512, 46.251015651206], [6.1092500751152, 46.23976163763], [6.1017586374755, 46.237488846141], [6.0881868913623, 46.246811272397], [6.0696791670011, 46.241028403834], [6.0634398141038, 46.245647436254], [6.0450945249842, 46.231703564592], [6.0331263207186, 46.23799437917], [6.017063845784, 46.23176216947], [6.0072895259931, 46.22536977425], [5.9717812659904, 46.211519488185], [5.9636784095618, 46.196964390659], [5.9921631932798, 46.186617405804], [5.9952918547587, 46.18299442988], [5.9832528438156, 46.171486546085], [5.9560670913359, 46.132090234706], [5.9738400143027, 46.131738683687], [5.985316810497, 46.143308955951], [6.0154641822919, 46.14263396477], [6.0325422068392, 46.138442041928], [6.0455233066288, 46.139907692935], [6.0520405063454, 46.151402707103], [6.0749307059736, 46.148890032198], [6.0924619318286, 46.151762719587], [6.0992749757816, 46.144011566226], [6.1212014573294, 46.142667449845], [6.1266206934256, 46.140460017961], [6.1449190514584, 46.144832823407], [6.1521154179752, 46.151723946513], [6.1750725341517, 46.158152598893], [6.1882037288084, 46.168463284904], [6.1859715813532, 46.17817796673], [6.2142469629058, 46.193786616278], [6.2320741324515, 46.205470235677], [6.2517782250825, 46.207041486005], [6.2773739792759, 46.215611853153], [6.2956514854587, 46.226054581929], [6.3101113416345, 46.243699660222], [6.3085403196879, 46.255105885559], [6.2846173713146, 46.255153793328], [6.2676297299719, 46.247839951429], [6.2489222724698, 46.263081361726], [6.2377992707926, 46.27733692078], [6.2416291134625, 46.284546843215], [6.2510763599071, 46.287643543433], [6.2479330373852, 46.306039208714], [6.2579242025762, 46.321777857151], [6.2799144692268, 46.351093458251], [6.2941843558993, 46.360850723006], [6.3151995925349, 46.368778204186], [6.3269980708935, 46.371129282074], [6.3446806034485, 46.370015245292], [6.3622839851983, 46.347951295821], [6.3900333913921, 46.340163012448], [6.3983362100039, 46.349291951337], [6.4115883259384, 46.358394900258], [6.4285826466732, 46.359525351148], [6.4690640820175, 46.372614566115], [6.4803914973041, 46.379314208071], [6.4828511368319, 46.391927295245], [6.4923970036831, 46.398425207982], [6.5090399003785, 46.404031878903], [6.5205788239548, 46.404192806741], [6.5451764296884, 46.394724620294], [6.5635602532757, 46.398365633599], [6.6350579346881, 46.405772458657], [6.6573993573272, 46.404992488925], [6.6926864378952, 46.408081546332], [6.7228648390107, 46.407550427288], [6.7575049437368, 46.402602205639], [6.7602536639409, 46.400376898866], [6.7956711769373, 46.393088744604], [6.8048287544258, 46.393585002703], [6.8062164014005, 46.380373005422], [6.7939579093873, 46.368622978764], [6.7725993243998, 46.361732287023], [6.770609037987, 46.35489449301], [6.7826406405392, 46.336879446577], [6.7981214712964, 46.330137581736], [6.7999297623371, 46.320468909994], [6.8066438150253, 46.320654870777], [6.8256057085651, 46.310849078308], [6.8373080183838, 46.2966869808], [6.8498971155566, 46.290147597499], [6.8589051093538, 46.29059983934], [6.8645108313675, 46.282986228855], [6.8538982253794, 46.253760812247], [6.8434127149042, 46.248726167204], [6.8337455798703, 46.237035791813], [6.8216770780521, 46.227691939843], [6.8036633001539, 46.204343363963], [6.811228200568, 46.185029674216], [6.8042020707473, 46.172106439303], [6.7919797022783, 46.162225177301], [6.7903942029832, 46.154717927724], [6.7985330883924, 46.136103390553], [6.8147295130574, 46.129695648917], [6.8355075060867, 46.132440109797], [6.8517868611599, 46.126417177303], [6.889761788112, 46.124847684892], [6.8983839799267, 46.122561981532], [6.892714778239, 46.104316525882], [6.8838438298784, 46.095796864191], [6.8914506010215, 46.084495302772], [6.8900687536716, 46.076513214339], [6.8798946308492, 46.067793789027], [6.8726328572469, 46.052044575345], [6.8883272243818, 46.043120600357], [6.9085295179521, 46.050234188897], [6.9245114290077, 46.065194793319], [6.93736936958, 46.06456312426], [6.9357975763722, 46.0551192491], [6.9515100788266, 46.049953446394], [6.9629078952786, 46.030531973099], [6.9786083663027, 46.021144644415], [6.9846771340211, 46.006542009406], [6.9947247398586, 46.000742003948], [7.0036316590852, 46.000553586437], [7.0182519988272, 45.984185305283], [7.0182419263004, 45.975567599113], [7.00940894593, 45.9697604902], [7.0179746222284, 45.960347157061], [7.037615499193, 45.95430091758], [7.0371021493003, 45.941929380484], [7.0438913499404, 45.922087093613], [7.0218109199059, 45.916452271309], [7.0031479175286, 45.89782755209], [7.0033187238325, 45.882408678251], [6.9917249963735, 45.868198790757], [6.9716946211702, 45.867044015003], [6.9510356268261, 45.859535060133], [6.93960886416, 45.846732871084], [6.9230835545726, 45.847274071201], [6.9092120399646, 45.842522379483], [6.895098526216, 45.842600014196], [6.8821969778683, 45.849520488181], [6.873610959862, 45.845496843566], [6.8698438889527, 45.825642650285], [6.8538394187733, 45.837147031314], [6.8379652390991, 45.839496400234], [6.8180784499339, 45.834974269868], [6.8142564432708, 45.826836338335], [6.8039854950068, 45.815846165391], [6.8127223620905, 45.80801890935], [6.8115834715922, 45.798399188776], [6.8039839343781, 45.789307695607], [6.8025153780901, 45.778372017386], [6.8056204903279, 45.748466106619], [6.8163461892763, 45.739522550345], [6.8111853327597, 45.73065029663], [6.8291131566154, 45.702831040263], [6.8416918546486, 45.699758351852], [6.8477523743945, 45.689376465007], [6.8685964773289, 45.680965439806], [6.8902954111672, 45.677517341592], [6.902535284798, 45.680938868689], [6.9065054377295, 45.674559463369], [6.9021374596942, 45.663743226821], [6.916286202296, 45.660011360485], [6.9171852994011, 45.650736949397], [6.9346140944773, 45.647093928516], [6.9666799933754, 45.654063379324], [6.9781568498682, 45.645387517519], [7.0006916861839, 45.639899750138], [7.0010463175509, 45.634973208788], [6.9860084427011, 45.62249039449], [6.9855421261112, 45.611104948043], [6.9778473846393, 45.589884647121], [6.9806967751279, 45.583323625828], [6.9953839096018, 45.575637066048], [6.9902484226223, 45.561160964462], [6.9945093026684, 45.546677250256], [6.9915104141831, 45.531278684704], [7.0038437540042, 45.520940469575], [7.0003315139353, 45.504414498664], [7.0224771388388, 45.49654847936], [7.0520544291456, 45.496249516678], [7.0563572963814, 45.489623728606], [7.0458504949934, 45.478351199929], [7.0542268132495, 45.472184344708], [7.0694234895786, 45.473884402143], [7.0997838903912, 45.469437750641], [7.1014832194722, 45.453864029477], [7.1146156812434, 45.44172035079], [7.1135165884052, 45.434196485823], [7.133848390776, 45.426564709361], [7.1475131268884, 45.423992978267], [7.1568873923079, 45.417008078104], [7.1842712160815, 45.407484371382], [7.17760043192, 45.389026414715], [7.1631811300703, 45.381359810968], [7.1588996003487, 45.370751749811], [7.1616596669718, 45.362453596128], [7.1528797089116, 45.353816021836], [7.1377390432018, 45.350806280555], [7.1321131760816, 45.341125471296], [7.1347132782574, 45.331243465627], [7.1263435309097, 45.326945010527], [7.1106925788126, 45.326508796443], [7.1123728281041, 45.315170813723], [7.1191793002337, 45.306692568243], [7.1229875004603, 45.294328291286], [7.136423190274, 45.28079819697], [7.1320835823333, 45.266961258797], [7.1375927179634, 45.255692980709], [7.1255846631745, 45.244603122115], [7.110603877569, 45.246346626842], [7.1065115700157, 45.239258758095], [7.0854359176976, 45.225881604766], [7.0796007060118, 45.21424401107], [7.0673372003279, 45.210085201319], [7.051179744193, 45.225334821034], [7.0427614515596, 45.225313603097], [7.030358820074, 45.217845107982], [7.0199925125511, 45.215876575558], [7.0003751823587, 45.217602834471], [6.989138474737, 45.210260447293], [6.9687620809781, 45.208057678984], [6.9538358712227, 45.184628781446], [6.954195544259, 45.179612452986], [6.9429030634006, 45.176188730221], [6.9430641979885, 45.17091084008], [6.9302666782212, 45.170963141126], [6.9069600182339, 45.166613555832], [6.8916010947342, 45.167033325671], [6.8858238474503, 45.154195417179], [6.8975633895087, 45.143009081491], [6.894376782376, 45.137373356732], [6.8747634572978, 45.13563631718], [6.8498552798828, 45.127164544748], [6.8422856917908, 45.135528185554], [6.8122710919045, 45.148356968553], [6.8013961759487, 45.150083145112], [6.7796480661915, 45.158028591752], [6.7679412928181, 45.159739939943], [6.7498942015229, 45.142719026683], [6.7392628844294, 45.136771576844], [6.7270392227155, 45.138490660871], [6.7121080083373, 45.144648738816], [6.6862136559676, 45.139756066415], [6.6800685047784, 45.140123130573], [6.6739820186998, 45.129496472881], [6.6657100684593, 45.122605577556], [6.6299923020059, 45.109324963809], [6.6155462835465, 45.121477875934], [6.5906851893034, 45.119010630972], [6.5765291374542, 45.123092743765], [6.5630788445458, 45.11303936929], [6.556730767951, 45.104079390462], [6.5297109874994, 45.0985691169], [6.5104239586159, 45.108998029314], [6.4995275838537, 45.10159781596], [6.4812555476638, 45.094138953543], [6.4893378703322, 45.068353912844], [6.4862360357216, 45.056075754404], [6.4728883939578, 45.056011644618], [6.4535295918669, 45.051837207667], [6.4433986588263, 45.055077367768], [6.4385899722107, 45.06258734764], [6.4002434258614, 45.063261148419], [6.3939107242634, 45.0618177275], [6.365073385182, 45.071290490956], [6.3735310876429, 45.084151804143], [6.3629265157708, 45.104492035764], [6.3344836229796, 45.122836461323], [6.3312951655489, 45.118123866818], [6.3019155994585, 45.108954317068], [6.2862810761543, 45.110160822134], [6.275502630793, 45.115299423706], [6.2605698000566, 45.12684420383], [6.2544936755586, 45.120790168264], [6.2438305270389, 45.117298075856], [6.2293919345611, 45.108749945384], [6.2296723977867, 45.100589085615], [6.2358324302027, 45.087232804381], [6.2401205372094, 45.06771808518], [6.2200802599652, 45.065369735518], [6.2063284689408, 45.026782796498], [6.2039233205269, 45.012471073947], [6.2517609476002, 44.996700081455], [6.2696990840472, 44.998351365091], [6.2970615457571, 45.003365126963], [6.3182021615637, 45.003859362058], [6.3196573396763, 44.994552811249], [6.3148100239742, 44.980185922577], [6.3285012874077, 44.969714464603], [6.3229180108318, 44.953019839313], [6.3290046114892, 44.947315364095], [6.3588423781754, 44.941280796729], [6.3546140951868, 44.923593300625], [6.3581697523493, 44.893778946012], [6.3507779137165, 44.881204072575], [6.3553625022057, 44.854775353601], [6.3363165518362, 44.848370410548], [6.3192302042703, 44.85684625453], [6.302850434726, 44.873257969643], [6.2882129459689, 44.874030533685], [6.2677561761734, 44.86950109295], [6.2581706057376, 44.86248397325], [6.2505425682344, 44.852650516632], [6.2243745547304, 44.852494101643], [6.1963759402105, 44.858978334449], [6.1852192319643, 44.853991864943], [6.1684510585274, 44.852242761941], [6.1490188906075, 44.858169876067], [6.1362266704196, 44.864071820118], [6.1283556561161, 44.861901713563], [6.1166725017074, 44.849313192704], [6.1007058869493, 44.84257849233], [6.0965156572897, 44.837489421771], [6.0653153781591, 44.82268480473], [6.0563403817425, 44.815907431783], [6.0402065129253, 44.827867468677], [6.0302157011626, 44.838097758941], [6.0159331963205, 44.835485814051], [6.0048600553234, 44.820439050514], [5.9961657258664, 44.81787407617], [5.9781993713916, 44.818035522208], [5.9495216336669, 44.804527356596], [5.9537639530916, 44.799525853781], [5.9777793189449, 44.790983738721], [5.9801493330969, 44.781181602373], [5.9555147438847, 44.772449015839], [5.952471613503, 44.76214052281], [5.937984096823, 44.763046424986], [5.926812494728, 44.757135657325], [5.9152344231519, 44.754703072251], [5.900149637893, 44.758315310611], [5.8888310649581, 44.748803778249], [5.8794954997212, 44.747015345674], [5.8652264931802, 44.75155204943], [5.8503937497009, 44.750747373326], [5.8371577512142, 44.757677183301], [5.8270981940509, 44.759688387455], [5.8277714297865, 44.740086051546], [5.8177724444737, 44.730405199263], [5.8087945811456, 44.712101632921], [5.8014699513145, 44.706777613167], [5.8271099006445, 44.700288039663], [5.8294720463131, 44.692425284611], [5.8246351320469, 44.685278024621], [5.8064797515589, 44.677181975541], [5.790623681681, 44.653292905762], [5.7666311555846, 44.655266851559], [5.7539428619931, 44.662710867987], [5.748257168346, 44.655090844363], [5.7511047252626, 44.648611621404], [5.7360131774513, 44.649510358823], [5.7358025109287, 44.640415596891], [5.7260329075738, 44.639393999475], [5.6853621391431, 44.649596345809], [5.6593597358465, 44.650663453626], [5.6544567435058, 44.655393257217], [5.6417177024073, 44.65107732796], [5.6403729488497, 44.633825447345], [5.6496311179712, 44.617884606434], [5.6475161192881, 44.612808143065], [5.6274790368545, 44.594965971046], [5.6257986898421, 44.586275880643], [5.6070190339977, 44.568348424227], [5.5997980521304, 44.553941311612], [5.5972525723721, 44.543273639184], [5.6149927369414, 44.532817987531], [5.630802337654, 44.531597332459], [5.6531427146706, 44.514831250068], [5.6645041823511, 44.501894932126], [5.6526558596497, 44.499962952183], [5.6297876074114, 44.501187043038], [5.618123153083, 44.474812657295], [5.6036448321495, 44.465542446118], [5.5792007067241, 44.471686064395], [5.5703041972283, 44.476754841678], [5.5624010016641, 44.474853738869], [5.5447008857046, 44.482537575762], [5.5133416154223, 44.491125991349], [5.479877306738, 44.491243239804], [5.4735960069771, 44.498568843239], [5.4653894088793, 44.500459334817], [5.4569314822479, 44.496235778443], [5.463575747607, 44.480512627606], [5.4587312484193, 44.466142946772], [5.4640494490072, 44.457360043051], [5.4644276220352, 44.447890408205], [5.496803836369, 44.438493779503], [5.4936153322299, 44.428217653577], [5.4865672289608, 44.429310933518], [5.4764846044694, 44.419722107544], [5.4507590745848, 44.430873511581], [5.4338571063313, 44.433224179441], [5.4185330627929, 44.424944615913], [5.422756262532, 44.416770650479], [5.434309527365, 44.409479438419], [5.4430201938352, 44.391233871018], [5.4423608910239, 44.381659799255], [5.4351137570212, 44.37707693084], [5.4344154288602, 44.36962646376], [5.4629658844687, 44.367052180352], [5.4679488171996, 44.352676849629], [5.4824720338071, 44.349605960068], [5.4930701487957, 44.337173950444], [5.5135447821727, 44.347485508397], [5.5398634524253, 44.342637263297], [5.5373655887575, 44.333521248655], [5.5491114786402, 44.330396465555], [5.5738598675994, 44.333940368466], [5.5868917748447, 44.332226010325], [5.6171385399181, 44.332478533509], [5.6269152221035, 44.334764537726], [5.6315982014425, 44.32830571643], [5.6138324838557, 44.316139439714], [5.6079060792589, 44.306669558882], [5.6377527896773, 44.29968895608], [5.6332659808825, 44.282119871541], [5.6467811994158, 44.267088776629], [5.6752912853484, 44.275852112257], [5.6865615009091, 44.266921017987], [5.6753443584242, 44.258110993228], [5.6726438758953, 44.245665214395], [5.6813154432669, 44.232890979586], [5.6760207339785, 44.212146588276], [5.6864432188187, 44.197157935534], [5.6760358633349, 44.191428664539], [5.6515861240321, 44.189572730485], [5.6522929653271, 44.185411124162], [5.6436911140627, 44.172641360479], [5.6469586945897, 44.166287300205], [5.6626325073952, 44.16686426058], [5.6827091460673, 44.163217461898], [5.6786089032088, 44.146091300526], [5.6679496679388, 44.148873764468], [5.65770809672, 44.147529418679], [5.6311399737751, 44.150576623162], [5.6395945851702, 44.167581524], [5.6162160024561, 44.181069460057], [5.6020555143928, 44.191496296599], [5.5962058311559, 44.187648959302], [5.5761919645305, 44.188037035508], [5.5643706424911, 44.170901794193], [5.5829754941585, 44.157625987959], [5.5695065039633, 44.148099520416], [5.5513311325106, 44.149791971653], [5.5439848356077, 44.136389912148], [5.5329588653579, 44.130053463575], [5.5197573760784, 44.126616149895], [5.5048243383524, 44.116270397321], [5.4987864391759, 44.115716677493], [5.4547151332789, 44.119226133429], [5.4492512328028, 44.124591922526], [5.4472805287304, 44.135994708471], [5.4369459430348, 44.142812945214], [5.4357509062277, 44.152249650949], [5.3905234132549, 44.1534251894], [5.3832371388833, 44.155284811726], [5.3864765223646, 44.1769070133], [5.3830416498971, 44.198796138337], [5.3845269211658, 44.20104933819], [5.3540415690827, 44.213431973111], [5.336784174291, 44.20389269414], [5.3183111725222, 44.209869282984], [5.3037098672957, 44.206011143284], [5.2911909842134, 44.214933969307], [5.2565049248197, 44.230055506], [5.2404514324301, 44.230825507739], [5.2381459551442, 44.213233409548], [5.2046138867346, 44.215116852293], [5.1735074807317, 44.2219664549], [5.1548996659898, 44.230941470835], [5.1516592069293, 44.23772859876], [5.1615500254058, 44.245588822308], [5.1571364176122, 44.267225182448], [5.1474716753569, 44.269525185767], [5.1497309928727, 44.282086494235], [5.1672051148975, 44.292050008972], [5.1726899918655, 44.309391119528], [5.1664353137721, 44.314853482023], [5.1524172226752, 44.307683682999], [5.1546757377907, 44.301844910979], [5.1214657621262, 44.287480229186], [5.1078521429136, 44.280398126188], [5.0765144884036, 44.284084169033], [5.0605607254823, 44.308137131551], [5.0384946811178, 44.299637776655], [5.0218466033995, 44.295587171529], [5.0069116240356, 44.287554489231], [4.9814530758182, 44.284833474448], [4.9598922113805, 44.274192870866], [4.935492573713, 44.264314996193], [4.9175325402435, 44.260348620291], [4.9060631576886, 44.260294315057], [4.8961483935046, 44.264431155121], [4.8737563985909, 44.25925825523], [4.845368774508, 44.241470533268], [4.8266501157802, 44.228322408488], [4.814089831112, 44.232314781729], [4.8126620207402, 44.257716427139], [4.8052938582648, 44.268723026395], [4.8028804076615, 44.296593704504], [4.7991000020835, 44.303525444918], [4.7825467521402, 44.315582694107], [4.7622549890071, 44.325381622419], [4.7201274920268, 44.326711236709], [4.7130169314739, 44.320649375535], [4.6790253292764, 44.320490236187], [4.6506111734968, 44.329803148128], [4.653662160064, 44.297280366126]], [[4.8895301353902, 44.304153097826], [4.9221541568202, 44.308786460381], [4.9451171535381, 44.304930431589], [4.9592140611525, 44.300383345912], [4.9785833048477, 44.29746123871], [4.9872903058308, 44.293201871035], [4.9931295821934, 44.314275867797], [5.0133769832902, 44.326136687081], [5.0090024588591, 44.333764157861], [5.0232851187488, 44.345948323084], [5.0217054810597, 44.35674765583], [5.0270113166527, 44.362835272711], [5.0520104655825, 44.364657329845], [5.0715584929227, 44.377495636793], [5.0708829483659, 44.383226380932], [5.0450881649883, 44.38222013058], [5.033568721145, 44.391088844502], [5.0157545106617, 44.392767137778], [5.0133020500209, 44.405342926953], [5.0187537016752, 44.415979484324], [5.0010692090687, 44.412604850416], [4.9886124577738, 44.423200264487], [4.9786944339347, 44.423476108149], [4.9704375593477, 44.431367227183], [4.960461816094, 44.420048061058], [4.9185138149855, 44.407786865574], [4.9123797297803, 44.399635600585], [4.9117660520568, 44.387044638589], [4.9066213399272, 44.374101025322], [4.893168871015, 44.367875394193], [4.8906819005659, 44.359781959098], [4.8753963679389, 44.351439190756], [4.8796465016088, 44.345346527391], [4.8953267719183, 44.338062405104], [4.8881212108854, 44.331685388726], [4.8816338901906, 44.324867070891], [4.8898043773976, 44.314637092176], [4.8895301353902, 44.304153097826]]]}}, {"type": "Feature", "properties": {"region_name": "GRAND PARIS NORD & OUEST"}, "geometry": {"type": "Polygon", "coordinates": [[[2.1910712604347, 48.775122277406], [2.192317263511, 48.763285114137], [2.1820123672797, 48.757574558863], [2.1680122718546, 48.756836536461], [2.1605126243942, 48.752014252613], [2.1506777536849, 48.753710336104], [2.1384211955586, 48.74615342302], [2.1349745033773, 48.737136538566], [2.1118838344903, 48.73955835886], [2.0979976816391, 48.73436321985], [2.111168267855, 48.724231347633], [2.1103286614936, 48.71437841267], [2.0969343192737, 48.702748042418], [2.0978580418958, 48.694030740642], [2.0857970428575, 48.692525773326], [2.0822157938708, 48.68585446348], [2.0456604451446, 48.68756805233], [2.0376361003153, 48.680219226712], [2.0290327276387, 48.664236731798], [2.0281927750027, 48.657259334271], [2.0112162167678, 48.659775158953], [2.0129881452639, 48.647690003816], [2.0200083770792, 48.642090643692], [2.0359612070725, 48.641907744749], [2.034456506865, 48.632456487516], [2.0458818260422, 48.622732498273], [2.0602471726215, 48.617597733568], [2.0546695680501, 48.608729666136], [2.0345020728388, 48.603502290966], [2.0361244190883, 48.590748476784], [2.017226962458, 48.569459551945], [2.0175700627197, 48.557593755935], [1.999843911355, 48.555387687139], [1.9818197824217, 48.555550526577], [1.9630289819786, 48.560481876073], [1.9527665939994, 48.559466252882], [1.9378900456787, 48.562926567593], [1.9340616493117, 48.548106841763], [1.9674208443859, 48.533067716836], [1.9532944656762, 48.523736261273], [1.9368069560798, 48.500865304824], [1.9333793220099, 48.482145535364], [1.9149199821626, 48.473854999246], [1.9163409812792, 48.464861099393], [1.9221462784913, 48.457599361977], [1.9207376717625, 48.447750046159], [1.9065549813045, 48.445672344539], [1.9064076592587, 48.440146719021], [1.8774887068591, 48.440613561663], [1.8448630603718, 48.449360706547], [1.8363839553347, 48.466477806902], [1.8014512893542, 48.466086215218], [1.7963309289573, 48.484187938277], [1.7857092863217, 48.489936911612], [1.7906352036641, 48.497377315443], [1.7786170432038, 48.508131705459], [1.7757543018107, 48.527702827198], [1.7872423006556, 48.553746336139], [1.7674104287362, 48.559405546059], [1.765322855183, 48.569374568412], [1.7458629248393, 48.576137031624], [1.7368302606076, 48.572280930629], [1.7092486767776, 48.578026100992], [1.701983609829, 48.584999462088], [1.7178604312421, 48.606851120102], [1.7148984609516, 48.614392276576], [1.689422105099, 48.611536250362], [1.6793591385148, 48.618488989615], [1.6662229993646, 48.613704063337], [1.656339110342, 48.622053121145], [1.6582325680054, 48.627645882726], [1.6495606586096, 48.63227092599], [1.6515719070139, 48.638125076138], [1.64099001993, 48.643389970225], [1.6431906740267, 48.651291198129], [1.6298476379809, 48.648875085504], [1.6156160327829, 48.652789464959], [1.6024917313048, 48.663765432374], [1.6058633277913, 48.678762670696], [1.611774872468, 48.689473861848], [1.5823151457709, 48.696368116243], [1.5795403954022, 48.701811808781], [1.5948810579854, 48.709310708948], [1.5895382120501, 48.712468154974], [1.617804540369, 48.735942039093], [1.6264035004424, 48.748091646614], [1.6026875153092, 48.760486506237], [1.5849045861802, 48.763296867942], [1.5875973267999, 48.77360593191], [1.5803992974877, 48.777559499888], [1.5756742997058, 48.790504096814], [1.5834240899801, 48.807168828475], [1.5912058811372, 48.814866973865], [1.5837280523171, 48.832130726577], [1.5941817842602, 48.834218536506], [1.5951919881928, 48.839707334891], [1.5772727483959, 48.844358116549], [1.5815974879282, 48.854999853184], [1.5780393102494, 48.860864409827], [1.5666395741734, 48.866183647932], [1.5552126063723, 48.865075717505], [1.5462328761118, 48.872431616391], [1.5595079054893, 48.882055273516], [1.5572530066459, 48.891575743208], [1.5385235335514, 48.906685854091], [1.5417973746939, 48.91547990669], [1.5386177797921, 48.921794692396], [1.5241021875366, 48.924752145617], [1.5128954188837, 48.922585369837], [1.5090139983632, 48.936627464834], [1.5015266013113, 48.941051842112], [1.5010590902862, 48.952678048634], [1.4966058957223, 48.969344788938], [1.5155485568584, 48.976406187821], [1.5079088220123, 48.98376724437], [1.497416022081, 48.979551284823], [1.4770931932159, 48.978791319268], [1.4706099672547, 48.975306435494], [1.4609202371105, 48.986433838647], [1.4787512905862, 48.998884682872], [1.4721822976397, 49.018490972378], [1.4577570076778, 49.026294572016], [1.4579533584639, 49.03483279821], [1.4474286969633, 49.04518889808], [1.4472851104304, 49.053509472828], [1.4608012364168, 49.062739598254], [1.4848766880401, 49.0515451317], [1.5032944474047, 49.059098256736], [1.5116006058281, 49.074136193201], [1.5217716034178, 49.068546693163], [1.5494725491086, 49.072557881924], [1.5570743762242, 49.069620586462], [1.5747375500157, 49.078437534581], [1.6044866350314, 49.08303659502], [1.608798807603, 49.077894185227], [1.6233233619235, 49.086078404348], [1.6175344667245, 49.093996514155], [1.6470910019222, 49.124713530921], [1.655781502711, 49.130164014177], [1.6539225302112, 49.145440634177], [1.6643792614171, 49.153368483471], [1.6670168601861, 49.178613559023], [1.6769552220057, 49.202542812736], [1.6757423007191, 49.21186711807], [1.7040643483737, 49.229320472612], [1.7043588288241, 49.232197221792], [1.729662120604, 49.22919730317], [1.7341091784733, 49.221277890399], [1.7336823766846, 49.210958623685], [1.7230394537953, 49.20967924589], [1.7155761288215, 49.203118037941], [1.7258249045161, 49.195712707137], [1.7374357068856, 49.194603115202], [1.7421415990654, 49.180151725276], [1.7551705903258, 49.174545969477], [1.7775554860529, 49.184104883007], [1.7909791787819, 49.179854330047], [1.7954740881562, 49.18526277584], [1.8143979645085, 49.176162362964], [1.8265758315348, 49.179516758866], [1.8370818782543, 49.171698986367], [1.8455433838221, 49.169896687357], [1.877042152092, 49.171448857663], [1.8852348791181, 49.162636028533], [1.894536229716, 49.166040538631], [1.931476176782, 49.17416772145], [1.9480171420872, 49.170749195544], [1.9607171629873, 49.173517298241], [1.9734431640564, 49.18389441504], [1.996823915181, 49.176453415327], [2.0045021739488, 49.177609556506], [2.0217858750717, 49.188671770161], [2.0380917348167, 49.192136044555], [2.066842351201, 49.202860855132], [2.0808850919985, 49.209773929407], [2.0915398506152, 49.204360444701], [2.0968798927064, 49.189757147704], [2.1133369040576, 49.186543761789], [2.1327402600127, 49.191379169415], [2.1645707336419, 49.179671393215], [2.157743439339, 49.172599185593], [2.1642743368285, 49.166004802028], [2.1819527991076, 49.173675958457], [2.204958905762, 49.174316445929], [2.2186458815721, 49.180685270888], [2.2354095182703, 49.167035850124], [2.2163546658105, 49.154378017348], [2.2230049777895, 49.151869445673], [2.2524813607229, 49.152881479913], [2.2622091200851, 49.158297463054], [2.2695453788487, 49.156306628677], [2.2862682227562, 49.160277559835], [2.2888064839605, 49.170710377425], [2.2994229533516, 49.17583535835], [2.3011998615285, 49.183887047533], [2.3109304401404, 49.186404768181], [2.3222626753655, 49.180859736345], [2.3462625342946, 49.161815854345], [2.3592998527471, 49.147343950086], [2.370937678429, 49.159173609651], [2.383003341928, 49.155913004846], [2.3912847262891, 49.1493504084], [2.4153544805398, 49.151762413963], [2.4409039786288, 49.14580411257], [2.4354018020913, 49.133939040206], [2.4615068862157, 49.135936921998], [2.4817070713716, 49.126919463544], [2.4992321189629, 49.122269747269], [2.5020961933805, 49.118887475459], [2.4899295573932, 49.106359373937], [2.5310585957685, 49.099597191318], [2.5329944482474, 49.119245162084], [2.5408087122315, 49.122242313794], [2.5561550654469, 49.118627938332], [2.5520149054273, 49.113947081753], [2.5581755098966, 49.098381756011], [2.5786858654184, 49.091952842127], [2.5833038141204, 49.080706309944], [2.5905283926735, 49.079653961607], [2.5715472662178, 49.059825274601], [2.5741880306468, 49.054149235821], [2.5847224172596, 49.052600876728], [2.5882844530991, 49.046956449876], [2.573590385495, 49.043134042541], [2.5662405882259, 49.030110020073], [2.5476478248421, 49.023448531806], [2.5350135962143, 49.023809402045], [2.5378177402082, 49.016609544367], [2.5490471496408, 49.014720763277], [2.5530565519414, 49.009816202999], [2.5477767707755, 49.004873251062], [2.5322372193717, 49.005223735412], [2.5183558101117, 48.9894603436], [2.514763879623, 48.982255621303], [2.5004037138928, 48.97770409094], [2.4960054328348, 48.972719183153], [2.4673269472292, 48.964338344645], [2.4594885661379, 48.955049018342], [2.427263253996, 48.959221267075], [2.4073892851778, 48.956124752826], [2.3943172032158, 48.962558403369], [2.3845399502938, 48.970995811739], [2.3664463375656, 48.974178481395], [2.3536647251325, 48.965815537603], [2.3277204556376, 48.959659512979], [2.3061147975372, 48.96262002844], [2.2989606605183, 48.966304083093], [2.2882536989787, 48.958347222268], [2.2909694895753, 48.950965864655], [2.3269728001661, 48.945361349484], [2.3355682105858, 48.940679976956], [2.3363529889891, 48.932347933816], [2.3198186224138, 48.915937453257], [2.3137528853936, 48.914015216252], [2.3198871747441, 48.90045978209], [2.3851496429397, 48.902007785215], [2.394906293421, 48.898444039523], [2.3988455271816, 48.887109095072], [2.4132702557262, 48.872892145992], [2.4163411302989, 48.849233783552], [2.4122456125626, 48.834538914673], [2.4221386362435, 48.835797660955], [2.4281301699852, 48.841528392473], [2.447699326814, 48.844818443355], [2.4634383121686, 48.842089485269], [2.4675819883673, 48.833133318793], [2.4626960627524, 48.819059770564], [2.4384475102742, 48.818232447877], [2.406031823401, 48.827615470779], [2.3909392530738, 48.826078980076], [2.363946550191, 48.816314210034], [2.3318980606376, 48.817010929642], [2.3186962648686, 48.787997409568], [2.3258147798433, 48.781908297526], [2.3102224901101, 48.75695290327], [2.3207207141635, 48.74875804931], [2.3132939902039, 48.730280485815], [2.3038400608379, 48.72948996497], [2.2983820323129, 48.738637828397], [2.2802904545364, 48.733011078618], [2.274821276941, 48.740090859412], [2.2853936451259, 48.747508493238], [2.275033240625, 48.755288275593], [2.2593929492592, 48.761011671227], [2.2476645497167, 48.761102963541], [2.2329743918365, 48.766192980349], [2.2265538842831, 48.776101996393], [2.2099186754479, 48.769192527247], [2.1910712604347, 48.775122277406]]]}}, {"type": "Feature", "properties": {"region_name": "GRAND PARIS SUD & EST"}, "geometry": {"type": "Polygon", "coordinates": [[[2.2476645497167, 48.761102963541], [2.2593929492592, 48.761011671227], [2.275033240625, 48.755288275593], [2.2853936451259, 48.747508493238], [2.274821276941, 48.740090859412], [2.2802904545364, 48.733011078618], [2.2983820323129, 48.738637828397], [2.3038400608379, 48.72948996497], [2.3132939902039, 48.730280485815], [2.3207207141635, 48.74875804931], [2.3102224901101, 48.75695290327], [2.3258147798433, 48.781908297526], [2.3186962648686, 48.787997409568], [2.3318980606376, 48.817010929642], [2.363946550191, 48.816314210034], [2.3909392530738, 48.826078980076], [2.406031823401, 48.827615470779], [2.4384475102742, 48.818232447877], [2.4626960627524, 48.819059770564], [2.4675819883673, 48.833133318793], [2.4634383121686, 48.842089485269], [2.447699326814, 48.844818443355], [2.4281301699852, 48.841528392473], [2.4221386362435, 48.835797660955], [2.4122456125626, 48.834538914673], [2.4163411302989, 48.849233783552], [2.4132702557262, 48.872892145992], [2.3988455271816, 48.887109095072], [2.394906293421, 48.898444039523], [2.3851496429397, 48.902007785215], [2.3198871747441, 48.90045978209], [2.3137528853936, 48.914015216252], [2.3198186224138, 48.915937453257], [2.3363529889891, 48.932347933816], [2.3355682105858, 48.940679976956], [2.3269728001661, 48.945361349484], [2.2909694895753, 48.950965864655], [2.2882536989787, 48.958347222268], [2.2989606605183, 48.966304083093], [2.3061147975372, 48.96262002844], [2.3277204556376, 48.959659512979], [2.3536647251325, 48.965815537603], [2.3664463375656, 48.974178481395], [2.3845399502938, 48.970995811739], [2.3943172032158, 48.962558403369], [2.4073892851778, 48.956124752826], [2.427263253996, 48.959221267075], [2.4594885661379, 48.955049018342], [2.4673269472292, 48.964338344645], [2.4960054328348, 48.972719183153], [2.5004037138928, 48.97770409094], [2.514763879623, 48.982255621303], [2.5183558101117, 48.9894603436], [2.5322372193717, 49.005223735412], [2.5477767707755, 49.004873251062], [2.5530565519414, 49.009816202999], [2.5490471496408, 49.014720763277], [2.5378177402082, 49.016609544367], [2.5350135962143, 49.023809402045], [2.5476478248421, 49.023448531806], [2.5662405882259, 49.030110020073], [2.573590385495, 49.043134042541], [2.5882844530991, 49.046956449876], [2.5847224172596, 49.052600876728], [2.5741880306468, 49.054149235821], [2.5715472662178, 49.059825274601], [2.5905283926735, 49.079653961607], [2.6072121818235, 49.089061593648], [2.6103345312027, 49.09494039704], [2.6205306041593, 49.095141144665], [2.6332770991263, 49.108372635105], [2.6676934960697, 49.092495236068], [2.6848013380994, 49.081070149491], [2.6921954156417, 49.072098782916], [2.6909952426863, 49.066575827238], [2.7061794650059, 49.06530744517], [2.7204862280103, 49.074886920193], [2.7324165014354, 49.069856383944], [2.7350099332564, 49.060452516659], [2.7604244593128, 49.06296236294], [2.787073783912, 49.07527418833], [2.7918697099795, 49.090226188638], [2.8090528505052, 49.097537605404], [2.8198502647929, 49.087367188293], [2.8360889289489, 49.082987383853], [2.8451483788669, 49.084656494049], [2.8557424844029, 49.070260111043], [2.8662678657136, 49.070693981918], [2.8830747436616, 49.076071279686], [2.8949485303642, 49.077063202013], [2.9015078822282, 49.085373143453], [2.9174506912143, 49.079815930085], [2.9445842533756, 49.081604590578], [2.9704735929189, 49.088974001698], [2.9747449093505, 49.074788481937], [2.9879964190903, 49.072371853401], [2.9912365557999, 49.084010529465], [3.0085155423352, 49.091506561321], [3.0295246754031, 49.085932257529], [3.0327819280137, 49.089067566229], [3.0483557770377, 49.08631637936], [3.0573553400185, 49.093990044235], [3.0563165652026, 49.101913557338], [3.0718801833502, 49.11755332218], [3.0824299640326, 49.112379413059], [3.1019450875262, 49.108665530931], [3.1288977237115, 49.106712873662], [3.1495286898189, 49.100548046274], [3.1652303376546, 49.099653555336], [3.1568687392365, 49.086717381412], [3.1586170058803, 49.080495794822], [3.1686703252618, 49.076194127358], [3.1818447950388, 49.062073630984], [3.1821650688322, 49.052356876125], [3.1902026447151, 49.046494471584], [3.181201109614, 49.042312878135], [3.1765330296567, 49.030276306398], [3.1610292917102, 49.024224133711], [3.17167852308, 49.014125889695], [3.1836516708558, 49.011250532749], [3.2071647717724, 49.000687121653], [3.209314063913, 48.993783774365], [3.2291741613167, 48.988415153607], [3.2312127851282, 48.976752849115], [3.2441973984858, 48.976835025435], [3.2518324140274, 48.972363565032], [3.2571425774493, 48.95706258101], [3.2678473977393, 48.938330226813], [3.2845265117579, 48.940530948472], [3.3047535824542, 48.948766966256], [3.3128748032908, 48.933619620679], [3.3130772332366, 48.921215462331], [3.3302940034825, 48.908707002968], [3.3441215555428, 48.915424399696], [3.3535717935992, 48.915243105496], [3.3663458595763, 48.922834212302], [3.3722055688435, 48.921684863018], [3.3755045418202, 48.907223979388], [3.3690076856012, 48.893887842681], [3.3828118491401, 48.888743663179], [3.3804785922907, 48.874760520568], [3.3897420595655, 48.871208088242], [3.4058488876005, 48.875883179755], [3.4032208419263, 48.864690111949], [3.4209735309142, 48.863949992871], [3.4522351731222, 48.856295042236], [3.4453621334286, 48.843227318178], [3.4619058634763, 48.837795469902], [3.4704665824993, 48.850999590899], [3.4851833721947, 48.851910309574], [3.4895742506519, 48.839868156733], [3.4849684486637, 48.825009748881], [3.4872017702391, 48.815190371551], [3.4809287140503, 48.81218578416], [3.4703815627087, 48.8208976637], [3.4544121814945, 48.813840024336], [3.4321664968613, 48.812257770946], [3.4166176467147, 48.817828781451], [3.4041649646308, 48.80927626878], [3.4104778884203, 48.803943061752], [3.4412895824977, 48.800919300185], [3.442160723333, 48.784353883555], [3.4282111529646, 48.77948500421], [3.4094228096892, 48.783835572028], [3.4008409030783, 48.767256400859], [3.398657955437, 48.755599281994], [3.4129613380945, 48.753902050854], [3.4256695187547, 48.755689536249], [3.4358103469779, 48.753571711386], [3.440606129229, 48.738701946832], [3.4674670222781, 48.735224220894], [3.4643082791983, 48.707378088042], [3.4769690535178, 48.699355347111], [3.4658318000834, 48.68619250912], [3.4545564374114, 48.682119139778], [3.442691260176, 48.672503410154], [3.4408489379625, 48.66307286353], [3.4604317354595, 48.653009078358], [3.4531162175594, 48.633955984329], [3.4765733783329, 48.637329365265], [3.4881941587649, 48.644795887875], [3.5031842529874, 48.645682506087], [3.517498400146, 48.643365240313], [3.5190643678345, 48.633470112339], [3.54590310832, 48.62806547987], [3.555613758785, 48.620285576065], [3.5346181421224, 48.61035282902], [3.5038548704771, 48.604807329745], [3.5158639136582, 48.589782150903], [3.4975057114927, 48.589954752513], [3.4852747034173, 48.580426868353], [3.4733827141903, 48.576873863934], [3.4655215727904, 48.570484758136], [3.4722961348839, 48.564913176785], [3.4797700428722, 48.550623337178], [3.4796007670225, 48.544709319952], [3.4591848626137, 48.530740265696], [3.4382278519026, 48.52833381057], [3.4234477695307, 48.533559074894], [3.4142391071512, 48.533468273095], [3.4053967325678, 48.528014902933], [3.4239142947726, 48.514360214193], [3.4346387383078, 48.490251682592], [3.4203545971629, 48.491547248944], [3.3883584814447, 48.480409204068], [3.3964392758484, 48.463728690957], [3.4064837519344, 48.45245201333], [3.40356672054, 48.438738834692], [3.3969885214937, 48.434567766893], [3.3919585015834, 48.424317659764], [3.4118359218741, 48.421315638566], [3.4136232739227, 48.414339744235], [3.4220792964886, 48.413341016525], [3.4147888224632, 48.390268550005], [3.4020328168494, 48.389706108674], [3.3833174045242, 48.39970411104], [3.3672130286667, 48.394317453742], [3.3627847824483, 48.382576787133], [3.3651606301927, 48.372282482296], [3.3301099431753, 48.372120787109], [3.3093216217612, 48.376980286994], [3.3051586355523, 48.372876819681], [3.2823921646024, 48.377519839785], [3.2647767822592, 48.374621237382], [3.254386262298, 48.36502005161], [3.2328491246009, 48.370332895515], [3.2018505500023, 48.364015470529], [3.184946555144, 48.368130335436], [3.1796714598679, 48.375720974057], [3.1677335139977, 48.371858146235], [3.1398647131279, 48.372599662445], [3.1182555596676, 48.366787852825], [3.1034153439925, 48.349510589018], [3.0878411046476, 48.358744110403], [3.0605482162395, 48.357442256262], [3.0495229427782, 48.360116755131], [3.0374902381586, 48.343151149375], [3.0365741164856, 48.326028248436], [3.0158983096866, 48.307897241414], [3.0272557445779, 48.300368070976], [3.0204148507047, 48.293439730003], [3.0297705668286, 48.285841287403], [3.0249639004196, 48.27600913901], [3.0436326434308, 48.272020556142], [3.047565503762, 48.249696163103], [3.0314619630164, 48.248879164003], [3.0185660113854, 48.235192866522], [3.0189243879447, 48.231774581507], [3.0051596957479, 48.207665501246], [2.9889655342085, 48.209014778073], [2.9744704228122, 48.205550154363], [2.9695465243882, 48.193835497978], [2.9507427471906, 48.190202971569], [2.9347445709406, 48.178820824383], [2.9363157566366, 48.163391744884], [2.8680328112418, 48.156437148324], [2.8590064128033, 48.147350198136], [2.8411949308256, 48.137851473794], [2.8252530440464, 48.133557427837], [2.8208840113898, 48.129664483454], [2.800901925208, 48.133251589253], [2.7986329461926, 48.150165448323], [2.8099458960087, 48.161299706681], [2.7989459318842, 48.168273053171], [2.7801683123181, 48.167546718776], [2.7686108994112, 48.163611325806], [2.7462653547317, 48.163802955575], [2.7414632024764, 48.159773038474], [2.7535738017345, 48.15321134405], [2.7551942761197, 48.145652570311], [2.7291489796899, 48.139089867843], [2.706543037587, 48.124819235783], [2.6722231385896, 48.124202437622], [2.6634137701321, 48.122204261229], [2.6463713950461, 48.136008390021], [2.6397379446435, 48.138858805822], [2.6026896280919, 48.131484417095], [2.5775724874953, 48.132078323329], [2.570559954027, 48.140815681604], [2.5381145999136, 48.140650823762], [2.5215119811805, 48.127298388836], [2.4903125823631, 48.126606179474], [2.4648664700171, 48.129109351924], [2.4510870610062, 48.123458807719], [2.4442532323658, 48.131467936811], [2.4560832798883, 48.13581808329], [2.4783726996912, 48.156743847], [2.4832322969696, 48.164516406945], [2.5063243383023, 48.156437563961], [2.5168430223759, 48.166807571121], [2.5097551291606, 48.177877699501], [2.5129645377339, 48.192979126229], [2.5229439829919, 48.200517077101], [2.5141133764865, 48.214377652405], [2.5061863934974, 48.238532108957], [2.4866525872998, 48.240104494021], [2.4690928288345, 48.255276432625], [2.4501643446939, 48.250036886561], [2.4319323869166, 48.255142430662], [2.4237621901031, 48.260296420297], [2.4178314142956, 48.278395078542], [2.4231698173532, 48.289315551296], [2.4207604700518, 48.299253278858], [2.4048123966273, 48.314593139765], [2.4026629385658, 48.320717653248], [2.3968534009104, 48.314755298076], [2.3698159145392, 48.308674310979], [2.3401550939779, 48.320230117587], [2.3276948002521, 48.333053330653], [2.312593571187, 48.330803657009], [2.2954192911964, 48.30822244035], [2.2668923386489, 48.314682212687], [2.2535700132149, 48.300243238173], [2.2451518848313, 48.298393903395], [2.2494360700816, 48.314580917036], [2.2380428382036, 48.316370632568], [2.2463103911083, 48.329962148865], [2.2295923211201, 48.329229232055], [2.2239137900476, 48.336416239958], [2.2022520441218, 48.344598562828], [2.1982097691131, 48.337062877906], [2.185025102223, 48.32642865382], [2.1813553737363, 48.313746373001], [2.1690253806915, 48.312695907539], [2.1543896262247, 48.315910610694], [2.1557084788588, 48.304493813388], [2.1637483268763, 48.298436908006], [2.1361199958338, 48.299247999325], [2.1105944678389, 48.29694441258], [2.1137168991141, 48.307245161467], [2.1061680366894, 48.307635584746], [2.0815050149817, 48.293603520661], [2.0527138226636, 48.295470353999], [2.0493770399482, 48.289753273514], [2.0228447716486, 48.288080340461], [2.007237571012, 48.284688606385], [1.9940901445311, 48.286584124472], [1.9752915866555, 48.287202034779], [1.9666102219583, 48.295582043441], [1.959225976988, 48.308685064463], [1.9694413393402, 48.314231718094], [1.9744919508382, 48.323163720082], [1.9823432207772, 48.328312555088], [1.9749473035511, 48.335258065972], [1.9733953665973, 48.352974683353], [1.9868237281778, 48.362141015776], [1.9763108383484, 48.380270715947], [1.966381938603, 48.38158815854], [1.9765710225943, 48.399385315775], [1.9619541453882, 48.404321075988], [1.9427703207411, 48.405651458209], [1.9305611178719, 48.404126689728], [1.925889401548, 48.412741750651], [1.9378068315128, 48.426390003183], [1.9428970138616, 48.441083787001], [1.9331248410711, 48.442264032481], [1.9304234130097, 48.453403326926], [1.9221462784913, 48.457599361977], [1.9163409812792, 48.464861099393], [1.9149199821626, 48.473854999246], [1.9333793220099, 48.482145535364], [1.9368069560798, 48.500865304824], [1.9532944656762, 48.523736261273], [1.9674208443859, 48.533067716836], [1.9340616493117, 48.548106841763], [1.9378900456787, 48.562926567593], [1.9527665939994, 48.559466252882], [1.9630289819786, 48.560481876073], [1.9818197824217, 48.555550526577], [1.999843911355, 48.555387687139], [2.0175700627197, 48.557593755935], [2.017226962458, 48.569459551945], [2.0361244190883, 48.590748476784], [2.0345020728388, 48.603502290966], [2.0546695680501, 48.608729666136], [2.0602471726215, 48.617597733568], [2.0458818260422, 48.622732498273], [2.034456506865, 48.632456487516], [2.0359612070725, 48.641907744749], [2.0200083770792, 48.642090643692], [2.0129881452639, 48.647690003816], [2.0112162167678, 48.659775158953], [2.0281927750027, 48.657259334271], [2.0290327276387, 48.664236731798], [2.0376361003153, 48.680219226712], [2.0456604451446, 48.68756805233], [2.0822157938708, 48.68585446348], [2.0857970428575, 48.692525773326], [2.0978580418958, 48.694030740642], [2.0969343192737, 48.702748042418], [2.1103286614936, 48.71437841267], [2.111168267855, 48.724231347633], [2.0979976816391, 48.73436321985], [2.1118838344903, 48.73955835886], [2.1349745033773, 48.737136538566], [2.1384211955586, 48.74615342302], [2.1506777536849, 48.753710336104], [2.1605126243942, 48.752014252613], [2.1680122718546, 48.756836536461], [2.1820123672797, 48.757574558863], [2.192317263511, 48.763285114137], [2.1910712604347, 48.775122277406], [2.2099186754479, 48.769192527247], [2.2265538842831, 48.776101996393], [2.2329743918365, 48.766192980349], [2.2476645497167, 48.761102963541]]]}}]}